#-----------------------------------------------------------
# Vivado v2020.1 (64-bit)
# SW Build 2902540 on Wed May 27 19:54:49 MDT 2020
# IP Build 2902112 on Wed May 27 22:43:36 MDT 2020
# Start of session at: Mon Nov 11 10:43:47 2024
# Process ID: 28492
# Current directory: E:/FPGA/RISC-V/AX7010_2023.1-course_s1_fpga-18_ad9238_hdmi/auto_create_project
# Command line: vivado.exe -mode batch -source ad9238.tcl
# Log file: E:/FPGA/RISC-V/AX7010_2023.1-course_s1_fpga-18_ad9238_hdmi/auto_create_project/vivado.log
# Journal file: E:/FPGA/RISC-V/AX7010_2023.1-course_s1_fpga-18_ad9238_hdmi/auto_create_project\vivado.jou
#-----------------------------------------------------------
source ad9238.tcl
# set projname "vivado_ad9238"
# set Topname "top"
# set tclpath [pwd]
# cd ..
# set projpath [pwd]
# create_project -force $projname $projpath/$projname -part xc7z010clg400-1
# if {[string equal [get_filesets -quiet sources_1] ""]} {
#   create_fileset -srcset sources_1
# }
# file mkdir $projpath/$projname/$projname.srcs/sources_1/ip
# file mkdir $projpath/$projname/$projname.srcs/sources_1/new
# file mkdir $projpath/$projname/$projname.srcs/sources_1/bd
# if {[string equal [get_filesets -quiet constrs_1] ""]} {
#   create_fileset -constrset constrs_1
# }
# file mkdir $projpath/$projname/$projname.srcs/constrs_1/new
# if {[string equal [get_filesets -quiet sim_1] ""]} {
#   create_fileset -simset sim_1
# }
# file mkdir $projpath/$projname/$projname.srcs/sim_1/new
# set_property  ip_repo_paths  $tclpath/my_ip [current_project]
# update_ip_catalog
INFO: [IP_Flow 19-234] Refreshing IP repositories
INFO: [IP_Flow 19-1700] Loaded user IP repository 'e:/FPGA/RISC-V/AX7010_2023.1-course_s1_fpga-18_ad9238_hdmi/auto_create_project/my_ip'.
INFO: [IP_Flow 19-2313] Loaded Vivado IP repository 'D:/Vivado/Vivado/2020.1/data/ip'.
# create_ip -name rgb2dvi -vendor digilentinc.com -library ip -version 1.3 -module_name rgb2dvi_0
# generate_target {instantiation_template} [get_files $projpath/$projname/$projname.srcs/sources_1/ip/rgb2dvi_0/rgb2dvi_0.xci]
INFO: [IP_Flow 19-1686] Generating 'Instantiation Template' target for IP 'rgb2dvi_0'...
# create_ip -name clk_wiz -vendor xilinx.com -library ip -version 6.0 -module_name adc_pll
# set_property -dict [list \
#   CONFIG.CLKIN1_JITTER_PS {200.0} \
#   CONFIG.CLKOUT1_JITTER {234.462} \
#   CONFIG.CLKOUT1_PHASE_ERROR {233.132} \
#   CONFIG.CLKOUT1_REQUESTED_OUT_FREQ {65} \
#   CONFIG.MMCM_CLKFBOUT_MULT_F {40.625} \
#   CONFIG.MMCM_CLKIN1_PERIOD {20.000} \
#   CONFIG.MMCM_CLKIN2_PERIOD {10.0} \
#   CONFIG.MMCM_CLKOUT0_DIVIDE_F {15.625} \
#   CONFIG.MMCM_DIVCLK_DIVIDE {2} \
#   CONFIG.PRIM_IN_FREQ {50} \
#   CONFIG.PRIM_SOURCE {No_buffer} \
# ] [get_ips adc_pll]
# generate_target {instantiation_template} [get_files $projpath/$projname/$projname.srcs/sources_1/ip/adc_pll/adc_pll.xci]
INFO: [IP_Flow 19-1686] Generating 'Instantiation Template' target for IP 'adc_pll'...
# create_ip -name clk_wiz -vendor xilinx.com -library ip -version 6.0 -module_name video_pll
# set_property -dict [list \
#   CONFIG.CLKIN1_JITTER_PS {200.0} \
#   CONFIG.CLKOUT1_JITTER {462.435} \
#   CONFIG.CLKOUT1_PHASE_ERROR {610.813} \
#   CONFIG.CLKOUT1_REQUESTED_OUT_FREQ {74.25} \
#   CONFIG.CLKOUT2_JITTER {372.733} \
#   CONFIG.CLKOUT2_PHASE_ERROR {610.813} \
#   CONFIG.CLKOUT2_REQUESTED_OUT_FREQ {371.25} \
#   CONFIG.CLKOUT2_USED {true} \
#   CONFIG.MMCM_CLKFBOUT_MULT_F {59.375} \
#   CONFIG.MMCM_CLKIN1_PERIOD {20.000} \
#   CONFIG.MMCM_CLKIN2_PERIOD {10.0} \
#   CONFIG.MMCM_CLKOUT0_DIVIDE_F {10.000} \
#   CONFIG.MMCM_CLKOUT1_DIVIDE {2} \
#   CONFIG.MMCM_DIVCLK_DIVIDE {4} \
#   CONFIG.NUM_OUT_CLKS {2} \
#   CONFIG.PRIM_IN_FREQ {50} \
# ] [get_ips video_pll]
# generate_target {instantiation_template} [get_files $projpath/$projname/$projname.srcs/sources_1/ip/video_pll/video_pll.xci]
INFO: [IP_Flow 19-1686] Generating 'Instantiation Template' target for IP 'video_pll'...
# create_ip -name blk_mem_gen -vendor xilinx.com -library ip -version 8.4 -module_name dpram2048x8
# set_property -dict [list \
#   CONFIG.Memory_Type {Simple_Dual_Port_RAM} \
#   CONFIG.Register_PortB_Output_of_Memory_Primitives {false} \
#   CONFIG.Write_Depth_A {2048} \
#   CONFIG.Write_Width_A {8} \
# ] [get_ips dpram2048x8]
# generate_target {instantiation_template} [get_files $projpath/$projname/$projname.srcs/sources_1/ip/dpram2048x8/dpram2048x8.xci]
INFO: [IP_Flow 19-1686] Generating 'Instantiation Template' target for IP 'dpram2048x8'...
# add_files -fileset sources_1  -copy_to $projpath/$projname/$projname.srcs/sources_1/new -force -quiet [glob -nocomplain $tclpath/src/design/*.v]
# add_files -fileset sim_1  -copy_to $projpath/$projname/$projname.srcs/sim_1/new -force -quiet [glob -nocomplain $tclpath/src/testbench/*.v]
# add_files -fileset constrs_1  -copy_to $projpath/$projname/$projname.srcs/constrs_1/new -force -quiet [glob -nocomplain $tclpath/src/constraints/*.xdc]
# set_property top_file "/$projpath/$projname/$projname.srcs/sources_1/new/$Topname.v" [current_fileset]
# launch_runs synth_1 impl_1 -jobs 5
INFO: [IP_Flow 19-1686] Generating 'Synthesis' target for IP 'rgb2dvi_0'...
INFO: [IP_Flow 19-1686] Generating 'Synthesis' target for IP 'adc_pll'...
INFO: [IP_Flow 19-1686] Generating 'Implementation' target for IP 'adc_pll'...
INFO: [IP_Flow 19-1686] Generating 'Synthesis' target for IP 'video_pll'...
INFO: [IP_Flow 19-1686] Generating 'Implementation' target for IP 'video_pll'...
INFO: [IP_Flow 19-1686] Generating 'Synthesis' target for IP 'dpram2048x8'...
CRITICAL WARNING: [filemgmt 20-742] The top module "< Not Defined >" specified for this project can not be validated. The current project is using automatic hierarchy update mode, and hence a new suitable replacement top will be automatically selected. If this is not desired, please change the hierarchy update mode to one of the manual compile order modes first, and then set top to any desired value.
Resolution: To switch to manual update order go to the Sources view, right-click on any node in the hierarchy and in the context menu select: 'Hierarchy Update' option 'No Update' or run the following Tcl Command: set_property source_mgmt_mode None [current_project] (which is the Manual Compile Order mode).
[Mon Nov 11 10:44:11 2024] Launched rgb2dvi_0_synth_1, video_pll_synth_1, adc_pll_synth_1, dpram2048x8_synth_1, synth_1...
Run output will be captured here:
rgb2dvi_0_synth_1: E:/FPGA/RISC-V/AX7010_2023.1-course_s1_fpga-18_ad9238_hdmi/vivado_ad9238/vivado_ad9238.runs/rgb2dvi_0_synth_1/runme.log
video_pll_synth_1: E:/FPGA/RISC-V/AX7010_2023.1-course_s1_fpga-18_ad9238_hdmi/vivado_ad9238/vivado_ad9238.runs/video_pll_synth_1/runme.log
adc_pll_synth_1: E:/FPGA/RISC-V/AX7010_2023.1-course_s1_fpga-18_ad9238_hdmi/vivado_ad9238/vivado_ad9238.runs/adc_pll_synth_1/runme.log
dpram2048x8_synth_1: E:/FPGA/RISC-V/AX7010_2023.1-course_s1_fpga-18_ad9238_hdmi/vivado_ad9238/vivado_ad9238.runs/dpram2048x8_synth_1/runme.log
synth_1: E:/FPGA/RISC-V/AX7010_2023.1-course_s1_fpga-18_ad9238_hdmi/vivado_ad9238/vivado_ad9238.runs/synth_1/runme.log
[Mon Nov 11 10:44:11 2024] Launched synth_1, impl_1...
Run output will be captured here:
synth_1: E:/FPGA/RISC-V/AX7010_2023.1-course_s1_fpga-18_ad9238_hdmi/vivado_ad9238/vivado_ad9238.runs/synth_1/runme.log
impl_1: E:/FPGA/RISC-V/AX7010_2023.1-course_s1_fpga-18_ad9238_hdmi/vivado_ad9238/vivado_ad9238.runs/impl_1/runme.log
# wait_on_run synth_1
[Mon Nov 11 10:44:11 2024] Waiting for synth_1 to finish...

*** Running vivado
    with args -log top.vds -m64 -product Vivado -mode batch -messageDb vivado.pb -notrace -source top.tcl



****** Vivado v2020.1 (64-bit)
  **** SW Build 2902540 on Wed May 27 19:54:49 MDT 2020
  **** IP Build 2902112 on Wed May 27 22:43:36 MDT 2020
    ** Copyright 1986-2020 Xilinx, Inc. All Rights Reserved.

source top.tcl -notrace
INFO: [IP_Flow 19-234] Refreshing IP repositories
INFO: [IP_Flow 19-1700] Loaded user IP repository 'e:/FPGA/RISC-V/AX7010_2023.1-course_s1_fpga-18_ad9238_hdmi/auto_create_project/my_ip'.
INFO: [IP_Flow 19-2313] Loaded Vivado IP repository 'D:/Vivado/Vivado/2020.1/data/ip'.
WARNING: [IP_Flow 19-4995] The host OS only allows 260 characters in a normal path. The IP cache path is more than 80 characters. If you experience issues with IP caching, please consider changing the IP cache to a location with a shorter path. Alternately consider using the OS subst command to map part of the path to a drive letter. 
Current IP cache path is e:/FPGA/RISC-V/AX7010_2023.1-course_s1_fpga-18_ad9238_hdmi/vivado_ad9238/vivado_ad9238.cache/ip 
Command: synth_design -top top -part xc7z010clg400-1
Starting synth_design
Attempting to get a license for feature 'Synthesis' and/or device 'xc7z010'
INFO: [Common 17-349] Got license for feature 'Synthesis' and/or device 'xc7z010'
INFO: [Device 21-403] Loading part xc7z010clg400-1
INFO: [Synth 8-7079] Multithreading enabled for synth_design using a maximum of 2 processes.
INFO: [Synth 8-7078] Launching helper process for spawning children vivado processes
INFO: [Synth 8-7075] Helper process launched with PID 30420
---------------------------------------------------------------------------------
Starting RTL Elaboration : Time (s): cpu = 00:00:01 ; elapsed = 00:00:03 . Memory (MB): peak = 1029.906 ; gain = 0.000
---------------------------------------------------------------------------------
INFO: [Synth 8-6157] synthesizing module 'top' [E:/FPGA/RISC-V/AX7010_2023.1-course_s1_fpga-18_ad9238_hdmi/vivado_ad9238/vivado_ad9238.srcs/sources_1/new/top.v:29]
INFO: [Synth 8-6157] synthesizing module 'video_pll' [E:/FPGA/RISC-V/AX7010_2023.1-course_s1_fpga-18_ad9238_hdmi/vivado_ad9238/vivado_ad9238.runs/synth_1/.Xil/Vivado-27836-LAPTOP-C0SBPNAP/realtime/video_pll_stub.v:5]
INFO: [Synth 8-6155] done synthesizing module 'video_pll' (1#1) [E:/FPGA/RISC-V/AX7010_2023.1-course_s1_fpga-18_ad9238_hdmi/vivado_ad9238/vivado_ad9238.runs/synth_1/.Xil/Vivado-27836-LAPTOP-C0SBPNAP/realtime/video_pll_stub.v:5]
INFO: [Synth 8-6157] synthesizing module 'rgb2dvi_0' [E:/FPGA/RISC-V/AX7010_2023.1-course_s1_fpga-18_ad9238_hdmi/vivado_ad9238/vivado_ad9238.runs/synth_1/.Xil/Vivado-27836-LAPTOP-C0SBPNAP/realtime/rgb2dvi_0_stub.v:6]
INFO: [Synth 8-6155] done synthesizing module 'rgb2dvi_0' (2#1) [E:/FPGA/RISC-V/AX7010_2023.1-course_s1_fpga-18_ad9238_hdmi/vivado_ad9238/vivado_ad9238.runs/synth_1/.Xil/Vivado-27836-LAPTOP-C0SBPNAP/realtime/rgb2dvi_0_stub.v:6]
INFO: [Synth 8-6157] synthesizing module 'adc_pll' [E:/FPGA/RISC-V/AX7010_2023.1-course_s1_fpga-18_ad9238_hdmi/vivado_ad9238/vivado_ad9238.runs/synth_1/.Xil/Vivado-27836-LAPTOP-C0SBPNAP/realtime/adc_pll_stub.v:5]
INFO: [Synth 8-6155] done synthesizing module 'adc_pll' (3#1) [E:/FPGA/RISC-V/AX7010_2023.1-course_s1_fpga-18_ad9238_hdmi/vivado_ad9238/vivado_ad9238.runs/synth_1/.Xil/Vivado-27836-LAPTOP-C0SBPNAP/realtime/adc_pll_stub.v:5]
INFO: [Synth 8-6157] synthesizing module 'color_bar' [E:/FPGA/RISC-V/AX7010_2023.1-course_s1_fpga-18_ad9238_hdmi/vivado_ad9238/vivado_ad9238.srcs/sources_1/new/color_bar.v:33]
	Parameter H_ACTIVE bound to: 16'b0000010100000000 
	Parameter H_FP bound to: 16'b0000000001101110 
	Parameter H_SYNC bound to: 16'b0000000000101000 
	Parameter H_BP bound to: 16'b0000000011011100 
	Parameter V_ACTIVE bound to: 16'b0000001011010000 
	Parameter V_FP bound to: 16'b0000000000000101 
	Parameter V_SYNC bound to: 16'b0000000000000101 
	Parameter V_BP bound to: 16'b0000000000010100 
	Parameter HS_POL bound to: 1'b1 
	Parameter VS_POL bound to: 1'b1 
	Parameter H_TOTAL bound to: 16'b0000011001110010 
	Parameter V_TOTAL bound to: 16'b0000001011101110 
	Parameter WHITE_R bound to: 8'b11111111 
	Parameter WHITE_G bound to: 8'b11111111 
	Parameter WHITE_B bound to: 8'b11111111 
	Parameter YELLOW_R bound to: 8'b11111111 
	Parameter YELLOW_G bound to: 8'b11111111 
	Parameter YELLOW_B bound to: 8'b00000000 
	Parameter CYAN_R bound to: 8'b00000000 
	Parameter CYAN_G bound to: 8'b11111111 
	Parameter CYAN_B bound to: 8'b11111111 
	Parameter GREEN_R bound to: 8'b00000000 
	Parameter GREEN_G bound to: 8'b11111111 
	Parameter GREEN_B bound to: 8'b00000000 
	Parameter MAGENTA_R bound to: 8'b11111111 
	Parameter MAGENTA_G bound to: 8'b00000000 
	Parameter MAGENTA_B bound to: 8'b11111111 
	Parameter RED_R bound to: 8'b11111111 
	Parameter RED_G bound to: 8'b00000000 
	Parameter RED_B bound to: 8'b00000000 
	Parameter BLUE_R bound to: 8'b00000000 
	Parameter BLUE_G bound to: 8'b00000000 
	Parameter BLUE_B bound to: 8'b11111111 
	Parameter BLACK_R bound to: 8'b00000000 
	Parameter BLACK_G bound to: 8'b00000000 
	Parameter BLACK_B bound to: 8'b00000000 
INFO: [Synth 8-6155] done synthesizing module 'color_bar' (4#1) [E:/FPGA/RISC-V/AX7010_2023.1-course_s1_fpga-18_ad9238_hdmi/vivado_ad9238/vivado_ad9238.srcs/sources_1/new/color_bar.v:33]
INFO: [Synth 8-6157] synthesizing module 'grid_display' [E:/FPGA/RISC-V/AX7010_2023.1-course_s1_fpga-18_ad9238_hdmi/vivado_ad9238/vivado_ad9238.srcs/sources_1/new/grid_display.v:29]
INFO: [Synth 8-6157] synthesizing module 'timing_gen_xy' [E:/FPGA/RISC-V/AX7010_2023.1-course_s1_fpga-18_ad9238_hdmi/vivado_ad9238/vivado_ad9238.srcs/sources_1/new/timing_gen_xy.v:29]
INFO: [Synth 8-6155] done synthesizing module 'timing_gen_xy' (5#1) [E:/FPGA/RISC-V/AX7010_2023.1-course_s1_fpga-18_ad9238_hdmi/vivado_ad9238/vivado_ad9238.srcs/sources_1/new/timing_gen_xy.v:29]
INFO: [Synth 8-6155] done synthesizing module 'grid_display' (6#1) [E:/FPGA/RISC-V/AX7010_2023.1-course_s1_fpga-18_ad9238_hdmi/vivado_ad9238/vivado_ad9238.srcs/sources_1/new/grid_display.v:29]
INFO: [Synth 8-6157] synthesizing module 'ad9238_sample' [E:/FPGA/RISC-V/AX7010_2023.1-course_s1_fpga-18_ad9238_hdmi/vivado_ad9238/vivado_ad9238.srcs/sources_1/new/ad9238_sample.v:29]
	Parameter S_IDLE bound to: 0 - type: integer 
	Parameter S_SAMPLE bound to: 1 - type: integer 
	Parameter S_WAIT bound to: 2 - type: integer 
INFO: [Synth 8-6155] done synthesizing module 'ad9238_sample' (7#1) [E:/FPGA/RISC-V/AX7010_2023.1-course_s1_fpga-18_ad9238_hdmi/vivado_ad9238/vivado_ad9238.srcs/sources_1/new/ad9238_sample.v:29]
WARNING: [Synth 8-689] width (11) of port connection 'adc_buf_addr' does not match port width (12) of module 'ad9238_sample' [E:/FPGA/RISC-V/AX7010_2023.1-course_s1_fpga-18_ad9238_hdmi/vivado_ad9238/vivado_ad9238.srcs/sources_1/new/top.v:166]
WARNING: [Synth 8-689] width (11) of port connection 'adc_buf_addr' does not match port width (12) of module 'ad9238_sample' [E:/FPGA/RISC-V/AX7010_2023.1-course_s1_fpga-18_ad9238_hdmi/vivado_ad9238/vivado_ad9238.srcs/sources_1/new/top.v:174]
INFO: [Synth 8-6157] synthesizing module 'wav_display' [E:/FPGA/RISC-V/AX7010_2023.1-course_s1_fpga-18_ad9238_hdmi/vivado_ad9238/vivado_ad9238.srcs/sources_1/new/wav_display.v:29]
INFO: [Synth 8-6157] synthesizing module 'dpram2048x8' [E:/FPGA/RISC-V/AX7010_2023.1-course_s1_fpga-18_ad9238_hdmi/vivado_ad9238/vivado_ad9238.runs/synth_1/.Xil/Vivado-27836-LAPTOP-C0SBPNAP/realtime/dpram2048x8_stub.v:6]
INFO: [Synth 8-6155] done synthesizing module 'dpram2048x8' (8#1) [E:/FPGA/RISC-V/AX7010_2023.1-course_s1_fpga-18_ad9238_hdmi/vivado_ad9238/vivado_ad9238.runs/synth_1/.Xil/Vivado-27836-LAPTOP-C0SBPNAP/realtime/dpram2048x8_stub.v:6]
INFO: [Synth 8-6155] done synthesizing module 'wav_display' (9#1) [E:/FPGA/RISC-V/AX7010_2023.1-course_s1_fpga-18_ad9238_hdmi/vivado_ad9238/vivado_ad9238.srcs/sources_1/new/wav_display.v:29]
INFO: [Synth 8-6155] done synthesizing module 'top' (10#1) [E:/FPGA/RISC-V/AX7010_2023.1-course_s1_fpga-18_ad9238_hdmi/vivado_ad9238/vivado_ad9238.srcs/sources_1/new/top.v:29]
---------------------------------------------------------------------------------
Finished RTL Elaboration : Time (s): cpu = 00:00:01 ; elapsed = 00:00:04 . Memory (MB): peak = 1029.906 ; gain = 0.000
---------------------------------------------------------------------------------
---------------------------------------------------------------------------------
Start Handling Custom Attributes
---------------------------------------------------------------------------------
---------------------------------------------------------------------------------
Finished Handling Custom Attributes : Time (s): cpu = 00:00:01 ; elapsed = 00:00:04 . Memory (MB): peak = 1029.906 ; gain = 0.000
---------------------------------------------------------------------------------
---------------------------------------------------------------------------------
Finished RTL Optimization Phase 1 : Time (s): cpu = 00:00:01 ; elapsed = 00:00:04 . Memory (MB): peak = 1029.906 ; gain = 0.000
---------------------------------------------------------------------------------
Netlist sorting complete. Time (s): cpu = 00:00:00 ; elapsed = 00:00:00.012 . Memory (MB): peak = 1029.906 ; gain = 0.000
INFO: [Project 1-570] Preparing netlist for logic optimization

Processing XDC Constraints
Initializing timing engine
Parsing XDC File [e:/FPGA/RISC-V/AX7010_2023.1-course_s1_fpga-18_ad9238_hdmi/vivado_ad9238/vivado_ad9238.srcs/sources_1/ip/rgb2dvi_0/rgb2dvi_0/rgb2dvi_0_in_context.xdc] for cell 'rgb2dvi_m0'
WARNING: [Vivado 12-584] No ports matched ''. [e:/FPGA/RISC-V/AX7010_2023.1-course_s1_fpga-18_ad9238_hdmi/vivado_ad9238/vivado_ad9238.srcs/sources_1/ip/rgb2dvi_0/rgb2dvi_0/rgb2dvi_0_in_context.xdc:1]
Finished Parsing XDC File [e:/FPGA/RISC-V/AX7010_2023.1-course_s1_fpga-18_ad9238_hdmi/vivado_ad9238/vivado_ad9238.srcs/sources_1/ip/rgb2dvi_0/rgb2dvi_0/rgb2dvi_0_in_context.xdc] for cell 'rgb2dvi_m0'
Parsing XDC File [e:/FPGA/RISC-V/AX7010_2023.1-course_s1_fpga-18_ad9238_hdmi/vivado_ad9238/vivado_ad9238.srcs/sources_1/ip/video_pll/video_pll/video_pll_in_context.xdc] for cell 'video_pll_m0'
WARNING: [Vivado 12-584] No ports matched ''. [e:/FPGA/RISC-V/AX7010_2023.1-course_s1_fpga-18_ad9238_hdmi/vivado_ad9238/vivado_ad9238.srcs/sources_1/ip/video_pll/video_pll/video_pll_in_context.xdc:1]
WARNING: [Vivado 12-584] No ports matched ''. [e:/FPGA/RISC-V/AX7010_2023.1-course_s1_fpga-18_ad9238_hdmi/vivado_ad9238/vivado_ad9238.srcs/sources_1/ip/video_pll/video_pll/video_pll_in_context.xdc:4]
WARNING: [Vivado 12-584] No ports matched ''. [e:/FPGA/RISC-V/AX7010_2023.1-course_s1_fpga-18_ad9238_hdmi/vivado_ad9238/vivado_ad9238.srcs/sources_1/ip/video_pll/video_pll/video_pll_in_context.xdc:6]
Finished Parsing XDC File [e:/FPGA/RISC-V/AX7010_2023.1-course_s1_fpga-18_ad9238_hdmi/vivado_ad9238/vivado_ad9238.srcs/sources_1/ip/video_pll/video_pll/video_pll_in_context.xdc] for cell 'video_pll_m0'
Parsing XDC File [e:/FPGA/RISC-V/AX7010_2023.1-course_s1_fpga-18_ad9238_hdmi/vivado_ad9238/vivado_ad9238.srcs/sources_1/ip/adc_pll/adc_pll/adc_pll_in_context.xdc] for cell 'adc_pll_m0'
WARNING: [Vivado 12-584] No ports matched ''. [e:/FPGA/RISC-V/AX7010_2023.1-course_s1_fpga-18_ad9238_hdmi/vivado_ad9238/vivado_ad9238.srcs/sources_1/ip/adc_pll/adc_pll/adc_pll_in_context.xdc:2]
Finished Parsing XDC File [e:/FPGA/RISC-V/AX7010_2023.1-course_s1_fpga-18_ad9238_hdmi/vivado_ad9238/vivado_ad9238.srcs/sources_1/ip/adc_pll/adc_pll/adc_pll_in_context.xdc] for cell 'adc_pll_m0'
Parsing XDC File [e:/FPGA/RISC-V/AX7010_2023.1-course_s1_fpga-18_ad9238_hdmi/vivado_ad9238/vivado_ad9238.srcs/sources_1/ip/dpram2048x8/dpram2048x8/dpram2048x8_in_context.xdc] for cell 'wav_display_m0/buffer'
Finished Parsing XDC File [e:/FPGA/RISC-V/AX7010_2023.1-course_s1_fpga-18_ad9238_hdmi/vivado_ad9238/vivado_ad9238.srcs/sources_1/ip/dpram2048x8/dpram2048x8/dpram2048x8_in_context.xdc] for cell 'wav_display_m0/buffer'
Parsing XDC File [e:/FPGA/RISC-V/AX7010_2023.1-course_s1_fpga-18_ad9238_hdmi/vivado_ad9238/vivado_ad9238.srcs/sources_1/ip/dpram2048x8/dpram2048x8/dpram2048x8_in_context.xdc] for cell 'wav_display_m1/buffer'
Finished Parsing XDC File [e:/FPGA/RISC-V/AX7010_2023.1-course_s1_fpga-18_ad9238_hdmi/vivado_ad9238/vivado_ad9238.srcs/sources_1/ip/dpram2048x8/dpram2048x8/dpram2048x8_in_context.xdc] for cell 'wav_display_m1/buffer'
Parsing XDC File [E:/FPGA/RISC-V/AX7010_2023.1-course_s1_fpga-18_ad9238_hdmi/vivado_ad9238/vivado_ad9238.srcs/constrs_1/new/ad9238_hdmi.xdc]
WARNING: [Constraints 18-619] A clock with name 'sys_clk' already exists, overwriting the previous clock with the same name. [E:/FPGA/RISC-V/AX7010_2023.1-course_s1_fpga-18_ad9238_hdmi/vivado_ad9238/vivado_ad9238.srcs/constrs_1/new/ad9238_hdmi.xdc:2]
Finished Parsing XDC File [E:/FPGA/RISC-V/AX7010_2023.1-course_s1_fpga-18_ad9238_hdmi/vivado_ad9238/vivado_ad9238.srcs/constrs_1/new/ad9238_hdmi.xdc]
INFO: [Project 1-236] Implementation specific constraints were found while reading constraint file [E:/FPGA/RISC-V/AX7010_2023.1-course_s1_fpga-18_ad9238_hdmi/vivado_ad9238/vivado_ad9238.srcs/constrs_1/new/ad9238_hdmi.xdc]. These constraints will be ignored for synthesis but will be used in implementation. Impacted constraints are listed in the file [.Xil/top_propImpl.xdc].
Resolution: To avoid this warning, move constraints listed in [.Xil/top_propImpl.xdc] to another XDC file and exclude this new file from synthesis with the used_in_synthesis property (File Properties dialog in GUI) and re-run elaboration/synthesis.
Completed Processing XDC Constraints

Netlist sorting complete. Time (s): cpu = 00:00:00 ; elapsed = 00:00:00.001 . Memory (MB): peak = 1087.719 ; gain = 0.000
INFO: [Project 1-111] Unisim Transformation Summary:
No Unisim elements were transformed.

Constraint Validation Runtime : Time (s): cpu = 00:00:00 ; elapsed = 00:00:00.005 . Memory (MB): peak = 1087.719 ; gain = 0.000
WARNING: [Timing 38-316] Clock period '20.000' specified during out-of-context synthesis of instance 'wav_display_m0/buffer' at clock pin 'clka' is different from the actual clock period '15.385', this can lead to different synthesis results.
WARNING: [Timing 38-316] Clock period '20.000' specified during out-of-context synthesis of instance 'wav_display_m1/buffer' at clock pin 'clka' is different from the actual clock period '15.385', this can lead to different synthesis results.
---------------------------------------------------------------------------------
Finished Constraint Validation : Time (s): cpu = 00:00:02 ; elapsed = 00:00:08 . Memory (MB): peak = 1087.723 ; gain = 57.816
---------------------------------------------------------------------------------
---------------------------------------------------------------------------------
Start Loading Part and Timing Information
---------------------------------------------------------------------------------
Loading part: xc7z010clg400-1
---------------------------------------------------------------------------------
Finished Loading Part and Timing Information : Time (s): cpu = 00:00:02 ; elapsed = 00:00:08 . Memory (MB): peak = 1087.723 ; gain = 57.816
---------------------------------------------------------------------------------
---------------------------------------------------------------------------------
Start Applying 'set_property' XDC Constraints
---------------------------------------------------------------------------------
Applied set_property IO_BUFFER_TYPE = NONE for TMDS_clk_n. (constraint file  e:/FPGA/RISC-V/AX7010_2023.1-course_s1_fpga-18_ad9238_hdmi/vivado_ad9238/vivado_ad9238.srcs/sources_1/ip/rgb2dvi_0/rgb2dvi_0/rgb2dvi_0_in_context.xdc, line 3).
Applied set_property CLOCK_BUFFER_TYPE = NONE for TMDS_clk_n. (constraint file  e:/FPGA/RISC-V/AX7010_2023.1-course_s1_fpga-18_ad9238_hdmi/vivado_ad9238/vivado_ad9238.srcs/sources_1/ip/rgb2dvi_0/rgb2dvi_0/rgb2dvi_0_in_context.xdc, line 4).
Applied set_property IO_BUFFER_TYPE = NONE for TMDS_clk_p. (constraint file  e:/FPGA/RISC-V/AX7010_2023.1-course_s1_fpga-18_ad9238_hdmi/vivado_ad9238/vivado_ad9238.srcs/sources_1/ip/rgb2dvi_0/rgb2dvi_0/rgb2dvi_0_in_context.xdc, line 5).
Applied set_property CLOCK_BUFFER_TYPE = NONE for TMDS_clk_p. (constraint file  e:/FPGA/RISC-V/AX7010_2023.1-course_s1_fpga-18_ad9238_hdmi/vivado_ad9238/vivado_ad9238.srcs/sources_1/ip/rgb2dvi_0/rgb2dvi_0/rgb2dvi_0_in_context.xdc, line 6).
Applied set_property IO_BUFFER_TYPE = NONE for TMDS_data_n[0]. (constraint file  e:/FPGA/RISC-V/AX7010_2023.1-course_s1_fpga-18_ad9238_hdmi/vivado_ad9238/vivado_ad9238.srcs/sources_1/ip/rgb2dvi_0/rgb2dvi_0/rgb2dvi_0_in_context.xdc, line 7).
Applied set_property CLOCK_BUFFER_TYPE = NONE for TMDS_data_n[0]. (constraint file  e:/FPGA/RISC-V/AX7010_2023.1-course_s1_fpga-18_ad9238_hdmi/vivado_ad9238/vivado_ad9238.srcs/sources_1/ip/rgb2dvi_0/rgb2dvi_0/rgb2dvi_0_in_context.xdc, line 8).
Applied set_property IO_BUFFER_TYPE = NONE for TMDS_data_n[1]. (constraint file  e:/FPGA/RISC-V/AX7010_2023.1-course_s1_fpga-18_ad9238_hdmi/vivado_ad9238/vivado_ad9238.srcs/sources_1/ip/rgb2dvi_0/rgb2dvi_0/rgb2dvi_0_in_context.xdc, line 9).
Applied set_property CLOCK_BUFFER_TYPE = NONE for TMDS_data_n[1]. (constraint file  e:/FPGA/RISC-V/AX7010_2023.1-course_s1_fpga-18_ad9238_hdmi/vivado_ad9238/vivado_ad9238.srcs/sources_1/ip/rgb2dvi_0/rgb2dvi_0/rgb2dvi_0_in_context.xdc, line 10).
Applied set_property IO_BUFFER_TYPE = NONE for TMDS_data_n[2]. (constraint file  e:/FPGA/RISC-V/AX7010_2023.1-course_s1_fpga-18_ad9238_hdmi/vivado_ad9238/vivado_ad9238.srcs/sources_1/ip/rgb2dvi_0/rgb2dvi_0/rgb2dvi_0_in_context.xdc, line 11).
Applied set_property CLOCK_BUFFER_TYPE = NONE for TMDS_data_n[2]. (constraint file  e:/FPGA/RISC-V/AX7010_2023.1-course_s1_fpga-18_ad9238_hdmi/vivado_ad9238/vivado_ad9238.srcs/sources_1/ip/rgb2dvi_0/rgb2dvi_0/rgb2dvi_0_in_context.xdc, line 12).
Applied set_property IO_BUFFER_TYPE = NONE for TMDS_data_p[0]. (constraint file  e:/FPGA/RISC-V/AX7010_2023.1-course_s1_fpga-18_ad9238_hdmi/vivado_ad9238/vivado_ad9238.srcs/sources_1/ip/rgb2dvi_0/rgb2dvi_0/rgb2dvi_0_in_context.xdc, line 13).
Applied set_property CLOCK_BUFFER_TYPE = NONE for TMDS_data_p[0]. (constraint file  e:/FPGA/RISC-V/AX7010_2023.1-course_s1_fpga-18_ad9238_hdmi/vivado_ad9238/vivado_ad9238.srcs/sources_1/ip/rgb2dvi_0/rgb2dvi_0/rgb2dvi_0_in_context.xdc, line 14).
Applied set_property IO_BUFFER_TYPE = NONE for TMDS_data_p[1]. (constraint file  e:/FPGA/RISC-V/AX7010_2023.1-course_s1_fpga-18_ad9238_hdmi/vivado_ad9238/vivado_ad9238.srcs/sources_1/ip/rgb2dvi_0/rgb2dvi_0/rgb2dvi_0_in_context.xdc, line 15).
Applied set_property CLOCK_BUFFER_TYPE = NONE for TMDS_data_p[1]. (constraint file  e:/FPGA/RISC-V/AX7010_2023.1-course_s1_fpga-18_ad9238_hdmi/vivado_ad9238/vivado_ad9238.srcs/sources_1/ip/rgb2dvi_0/rgb2dvi_0/rgb2dvi_0_in_context.xdc, line 16).
Applied set_property IO_BUFFER_TYPE = NONE for TMDS_data_p[2]. (constraint file  e:/FPGA/RISC-V/AX7010_2023.1-course_s1_fpga-18_ad9238_hdmi/vivado_ad9238/vivado_ad9238.srcs/sources_1/ip/rgb2dvi_0/rgb2dvi_0/rgb2dvi_0_in_context.xdc, line 17).
Applied set_property CLOCK_BUFFER_TYPE = NONE for TMDS_data_p[2]. (constraint file  e:/FPGA/RISC-V/AX7010_2023.1-course_s1_fpga-18_ad9238_hdmi/vivado_ad9238/vivado_ad9238.srcs/sources_1/ip/rgb2dvi_0/rgb2dvi_0/rgb2dvi_0_in_context.xdc, line 18).
Applied set_property IO_BUFFER_TYPE = NONE for sys_clk. (constraint file  e:/FPGA/RISC-V/AX7010_2023.1-course_s1_fpga-18_ad9238_hdmi/vivado_ad9238/vivado_ad9238.srcs/sources_1/ip/video_pll/video_pll/video_pll_in_context.xdc, line 7).
Applied set_property CLOCK_BUFFER_TYPE = NONE for sys_clk. (constraint file  e:/FPGA/RISC-V/AX7010_2023.1-course_s1_fpga-18_ad9238_hdmi/vivado_ad9238/vivado_ad9238.srcs/sources_1/ip/video_pll/video_pll/video_pll_in_context.xdc, line 8).
Applied set_property DONT_TOUCH = true for rgb2dvi_m0. (constraint file  auto generated constraint, line ).
Applied set_property DONT_TOUCH = true for video_pll_m0. (constraint file  auto generated constraint, line ).
Applied set_property DONT_TOUCH = true for adc_pll_m0. (constraint file  auto generated constraint, line ).
Applied set_property DONT_TOUCH = true for wav_display_m0/buffer. (constraint file  auto generated constraint, line ).
Applied set_property DONT_TOUCH = true for wav_display_m1/buffer. (constraint file  auto generated constraint, line ).
---------------------------------------------------------------------------------
Finished applying 'set_property' XDC Constraints : Time (s): cpu = 00:00:02 ; elapsed = 00:00:08 . Memory (MB): peak = 1087.723 ; gain = 57.816
---------------------------------------------------------------------------------
INFO: [Synth 8-802] inferred FSM for state register 'state_reg' in module 'ad9238_sample'
---------------------------------------------------------------------------------------------------
                   State |                     New Encoding |                Previous Encoding 
---------------------------------------------------------------------------------------------------
                  S_IDLE |                              001 |                              000
                S_SAMPLE |                              010 |                              001
                  S_WAIT |                              100 |                              010
---------------------------------------------------------------------------------------------------
INFO: [Synth 8-3354] encoded FSM with state register 'state_reg' using encoding 'one-hot' in module 'ad9238_sample'
---------------------------------------------------------------------------------
Finished RTL Optimization Phase 2 : Time (s): cpu = 00:00:02 ; elapsed = 00:00:09 . Memory (MB): peak = 1087.723 ; gain = 57.816
---------------------------------------------------------------------------------
---------------------------------------------------------------------------------
Start RTL Component Statistics 
---------------------------------------------------------------------------------
Detailed RTL Component Info : 
+---Adders : 
	   2 Input   32 Bit       Adders := 2     
	   2 Input   12 Bit       Adders := 5     
	   2 Input   11 Bit       Adders := 4     
	   2 Input    9 Bit       Adders := 1     
+---Registers : 
	               32 Bit    Registers := 2     
	               24 Bit    Registers := 9     
	               12 Bit    Registers := 3     
	               11 Bit    Registers := 4     
	                9 Bit    Registers := 1     
	                8 Bit    Registers := 5     
	                1 Bit    Registers := 30    
+---Muxes : 
	   2 Input   32 Bit        Muxes := 2     
	   3 Input   24 Bit        Muxes := 1     
	   2 Input   24 Bit        Muxes := 4     
	   2 Input   12 Bit        Muxes := 2     
	   2 Input   11 Bit        Muxes := 2     
	   2 Input    9 Bit        Muxes := 1     
	   8 Input    8 Bit        Muxes := 1     
	   6 Input    8 Bit        Muxes := 1     
	   9 Input    8 Bit        Muxes := 1     
	   3 Input    3 Bit        Muxes := 2     
	   3 Input    1 Bit        Muxes := 3     
	   2 Input    1 Bit        Muxes := 9     
	  10 Input    1 Bit        Muxes := 1     
---------------------------------------------------------------------------------
Finished RTL Component Statistics 
---------------------------------------------------------------------------------
---------------------------------------------------------------------------------
Start Part Resource Summary
---------------------------------------------------------------------------------
Part Resources:
DSPs: 80 (col length:40)
BRAMs: 120 (col length: RAMB18 40 RAMB36 20)
---------------------------------------------------------------------------------
Finished Part Resource Summary
---------------------------------------------------------------------------------
---------------------------------------------------------------------------------
Start Cross Boundary and Area Optimization
---------------------------------------------------------------------------------
---------------------------------------------------------------------------------
Finished Cross Boundary and Area Optimization : Time (s): cpu = 00:00:03 ; elapsed = 00:00:11 . Memory (MB): peak = 1087.723 ; gain = 57.816
---------------------------------------------------------------------------------
---------------------------------------------------------------------------------
Start Applying XDC Timing Constraints
---------------------------------------------------------------------------------
WARNING: [Synth 8-565] redefining clock 'sys_clk'
---------------------------------------------------------------------------------
Finished Applying XDC Timing Constraints : Time (s): cpu = 00:00:04 ; elapsed = 00:00:16 . Memory (MB): peak = 1087.723 ; gain = 57.816
---------------------------------------------------------------------------------
---------------------------------------------------------------------------------
Start Timing Optimization
---------------------------------------------------------------------------------
---------------------------------------------------------------------------------
Finished Timing Optimization : Time (s): cpu = 00:00:04 ; elapsed = 00:00:17 . Memory (MB): peak = 1087.723 ; gain = 57.816
---------------------------------------------------------------------------------
---------------------------------------------------------------------------------
Start Technology Mapping
---------------------------------------------------------------------------------
---------------------------------------------------------------------------------
Finished Technology Mapping : Time (s): cpu = 00:00:04 ; elapsed = 00:00:17 . Memory (MB): peak = 1087.723 ; gain = 57.816
---------------------------------------------------------------------------------
---------------------------------------------------------------------------------
Start IO Insertion
---------------------------------------------------------------------------------
---------------------------------------------------------------------------------
Start Flattening Before IO Insertion
---------------------------------------------------------------------------------
---------------------------------------------------------------------------------
Finished Flattening Before IO Insertion
---------------------------------------------------------------------------------
---------------------------------------------------------------------------------
Start Final Netlist Cleanup
---------------------------------------------------------------------------------
---------------------------------------------------------------------------------
Finished Final Netlist Cleanup
---------------------------------------------------------------------------------
---------------------------------------------------------------------------------
Finished IO Insertion : Time (s): cpu = 00:00:04 ; elapsed = 00:00:19 . Memory (MB): peak = 1087.723 ; gain = 57.816
---------------------------------------------------------------------------------
---------------------------------------------------------------------------------
Start Renaming Generated Instances
---------------------------------------------------------------------------------
---------------------------------------------------------------------------------
Finished Renaming Generated Instances : Time (s): cpu = 00:00:04 ; elapsed = 00:00:19 . Memory (MB): peak = 1087.723 ; gain = 57.816
---------------------------------------------------------------------------------
---------------------------------------------------------------------------------
Start Rebuilding User Hierarchy
---------------------------------------------------------------------------------
---------------------------------------------------------------------------------
Finished Rebuilding User Hierarchy : Time (s): cpu = 00:00:04 ; elapsed = 00:00:19 . Memory (MB): peak = 1087.723 ; gain = 57.816
---------------------------------------------------------------------------------
---------------------------------------------------------------------------------
Start Renaming Generated Ports
---------------------------------------------------------------------------------
---------------------------------------------------------------------------------
Finished Renaming Generated Ports : Time (s): cpu = 00:00:04 ; elapsed = 00:00:19 . Memory (MB): peak = 1087.723 ; gain = 57.816
---------------------------------------------------------------------------------
---------------------------------------------------------------------------------
Start Handling Custom Attributes
---------------------------------------------------------------------------------
---------------------------------------------------------------------------------
Finished Handling Custom Attributes : Time (s): cpu = 00:00:04 ; elapsed = 00:00:19 . Memory (MB): peak = 1087.723 ; gain = 57.816
---------------------------------------------------------------------------------
---------------------------------------------------------------------------------
Start Renaming Generated Nets
---------------------------------------------------------------------------------
---------------------------------------------------------------------------------
Finished Renaming Generated Nets : Time (s): cpu = 00:00:04 ; elapsed = 00:00:19 . Memory (MB): peak = 1087.723 ; gain = 57.816
---------------------------------------------------------------------------------
---------------------------------------------------------------------------------
Start ROM, RAM, DSP and Shift Register Reporting
---------------------------------------------------------------------------------

Static Shift Register Report:
+------------+---------------------------------------------------+--------+-------+--------------+--------------------+-------------------+--------+---------+
|Module Name | RTL Name                                          | Length | Width | Reset Signal | Pull out first Reg | Pull out last Reg | SRL16E | SRLC32E | 
+------------+---------------------------------------------------+--------+-------+--------------+--------------------+-------------------+--------+---------+
|top         | wav_display_m1/timing_gen_xy_m0/hs_d1_reg         | 6      | 1     | NO           | NO                 | YES               | 1      | 0       | 
|top         | wav_display_m0/timing_gen_xy_m0/i_data_d1_reg[23] | 3      | 2     | NO           | NO                 | YES               | 2      | 0       | 
|top         | wav_display_m0/timing_gen_xy_m0/i_data_d1_reg[15] | 3      | 4     | NO           | NO                 | NO                | 4      | 0       | 
|top         | wav_display_m1/timing_gen_xy_m0/i_data_d1_reg[23] | 3      | 2     | NO           | NO                 | NO                | 2      | 0       | 
+------------+---------------------------------------------------+--------+-------+--------------+--------------------+-------------------+--------+---------+

---------------------------------------------------------------------------------
Finished ROM, RAM, DSP and Shift Register Reporting
---------------------------------------------------------------------------------
---------------------------------------------------------------------------------
Start Writing Synthesis Report
---------------------------------------------------------------------------------

Report BlackBoxes: 
+------+--------------+----------+
|      |BlackBox name |Instances |
+------+--------------+----------+
|1     |video_pll     |         1|
|2     |rgb2dvi_0     |         1|
|3     |adc_pll       |         1|
|4     |dpram2048x8   |         2|
+------+--------------+----------+

Report Cell Usage: 
+------+-------------+------+
|      |Cell         |Count |
+------+-------------+------+
|1     |adc_pll      |     1|
|2     |dpram2048x8  |     1|
|3     |dpram2048x8_ |     1|
|4     |rgb2dvi      |     1|
|5     |video_pll    |     1|
|6     |CARRY4       |    49|
|7     |LUT1         |    31|
|8     |LUT2         |   134|
|9     |LUT3         |    64|
|10    |LUT4         |    41|
|11    |LUT5         |    31|
|12    |LUT6         |    74|
|13    |SRL16E       |     9|
|14    |FDCE         |   226|
|15    |FDPE         |     1|
|16    |FDRE         |    73|
|17    |IBUF         |    17|
|18    |OBUF         |     3|
+------+-------------+------+
---------------------------------------------------------------------------------
Finished Writing Synthesis Report : Time (s): cpu = 00:00:04 ; elapsed = 00:00:19 . Memory (MB): peak = 1087.723 ; gain = 57.816
---------------------------------------------------------------------------------
Synthesis finished with 0 errors, 0 critical warnings and 1 warnings.
Synthesis Optimization Runtime : Time (s): cpu = 00:00:02 ; elapsed = 00:00:18 . Memory (MB): peak = 1087.723 ; gain = 0.000
Synthesis Optimization Complete : Time (s): cpu = 00:00:04 ; elapsed = 00:00:19 . Memory (MB): peak = 1087.723 ; gain = 57.816
INFO: [Project 1-571] Translating synthesized netlist
Netlist sorting complete. Time (s): cpu = 00:00:00 ; elapsed = 00:00:00.007 . Memory (MB): peak = 1087.723 ; gain = 0.000
INFO: [Netlist 29-17] Analyzing 49 Unisim elements for replacement
INFO: [Netlist 29-28] Unisim Transformation completed in 0 CPU seconds
INFO: [Project 1-570] Preparing netlist for logic optimization
INFO: [Opt 31-138] Pushed 0 inverter(s) to 0 load pin(s).
Netlist sorting complete. Time (s): cpu = 00:00:00 ; elapsed = 00:00:00.001 . Memory (MB): peak = 1087.723 ; gain = 0.000
INFO: [Project 1-111] Unisim Transformation Summary:
No Unisim elements were transformed.

INFO: [Common 17-83] Releasing license: Synthesis
40 Infos, 12 Warnings, 0 Critical Warnings and 0 Errors encountered.
synth_design completed successfully
synth_design: Time (s): cpu = 00:00:05 ; elapsed = 00:00:25 . Memory (MB): peak = 1087.723 ; gain = 57.816
INFO: [Common 17-1381] The checkpoint 'E:/FPGA/RISC-V/AX7010_2023.1-course_s1_fpga-18_ad9238_hdmi/vivado_ad9238/vivado_ad9238.runs/synth_1/top.dcp' has been generated.
INFO: [runtcl-4] Executing : report_utilization -file top_utilization_synth.rpt -pb top_utilization_synth.pb
INFO: [Common 17-206] Exiting Vivado at Mon Nov 11 10:45:38 2024...
[Mon Nov 11 10:45:41 2024] synth_1 finished
wait_on_run: Time (s): cpu = 00:00:00 ; elapsed = 00:01:31 . Memory (MB): peak = 1016.930 ; gain = 0.000
# wait_on_run impl_1
[Mon Nov 11 10:45:41 2024] Waiting for impl_1 to finish...

*** Running vivado
    with args -log top.vdi -applog -m64 -product Vivado -messageDb vivado.pb -mode batch -source top.tcl -notrace



****** Vivado v2020.1 (64-bit)
  **** SW Build 2902540 on Wed May 27 19:54:49 MDT 2020
  **** IP Build 2902112 on Wed May 27 22:43:36 MDT 2020
    ** Copyright 1986-2020 Xilinx, Inc. All Rights Reserved.

source top.tcl -notrace
INFO: [IP_Flow 19-234] Refreshing IP repositories
INFO: [IP_Flow 19-1700] Loaded user IP repository 'e:/FPGA/RISC-V/AX7010_2023.1-course_s1_fpga-18_ad9238_hdmi/auto_create_project/my_ip'.
INFO: [IP_Flow 19-2313] Loaded Vivado IP repository 'D:/Vivado/Vivado/2020.1/data/ip'.
WARNING: [IP_Flow 19-4995] The host OS only allows 260 characters in a normal path. The IP cache path is more than 80 characters. If you experience issues with IP caching, please consider changing the IP cache to a location with a shorter path. Alternately consider using the OS subst command to map part of the path to a drive letter. 
Current IP cache path is E:/FPGA/RISC-V/AX7010_2023.1-course_s1_fpga-18_ad9238_hdmi/vivado_ad9238/vivado_ad9238.cache/ip 
Command: link_design -top top -part xc7z010clg400-1
Design is defaulting to srcset: sources_1
Design is defaulting to constrset: constrs_1
INFO: [Device 21-403] Loading part xc7z010clg400-1
INFO: [Project 1-454] Reading design checkpoint 'e:/FPGA/RISC-V/AX7010_2023.1-course_s1_fpga-18_ad9238_hdmi/vivado_ad9238/vivado_ad9238.srcs/sources_1/ip/adc_pll/adc_pll.dcp' for cell 'adc_pll_m0'
INFO: [Project 1-454] Reading design checkpoint 'e:/FPGA/RISC-V/AX7010_2023.1-course_s1_fpga-18_ad9238_hdmi/vivado_ad9238/vivado_ad9238.srcs/sources_1/ip/rgb2dvi_0/rgb2dvi_0.dcp' for cell 'rgb2dvi_m0'
INFO: [Project 1-454] Reading design checkpoint 'e:/FPGA/RISC-V/AX7010_2023.1-course_s1_fpga-18_ad9238_hdmi/vivado_ad9238/vivado_ad9238.srcs/sources_1/ip/video_pll/video_pll.dcp' for cell 'video_pll_m0'
INFO: [Project 1-454] Reading design checkpoint 'e:/FPGA/RISC-V/AX7010_2023.1-course_s1_fpga-18_ad9238_hdmi/vivado_ad9238/vivado_ad9238.srcs/sources_1/ip/dpram2048x8/dpram2048x8.dcp' for cell 'wav_display_m0/buffer'
Netlist sorting complete. Time (s): cpu = 00:00:00 ; elapsed = 00:00:00.009 . Memory (MB): peak = 1027.480 ; gain = 0.000
INFO: [Netlist 29-17] Analyzing 57 Unisim elements for replacement
INFO: [Netlist 29-28] Unisim Transformation completed in 0 CPU seconds
INFO: [Project 1-479] Netlist was created with Vivado 2020.1
INFO: [Project 1-570] Preparing netlist for logic optimization
INFO: [Opt 31-140] Inserted 1 IBUFs to IO ports without IO buffers.
WARNING: [Opt 31-35] Removing redundant IBUF, video_pll_m0/inst/clkin1_ibufg, from the path connected to top-level port: sys_clk 
Resolution: The tool has removed redundant IBUF. To resolve this warning, check for redundant IBUF in the input design.
WARNING: [Constraints 18-550] Could not create 'IBUF_LOW_PWR' constraint because net 'video_pll_m0/clk_in1' is not directly connected to top level port. Synthesis is ignored for IBUF_LOW_PWR but preserved for implementation.
Parsing XDC File [e:/FPGA/RISC-V/AX7010_2023.1-course_s1_fpga-18_ad9238_hdmi/vivado_ad9238/vivado_ad9238.srcs/sources_1/ip/rgb2dvi_0/src/rgb2dvi.xdc] for cell 'rgb2dvi_m0/U0'
Finished Parsing XDC File [e:/FPGA/RISC-V/AX7010_2023.1-course_s1_fpga-18_ad9238_hdmi/vivado_ad9238/vivado_ad9238.srcs/sources_1/ip/rgb2dvi_0/src/rgb2dvi.xdc] for cell 'rgb2dvi_m0/U0'
Parsing XDC File [e:/FPGA/RISC-V/AX7010_2023.1-course_s1_fpga-18_ad9238_hdmi/vivado_ad9238/vivado_ad9238.srcs/sources_1/ip/video_pll/video_pll_board.xdc] for cell 'video_pll_m0/inst'
Finished Parsing XDC File [e:/FPGA/RISC-V/AX7010_2023.1-course_s1_fpga-18_ad9238_hdmi/vivado_ad9238/vivado_ad9238.srcs/sources_1/ip/video_pll/video_pll_board.xdc] for cell 'video_pll_m0/inst'
Parsing XDC File [e:/FPGA/RISC-V/AX7010_2023.1-course_s1_fpga-18_ad9238_hdmi/vivado_ad9238/vivado_ad9238.srcs/sources_1/ip/video_pll/video_pll.xdc] for cell 'video_pll_m0/inst'
INFO: [Timing 38-35] Done setting XDC timing constraints. [e:/FPGA/RISC-V/AX7010_2023.1-course_s1_fpga-18_ad9238_hdmi/vivado_ad9238/vivado_ad9238.srcs/sources_1/ip/video_pll/video_pll.xdc:57]
INFO: [Timing 38-2] Deriving generated clocks [e:/FPGA/RISC-V/AX7010_2023.1-course_s1_fpga-18_ad9238_hdmi/vivado_ad9238/vivado_ad9238.srcs/sources_1/ip/video_pll/video_pll.xdc:57]
get_clocks: Time (s): cpu = 00:00:01 ; elapsed = 00:00:06 . Memory (MB): peak = 1343.914 ; gain = 316.434
Finished Parsing XDC File [e:/FPGA/RISC-V/AX7010_2023.1-course_s1_fpga-18_ad9238_hdmi/vivado_ad9238/vivado_ad9238.srcs/sources_1/ip/video_pll/video_pll.xdc] for cell 'video_pll_m0/inst'
Parsing XDC File [e:/FPGA/RISC-V/AX7010_2023.1-course_s1_fpga-18_ad9238_hdmi/vivado_ad9238/vivado_ad9238.srcs/sources_1/ip/adc_pll/adc_pll_board.xdc] for cell 'adc_pll_m0/inst'
Finished Parsing XDC File [e:/FPGA/RISC-V/AX7010_2023.1-course_s1_fpga-18_ad9238_hdmi/vivado_ad9238/vivado_ad9238.srcs/sources_1/ip/adc_pll/adc_pll_board.xdc] for cell 'adc_pll_m0/inst'
Parsing XDC File [e:/FPGA/RISC-V/AX7010_2023.1-course_s1_fpga-18_ad9238_hdmi/vivado_ad9238/vivado_ad9238.srcs/sources_1/ip/adc_pll/adc_pll.xdc] for cell 'adc_pll_m0/inst'
Finished Parsing XDC File [e:/FPGA/RISC-V/AX7010_2023.1-course_s1_fpga-18_ad9238_hdmi/vivado_ad9238/vivado_ad9238.srcs/sources_1/ip/adc_pll/adc_pll.xdc] for cell 'adc_pll_m0/inst'
Parsing XDC File [E:/FPGA/RISC-V/AX7010_2023.1-course_s1_fpga-18_ad9238_hdmi/vivado_ad9238/vivado_ad9238.srcs/constrs_1/new/ad9238_hdmi.xdc]
Finished Parsing XDC File [E:/FPGA/RISC-V/AX7010_2023.1-course_s1_fpga-18_ad9238_hdmi/vivado_ad9238/vivado_ad9238.srcs/constrs_1/new/ad9238_hdmi.xdc]
Parsing XDC File [e:/FPGA/RISC-V/AX7010_2023.1-course_s1_fpga-18_ad9238_hdmi/vivado_ad9238/vivado_ad9238.srcs/sources_1/ip/rgb2dvi_0/src/rgb2dvi_clocks.xdc] for cell 'rgb2dvi_m0/U0'
Finished Parsing XDC File [e:/FPGA/RISC-V/AX7010_2023.1-course_s1_fpga-18_ad9238_hdmi/vivado_ad9238/vivado_ad9238.srcs/sources_1/ip/rgb2dvi_0/src/rgb2dvi_clocks.xdc] for cell 'rgb2dvi_m0/U0'
Parsing XDC File [e:/FPGA/RISC-V/AX7010_2023.1-course_s1_fpga-18_ad9238_hdmi/vivado_ad9238/vivado_ad9238.srcs/sources_1/ip/adc_pll/adc_pll_late.xdc] for cell 'adc_pll_m0/inst'
Finished Parsing XDC File [e:/FPGA/RISC-V/AX7010_2023.1-course_s1_fpga-18_ad9238_hdmi/vivado_ad9238/vivado_ad9238.srcs/sources_1/ip/adc_pll/adc_pll_late.xdc] for cell 'adc_pll_m0/inst'
INFO: [Opt 31-138] Pushed 0 inverter(s) to 0 load pin(s).
Netlist sorting complete. Time (s): cpu = 00:00:00 ; elapsed = 00:00:00 . Memory (MB): peak = 1343.914 ; gain = 0.000
INFO: [Project 1-111] Unisim Transformation Summary:
No Unisim elements were transformed.

17 Infos, 3 Warnings, 0 Critical Warnings and 0 Errors encountered.
link_design completed successfully
link_design: Time (s): cpu = 00:00:03 ; elapsed = 00:00:12 . Memory (MB): peak = 1343.914 ; gain = 316.434
Command: opt_design
Attempting to get a license for feature 'Implementation' and/or device 'xc7z010'
INFO: [Common 17-349] Got license for feature 'Implementation' and/or device 'xc7z010'
Running DRC as a precondition to command opt_design

Starting DRC Task
INFO: [DRC 23-27] Running DRC with 2 threads
INFO: [Project 1-461] DRC finished with 0 Errors
INFO: [Project 1-462] Please refer to the DRC report (report_drc) for more information.

Time (s): cpu = 00:00:01 ; elapsed = 00:00:00.792 . Memory (MB): peak = 1343.914 ; gain = 0.000

Starting Cache Timing Information Task
INFO: [Timing 38-35] Done setting XDC timing constraints.
INFO: [Timing 38-2] Deriving generated clocks
Ending Cache Timing Information Task | Checksum: d01a9eda

Time (s): cpu = 00:00:00 ; elapsed = 00:00:00.043 . Memory (MB): peak = 1358.812 ; gain = 14.898

Starting Logic Optimization Task
CRITICAL WARNING: [Timing 38-249] Generated clock rgb2dvi_m0/U0/SerialClk has no logical paths from master clock clk_out1_video_pll.
Resolution: Review the path between the master clock and the generated clock with the schematic viewer and correct the -source option. If it is correct and the master clock does not have a timing path to the generated clock, define the generated clock as a primary clock by using create_clock.

Phase 1 Retarget
INFO: [Opt 31-138] Pushed 0 inverter(s) to 0 load pin(s).
INFO: [Opt 31-49] Retargeted 0 cell(s).
Phase 1 Retarget | Checksum: 1a3f3badf

Time (s): cpu = 00:00:00 ; elapsed = 00:00:00.061 . Memory (MB): peak = 1553.328 ; gain = 0.000
INFO: [Opt 31-389] Phase Retarget created 14 cells and removed 29 cells
INFO: [Opt 31-1021] In phase Retarget, 1 netlist objects are constrained preventing optimization. Please run opt_design with -debug_log to get more detail. 

Phase 2 Constant propagation
INFO: [Opt 31-138] Pushed 0 inverter(s) to 0 load pin(s).
Phase 2 Constant propagation | Checksum: 1da35c911

Time (s): cpu = 00:00:00 ; elapsed = 00:00:00.075 . Memory (MB): peak = 1553.328 ; gain = 0.000
INFO: [Opt 31-389] Phase Constant propagation created 13 cells and removed 23 cells

Phase 3 Sweep
Phase 3 Sweep | Checksum: 117ba7290

Time (s): cpu = 00:00:00 ; elapsed = 00:00:00.094 . Memory (MB): peak = 1553.328 ; gain = 0.000
INFO: [Opt 31-389] Phase Sweep created 0 cells and removed 0 cells
INFO: [Opt 31-1021] In phase Sweep, 1 netlist objects are constrained preventing optimization. Please run opt_design with -debug_log to get more detail. 

Phase 4 BUFG optimization
Phase 4 BUFG optimization | Checksum: 117ba7290

Time (s): cpu = 00:00:00 ; elapsed = 00:00:00.107 . Memory (MB): peak = 1553.328 ; gain = 0.000
INFO: [Opt 31-662] Phase BUFG optimization created 0 cells of which 0 are BUFGs and removed 0 cells.

Phase 5 Shift Register Optimization
INFO: [Opt 31-1064] SRL Remap converted 0 SRLs to 0 registers and converted 0 registers of register chains to 0 SRLs
Phase 5 Shift Register Optimization | Checksum: 117ba7290

Time (s): cpu = 00:00:00 ; elapsed = 00:00:00.116 . Memory (MB): peak = 1553.328 ; gain = 0.000
INFO: [Opt 31-389] Phase Shift Register Optimization created 0 cells and removed 0 cells

Phase 6 Post Processing Netlist
Phase 6 Post Processing Netlist | Checksum: 117ba7290

Time (s): cpu = 00:00:00 ; elapsed = 00:00:00.122 . Memory (MB): peak = 1553.328 ; gain = 0.000
INFO: [Opt 31-389] Phase Post Processing Netlist created 0 cells and removed 0 cells
Opt_design Change Summary
=========================


-------------------------------------------------------------------------------------------------------------------------
|  Phase                        |  #Cells created  |  #Cells Removed  |  #Constrained objects preventing optimizations  |
-------------------------------------------------------------------------------------------------------------------------
|  Retarget                     |              14  |              29  |                                              1  |
|  Constant propagation         |              13  |              23  |                                              0  |
|  Sweep                        |               0  |               0  |                                              1  |
|  BUFG optimization            |               0  |               0  |                                              0  |
|  Shift Register Optimization  |               0  |               0  |                                              0  |
|  Post Processing Netlist      |               0  |               0  |                                              0  |
-------------------------------------------------------------------------------------------------------------------------



Starting Connectivity Check Task

Time (s): cpu = 00:00:00 ; elapsed = 00:00:00.001 . Memory (MB): peak = 1553.328 ; gain = 0.000
Ending Logic Optimization Task | Checksum: 122d075b7

Time (s): cpu = 00:00:00 ; elapsed = 00:00:00.143 . Memory (MB): peak = 1553.328 ; gain = 0.000

Starting Power Optimization Task
INFO: [Pwropt 34-132] Skipping clock gating for clocks with a period < 2.00 ns.
INFO: [Pwropt 34-9] Applying IDT optimizations ...
INFO: [Pwropt 34-10] Applying ODC optimizations ...
INFO: [Timing 38-35] Done setting XDC timing constraints.
CRITICAL WARNING: [Timing 38-249] Generated clock rgb2dvi_m0/U0/SerialClk has no logical paths from master clock clk_out1_video_pll.
Resolution: Review the path between the master clock and the generated clock with the schematic viewer and correct the -source option. If it is correct and the master clock does not have a timing path to the generated clock, define the generated clock as a primary clock by using create_clock.
Running Vector-less Activity Propagation...

Finished Running Vector-less Activity Propagation


Starting PowerOpt Patch Enables Task
INFO: [Pwropt 34-162] WRITE_MODE attribute of 0 BRAM(s) out of a total of 2 has been updated to save power. Run report_power_opt to get a complete listing of the BRAMs updated.
INFO: [Pwropt 34-201] Structural ODC has moved 2 WE to EN ports
Number of BRAM Ports augmented: 0 newly gated: 2 Total Ports: 4
Ending PowerOpt Patch Enables Task | Checksum: 1f59bad0c

Time (s): cpu = 00:00:00 ; elapsed = 00:00:00.010 . Memory (MB): peak = 1646.227 ; gain = 0.000
Ending Power Optimization Task | Checksum: 1f59bad0c

Time (s): cpu = 00:00:00 ; elapsed = 00:00:00.545 . Memory (MB): peak = 1646.227 ; gain = 92.898

Starting Final Cleanup Task
Ending Final Cleanup Task | Checksum: 1f59bad0c

Time (s): cpu = 00:00:00 ; elapsed = 00:00:00 . Memory (MB): peak = 1646.227 ; gain = 0.000

Starting Netlist Obfuscation Task
Netlist sorting complete. Time (s): cpu = 00:00:00 ; elapsed = 00:00:00 . Memory (MB): peak = 1646.227 ; gain = 0.000
Ending Netlist Obfuscation Task | Checksum: 1f59bad0c

Time (s): cpu = 00:00:00 ; elapsed = 00:00:00 . Memory (MB): peak = 1646.227 ; gain = 0.000
INFO: [Common 17-83] Releasing license: Implementation
42 Infos, 3 Warnings, 2 Critical Warnings and 0 Errors encountered.
opt_design completed successfully
INFO: [Timing 38-35] Done setting XDC timing constraints.
INFO: [Timing 38-480] Writing timing data to binary archive.
Writing placer database...
Writing XDEF routing.
Writing XDEF routing logical nets.
Writing XDEF routing special nets.
Write XDEF Complete: Time (s): cpu = 00:00:00 ; elapsed = 00:00:00.029 . Memory (MB): peak = 1646.227 ; gain = 0.000
INFO: [Common 17-1381] The checkpoint 'E:/FPGA/RISC-V/AX7010_2023.1-course_s1_fpga-18_ad9238_hdmi/vivado_ad9238/vivado_ad9238.runs/impl_1/top_opt.dcp' has been generated.
INFO: [runtcl-4] Executing : report_drc -file top_drc_opted.rpt -pb top_drc_opted.pb -rpx top_drc_opted.rpx
Command: report_drc -file top_drc_opted.rpt -pb top_drc_opted.pb -rpx top_drc_opted.rpx
INFO: [IP_Flow 19-1839] IP Catalog is up to date.
INFO: [DRC 23-27] Running DRC with 2 threads
INFO: [Coretcl 2-168] The results of DRC are in file E:/FPGA/RISC-V/AX7010_2023.1-course_s1_fpga-18_ad9238_hdmi/vivado_ad9238/vivado_ad9238.runs/impl_1/top_drc_opted.rpt.
report_drc completed successfully
Command: place_design
Attempting to get a license for feature 'Implementation' and/or device 'xc7z010'
INFO: [Common 17-349] Got license for feature 'Implementation' and/or device 'xc7z010'
INFO: [DRC 23-27] Running DRC with 2 threads
INFO: [Vivado_Tcl 4-198] DRC finished with 0 Errors
INFO: [Vivado_Tcl 4-199] Please refer to the DRC report (report_drc) for more information.
Running DRC as a precondition to command place_design
INFO: [DRC 23-27] Running DRC with 2 threads
WARNING: [DRC CHECK-3] Report rule limit reached: REQP-1840 rule limit reached: 20 violations have been found.
WARNING: [DRC REQP-1840] RAMB18 async control check: The RAMB18E1 wav_display_m0/buffer/U0/inst_blk_mem_gen/gnbram.gnativebmg.native_blk_mem_gen/valid.cstr/ramloop[0].ram.r/prim_noinit.ram/DEVICE_7SERIES.NO_BMM_INFO.SDP.SIMPLE_PRIM18.ram has an input control pin wav_display_m0/buffer/U0/inst_blk_mem_gen/gnbram.gnativebmg.native_blk_mem_gen/valid.cstr/ramloop[0].ram.r/prim_noinit.ram/DEVICE_7SERIES.NO_BMM_INFO.SDP.SIMPLE_PRIM18.ram/ADDRARDADDR[10] (net: wav_display_m0/buffer/U0/inst_blk_mem_gen/gnbram.gnativebmg.native_blk_mem_gen/valid.cstr/ramloop[0].ram.r/prim_noinit.ram/addra[7]) which is driven by a register (ad9238_sample_m0/sample_cnt_reg[7]) that has an active asychronous set or reset. This may cause corruption of the memory contents and/or read values when the set/reset is asserted and is not analyzed by the default static timing analysis. It is suggested to eliminate the use of a set/reset to registers driving this RAMB pin or else use a synchronous reset in which the assertion of the reset is timed by default.
WARNING: [DRC REQP-1840] RAMB18 async control check: The RAMB18E1 wav_display_m0/buffer/U0/inst_blk_mem_gen/gnbram.gnativebmg.native_blk_mem_gen/valid.cstr/ramloop[0].ram.r/prim_noinit.ram/DEVICE_7SERIES.NO_BMM_INFO.SDP.SIMPLE_PRIM18.ram has an input control pin wav_display_m0/buffer/U0/inst_blk_mem_gen/gnbram.gnativebmg.native_blk_mem_gen/valid.cstr/ramloop[0].ram.r/prim_noinit.ram/DEVICE_7SERIES.NO_BMM_INFO.SDP.SIMPLE_PRIM18.ram/ADDRARDADDR[11] (net: wav_display_m0/buffer/U0/inst_blk_mem_gen/gnbram.gnativebmg.native_blk_mem_gen/valid.cstr/ramloop[0].ram.r/prim_noinit.ram/addra[8]) which is driven by a register (ad9238_sample_m0/sample_cnt_reg[8]) that has an active asychronous set or reset. This may cause corruption of the memory contents and/or read values when the set/reset is asserted and is not analyzed by the default static timing analysis. It is suggested to eliminate the use of a set/reset to registers driving this RAMB pin or else use a synchronous reset in which the assertion of the reset is timed by default.
WARNING: [DRC REQP-1840] RAMB18 async control check: The RAMB18E1 wav_display_m0/buffer/U0/inst_blk_mem_gen/gnbram.gnativebmg.native_blk_mem_gen/valid.cstr/ramloop[0].ram.r/prim_noinit.ram/DEVICE_7SERIES.NO_BMM_INFO.SDP.SIMPLE_PRIM18.ram has an input control pin wav_display_m0/buffer/U0/inst_blk_mem_gen/gnbram.gnativebmg.native_blk_mem_gen/valid.cstr/ramloop[0].ram.r/prim_noinit.ram/DEVICE_7SERIES.NO_BMM_INFO.SDP.SIMPLE_PRIM18.ram/ADDRARDADDR[12] (net: wav_display_m0/buffer/U0/inst_blk_mem_gen/gnbram.gnativebmg.native_blk_mem_gen/valid.cstr/ramloop[0].ram.r/prim_noinit.ram/addra[9]) which is driven by a register (ad9238_sample_m0/sample_cnt_reg[9]) that has an active asychronous set or reset. This may cause corruption of the memory contents and/or read values when the set/reset is asserted and is not analyzed by the default static timing analysis. It is suggested to eliminate the use of a set/reset to registers driving this RAMB pin or else use a synchronous reset in which the assertion of the reset is timed by default.
WARNING: [DRC REQP-1840] RAMB18 async control check: The RAMB18E1 wav_display_m0/buffer/U0/inst_blk_mem_gen/gnbram.gnativebmg.native_blk_mem_gen/valid.cstr/ramloop[0].ram.r/prim_noinit.ram/DEVICE_7SERIES.NO_BMM_INFO.SDP.SIMPLE_PRIM18.ram has an input control pin wav_display_m0/buffer/U0/inst_blk_mem_gen/gnbram.gnativebmg.native_blk_mem_gen/valid.cstr/ramloop[0].ram.r/prim_noinit.ram/DEVICE_7SERIES.NO_BMM_INFO.SDP.SIMPLE_PRIM18.ram/ADDRARDADDR[13] (net: wav_display_m0/buffer/U0/inst_blk_mem_gen/gnbram.gnativebmg.native_blk_mem_gen/valid.cstr/ramloop[0].ram.r/prim_noinit.ram/addra[10]) which is driven by a register (ad9238_sample_m0/sample_cnt_reg[10]) that has an active asychronous set or reset. This may cause corruption of the memory contents and/or read values when the set/reset is asserted and is not analyzed by the default static timing analysis. It is suggested to eliminate the use of a set/reset to registers driving this RAMB pin or else use a synchronous reset in which the assertion of the reset is timed by default.
WARNING: [DRC REQP-1840] RAMB18 async control check: The RAMB18E1 wav_display_m0/buffer/U0/inst_blk_mem_gen/gnbram.gnativebmg.native_blk_mem_gen/valid.cstr/ramloop[0].ram.r/prim_noinit.ram/DEVICE_7SERIES.NO_BMM_INFO.SDP.SIMPLE_PRIM18.ram has an input control pin wav_display_m0/buffer/U0/inst_blk_mem_gen/gnbram.gnativebmg.native_blk_mem_gen/valid.cstr/ramloop[0].ram.r/prim_noinit.ram/DEVICE_7SERIES.NO_BMM_INFO.SDP.SIMPLE_PRIM18.ram/ADDRARDADDR[3] (net: wav_display_m0/buffer/U0/inst_blk_mem_gen/gnbram.gnativebmg.native_blk_mem_gen/valid.cstr/ramloop[0].ram.r/prim_noinit.ram/addra[0]) which is driven by a register (ad9238_sample_m0/sample_cnt_reg[0]) that has an active asychronous set or reset. This may cause corruption of the memory contents and/or read values when the set/reset is asserted and is not analyzed by the default static timing analysis. It is suggested to eliminate the use of a set/reset to registers driving this RAMB pin or else use a synchronous reset in which the assertion of the reset is timed by default.
WARNING: [DRC REQP-1840] RAMB18 async control check: The RAMB18E1 wav_display_m0/buffer/U0/inst_blk_mem_gen/gnbram.gnativebmg.native_blk_mem_gen/valid.cstr/ramloop[0].ram.r/prim_noinit.ram/DEVICE_7SERIES.NO_BMM_INFO.SDP.SIMPLE_PRIM18.ram has an input control pin wav_display_m0/buffer/U0/inst_blk_mem_gen/gnbram.gnativebmg.native_blk_mem_gen/valid.cstr/ramloop[0].ram.r/prim_noinit.ram/DEVICE_7SERIES.NO_BMM_INFO.SDP.SIMPLE_PRIM18.ram/ADDRARDADDR[4] (net: wav_display_m0/buffer/U0/inst_blk_mem_gen/gnbram.gnativebmg.native_blk_mem_gen/valid.cstr/ramloop[0].ram.r/prim_noinit.ram/addra[1]) which is driven by a register (ad9238_sample_m0/sample_cnt_reg[1]) that has an active asychronous set or reset. This may cause corruption of the memory contents and/or read values when the set/reset is asserted and is not analyzed by the default static timing analysis. It is suggested to eliminate the use of a set/reset to registers driving this RAMB pin or else use a synchronous reset in which the assertion of the reset is timed by default.
WARNING: [DRC REQP-1840] RAMB18 async control check: The RAMB18E1 wav_display_m0/buffer/U0/inst_blk_mem_gen/gnbram.gnativebmg.native_blk_mem_gen/valid.cstr/ramloop[0].ram.r/prim_noinit.ram/DEVICE_7SERIES.NO_BMM_INFO.SDP.SIMPLE_PRIM18.ram has an input control pin wav_display_m0/buffer/U0/inst_blk_mem_gen/gnbram.gnativebmg.native_blk_mem_gen/valid.cstr/ramloop[0].ram.r/prim_noinit.ram/DEVICE_7SERIES.NO_BMM_INFO.SDP.SIMPLE_PRIM18.ram/ADDRARDADDR[5] (net: wav_display_m0/buffer/U0/inst_blk_mem_gen/gnbram.gnativebmg.native_blk_mem_gen/valid.cstr/ramloop[0].ram.r/prim_noinit.ram/addra[2]) which is driven by a register (ad9238_sample_m0/sample_cnt_reg[2]) that has an active asychronous set or reset. This may cause corruption of the memory contents and/or read values when the set/reset is asserted and is not analyzed by the default static timing analysis. It is suggested to eliminate the use of a set/reset to registers driving this RAMB pin or else use a synchronous reset in which the assertion of the reset is timed by default.
WARNING: [DRC REQP-1840] RAMB18 async control check: The RAMB18E1 wav_display_m0/buffer/U0/inst_blk_mem_gen/gnbram.gnativebmg.native_blk_mem_gen/valid.cstr/ramloop[0].ram.r/prim_noinit.ram/DEVICE_7SERIES.NO_BMM_INFO.SDP.SIMPLE_PRIM18.ram has an input control pin wav_display_m0/buffer/U0/inst_blk_mem_gen/gnbram.gnativebmg.native_blk_mem_gen/valid.cstr/ramloop[0].ram.r/prim_noinit.ram/DEVICE_7SERIES.NO_BMM_INFO.SDP.SIMPLE_PRIM18.ram/ADDRARDADDR[6] (net: wav_display_m0/buffer/U0/inst_blk_mem_gen/gnbram.gnativebmg.native_blk_mem_gen/valid.cstr/ramloop[0].ram.r/prim_noinit.ram/addra[3]) which is driven by a register (ad9238_sample_m0/sample_cnt_reg[3]) that has an active asychronous set or reset. This may cause corruption of the memory contents and/or read values when the set/reset is asserted and is not analyzed by the default static timing analysis. It is suggested to eliminate the use of a set/reset to registers driving this RAMB pin or else use a synchronous reset in which the assertion of the reset is timed by default.
WARNING: [DRC REQP-1840] RAMB18 async control check: The RAMB18E1 wav_display_m0/buffer/U0/inst_blk_mem_gen/gnbram.gnativebmg.native_blk_mem_gen/valid.cstr/ramloop[0].ram.r/prim_noinit.ram/DEVICE_7SERIES.NO_BMM_INFO.SDP.SIMPLE_PRIM18.ram has an input control pin wav_display_m0/buffer/U0/inst_blk_mem_gen/gnbram.gnativebmg.native_blk_mem_gen/valid.cstr/ramloop[0].ram.r/prim_noinit.ram/DEVICE_7SERIES.NO_BMM_INFO.SDP.SIMPLE_PRIM18.ram/ADDRARDADDR[7] (net: wav_display_m0/buffer/U0/inst_blk_mem_gen/gnbram.gnativebmg.native_blk_mem_gen/valid.cstr/ramloop[0].ram.r/prim_noinit.ram/addra[4]) which is driven by a register (ad9238_sample_m0/sample_cnt_reg[4]) that has an active asychronous set or reset. This may cause corruption of the memory contents and/or read values when the set/reset is asserted and is not analyzed by the default static timing analysis. It is suggested to eliminate the use of a set/reset to registers driving this RAMB pin or else use a synchronous reset in which the assertion of the reset is timed by default.
WARNING: [DRC REQP-1840] RAMB18 async control check: The RAMB18E1 wav_display_m0/buffer/U0/inst_blk_mem_gen/gnbram.gnativebmg.native_blk_mem_gen/valid.cstr/ramloop[0].ram.r/prim_noinit.ram/DEVICE_7SERIES.NO_BMM_INFO.SDP.SIMPLE_PRIM18.ram has an input control pin wav_display_m0/buffer/U0/inst_blk_mem_gen/gnbram.gnativebmg.native_blk_mem_gen/valid.cstr/ramloop[0].ram.r/prim_noinit.ram/DEVICE_7SERIES.NO_BMM_INFO.SDP.SIMPLE_PRIM18.ram/ADDRARDADDR[8] (net: wav_display_m0/buffer/U0/inst_blk_mem_gen/gnbram.gnativebmg.native_blk_mem_gen/valid.cstr/ramloop[0].ram.r/prim_noinit.ram/addra[5]) which is driven by a register (ad9238_sample_m0/sample_cnt_reg[5]) that has an active asychronous set or reset. This may cause corruption of the memory contents and/or read values when the set/reset is asserted and is not analyzed by the default static timing analysis. It is suggested to eliminate the use of a set/reset to registers driving this RAMB pin or else use a synchronous reset in which the assertion of the reset is timed by default.
WARNING: [DRC REQP-1840] RAMB18 async control check: The RAMB18E1 wav_display_m0/buffer/U0/inst_blk_mem_gen/gnbram.gnativebmg.native_blk_mem_gen/valid.cstr/ramloop[0].ram.r/prim_noinit.ram/DEVICE_7SERIES.NO_BMM_INFO.SDP.SIMPLE_PRIM18.ram has an input control pin wav_display_m0/buffer/U0/inst_blk_mem_gen/gnbram.gnativebmg.native_blk_mem_gen/valid.cstr/ramloop[0].ram.r/prim_noinit.ram/DEVICE_7SERIES.NO_BMM_INFO.SDP.SIMPLE_PRIM18.ram/ADDRARDADDR[9] (net: wav_display_m0/buffer/U0/inst_blk_mem_gen/gnbram.gnativebmg.native_blk_mem_gen/valid.cstr/ramloop[0].ram.r/prim_noinit.ram/addra[6]) which is driven by a register (ad9238_sample_m0/sample_cnt_reg[6]) that has an active asychronous set or reset. This may cause corruption of the memory contents and/or read values when the set/reset is asserted and is not analyzed by the default static timing analysis. It is suggested to eliminate the use of a set/reset to registers driving this RAMB pin or else use a synchronous reset in which the assertion of the reset is timed by default.
WARNING: [DRC REQP-1840] RAMB18 async control check: The RAMB18E1 wav_display_m0/buffer/U0/inst_blk_mem_gen/gnbram.gnativebmg.native_blk_mem_gen/valid.cstr/ramloop[0].ram.r/prim_noinit.ram/DEVICE_7SERIES.NO_BMM_INFO.SDP.SIMPLE_PRIM18.ram has an input control pin wav_display_m0/buffer/U0/inst_blk_mem_gen/gnbram.gnativebmg.native_blk_mem_gen/valid.cstr/ramloop[0].ram.r/prim_noinit.ram/DEVICE_7SERIES.NO_BMM_INFO.SDP.SIMPLE_PRIM18.ram/ENARDEN (net: wav_display_m0/buffer/U0/inst_blk_mem_gen/gnbram.gnativebmg.native_blk_mem_gen/valid.cstr/ramloop[0].ram.r/prim_noinit.ram/wea[0]) which is driven by a register (ad9238_sample_m0/adc_buf_wr_reg) that has an active asychronous set or reset. This may cause corruption of the memory contents and/or read values when the set/reset is asserted and is not analyzed by the default static timing analysis. It is suggested to eliminate the use of a set/reset to registers driving this RAMB pin or else use a synchronous reset in which the assertion of the reset is timed by default.
WARNING: [DRC REQP-1840] RAMB18 async control check: The RAMB18E1 wav_display_m1/buffer/U0/inst_blk_mem_gen/gnbram.gnativebmg.native_blk_mem_gen/valid.cstr/ramloop[0].ram.r/prim_noinit.ram/DEVICE_7SERIES.NO_BMM_INFO.SDP.SIMPLE_PRIM18.ram has an input control pin wav_display_m1/buffer/U0/inst_blk_mem_gen/gnbram.gnativebmg.native_blk_mem_gen/valid.cstr/ramloop[0].ram.r/prim_noinit.ram/DEVICE_7SERIES.NO_BMM_INFO.SDP.SIMPLE_PRIM18.ram/ADDRARDADDR[10] (net: wav_display_m1/buffer/U0/inst_blk_mem_gen/gnbram.gnativebmg.native_blk_mem_gen/valid.cstr/ramloop[0].ram.r/prim_noinit.ram/addra[7]) which is driven by a register (ad9238_sample_m1/sample_cnt_reg[7]) that has an active asychronous set or reset. This may cause corruption of the memory contents and/or read values when the set/reset is asserted and is not analyzed by the default static timing analysis. It is suggested to eliminate the use of a set/reset to registers driving this RAMB pin or else use a synchronous reset in which the assertion of the reset is timed by default.
WARNING: [DRC REQP-1840] RAMB18 async control check: The RAMB18E1 wav_display_m1/buffer/U0/inst_blk_mem_gen/gnbram.gnativebmg.native_blk_mem_gen/valid.cstr/ramloop[0].ram.r/prim_noinit.ram/DEVICE_7SERIES.NO_BMM_INFO.SDP.SIMPLE_PRIM18.ram has an input control pin wav_display_m1/buffer/U0/inst_blk_mem_gen/gnbram.gnativebmg.native_blk_mem_gen/valid.cstr/ramloop[0].ram.r/prim_noinit.ram/DEVICE_7SERIES.NO_BMM_INFO.SDP.SIMPLE_PRIM18.ram/ADDRARDADDR[11] (net: wav_display_m1/buffer/U0/inst_blk_mem_gen/gnbram.gnativebmg.native_blk_mem_gen/valid.cstr/ramloop[0].ram.r/prim_noinit.ram/addra[8]) which is driven by a register (ad9238_sample_m1/sample_cnt_reg[8]) that has an active asychronous set or reset. This may cause corruption of the memory contents and/or read values when the set/reset is asserted and is not analyzed by the default static timing analysis. It is suggested to eliminate the use of a set/reset to registers driving this RAMB pin or else use a synchronous reset in which the assertion of the reset is timed by default.
WARNING: [DRC REQP-1840] RAMB18 async control check: The RAMB18E1 wav_display_m1/buffer/U0/inst_blk_mem_gen/gnbram.gnativebmg.native_blk_mem_gen/valid.cstr/ramloop[0].ram.r/prim_noinit.ram/DEVICE_7SERIES.NO_BMM_INFO.SDP.SIMPLE_PRIM18.ram has an input control pin wav_display_m1/buffer/U0/inst_blk_mem_gen/gnbram.gnativebmg.native_blk_mem_gen/valid.cstr/ramloop[0].ram.r/prim_noinit.ram/DEVICE_7SERIES.NO_BMM_INFO.SDP.SIMPLE_PRIM18.ram/ADDRARDADDR[12] (net: wav_display_m1/buffer/U0/inst_blk_mem_gen/gnbram.gnativebmg.native_blk_mem_gen/valid.cstr/ramloop[0].ram.r/prim_noinit.ram/addra[9]) which is driven by a register (ad9238_sample_m1/sample_cnt_reg[9]) that has an active asychronous set or reset. This may cause corruption of the memory contents and/or read values when the set/reset is asserted and is not analyzed by the default static timing analysis. It is suggested to eliminate the use of a set/reset to registers driving this RAMB pin or else use a synchronous reset in which the assertion of the reset is timed by default.
WARNING: [DRC REQP-1840] RAMB18 async control check: The RAMB18E1 wav_display_m1/buffer/U0/inst_blk_mem_gen/gnbram.gnativebmg.native_blk_mem_gen/valid.cstr/ramloop[0].ram.r/prim_noinit.ram/DEVICE_7SERIES.NO_BMM_INFO.SDP.SIMPLE_PRIM18.ram has an input control pin wav_display_m1/buffer/U0/inst_blk_mem_gen/gnbram.gnativebmg.native_blk_mem_gen/valid.cstr/ramloop[0].ram.r/prim_noinit.ram/DEVICE_7SERIES.NO_BMM_INFO.SDP.SIMPLE_PRIM18.ram/ADDRARDADDR[13] (net: wav_display_m1/buffer/U0/inst_blk_mem_gen/gnbram.gnativebmg.native_blk_mem_gen/valid.cstr/ramloop[0].ram.r/prim_noinit.ram/addra[10]) which is driven by a register (ad9238_sample_m1/sample_cnt_reg[10]) that has an active asychronous set or reset. This may cause corruption of the memory contents and/or read values when the set/reset is asserted and is not analyzed by the default static timing analysis. It is suggested to eliminate the use of a set/reset to registers driving this RAMB pin or else use a synchronous reset in which the assertion of the reset is timed by default.
WARNING: [DRC REQP-1840] RAMB18 async control check: The RAMB18E1 wav_display_m1/buffer/U0/inst_blk_mem_gen/gnbram.gnativebmg.native_blk_mem_gen/valid.cstr/ramloop[0].ram.r/prim_noinit.ram/DEVICE_7SERIES.NO_BMM_INFO.SDP.SIMPLE_PRIM18.ram has an input control pin wav_display_m1/buffer/U0/inst_blk_mem_gen/gnbram.gnativebmg.native_blk_mem_gen/valid.cstr/ramloop[0].ram.r/prim_noinit.ram/DEVICE_7SERIES.NO_BMM_INFO.SDP.SIMPLE_PRIM18.ram/ADDRARDADDR[6] (net: wav_display_m1/buffer/U0/inst_blk_mem_gen/gnbram.gnativebmg.native_blk_mem_gen/valid.cstr/ramloop[0].ram.r/prim_noinit.ram/addra[3]) which is driven by a register (ad9238_sample_m1/sample_cnt_reg[3]) that has an active asychronous set or reset. This may cause corruption of the memory contents and/or read values when the set/reset is asserted and is not analyzed by the default static timing analysis. It is suggested to eliminate the use of a set/reset to registers driving this RAMB pin or else use a synchronous reset in which the assertion of the reset is timed by default.
WARNING: [DRC REQP-1840] RAMB18 async control check: The RAMB18E1 wav_display_m1/buffer/U0/inst_blk_mem_gen/gnbram.gnativebmg.native_blk_mem_gen/valid.cstr/ramloop[0].ram.r/prim_noinit.ram/DEVICE_7SERIES.NO_BMM_INFO.SDP.SIMPLE_PRIM18.ram has an input control pin wav_display_m1/buffer/U0/inst_blk_mem_gen/gnbram.gnativebmg.native_blk_mem_gen/valid.cstr/ramloop[0].ram.r/prim_noinit.ram/DEVICE_7SERIES.NO_BMM_INFO.SDP.SIMPLE_PRIM18.ram/ADDRARDADDR[7] (net: wav_display_m1/buffer/U0/inst_blk_mem_gen/gnbram.gnativebmg.native_blk_mem_gen/valid.cstr/ramloop[0].ram.r/prim_noinit.ram/addra[4]) which is driven by a register (ad9238_sample_m1/sample_cnt_reg[4]) that has an active asychronous set or reset. This may cause corruption of the memory contents and/or read values when the set/reset is asserted and is not analyzed by the default static timing analysis. It is suggested to eliminate the use of a set/reset to registers driving this RAMB pin or else use a synchronous reset in which the assertion of the reset is timed by default.
WARNING: [DRC REQP-1840] RAMB18 async control check: The RAMB18E1 wav_display_m1/buffer/U0/inst_blk_mem_gen/gnbram.gnativebmg.native_blk_mem_gen/valid.cstr/ramloop[0].ram.r/prim_noinit.ram/DEVICE_7SERIES.NO_BMM_INFO.SDP.SIMPLE_PRIM18.ram has an input control pin wav_display_m1/buffer/U0/inst_blk_mem_gen/gnbram.gnativebmg.native_blk_mem_gen/valid.cstr/ramloop[0].ram.r/prim_noinit.ram/DEVICE_7SERIES.NO_BMM_INFO.SDP.SIMPLE_PRIM18.ram/ADDRARDADDR[8] (net: wav_display_m1/buffer/U0/inst_blk_mem_gen/gnbram.gnativebmg.native_blk_mem_gen/valid.cstr/ramloop[0].ram.r/prim_noinit.ram/addra[5]) which is driven by a register (ad9238_sample_m1/sample_cnt_reg[5]) that has an active asychronous set or reset. This may cause corruption of the memory contents and/or read values when the set/reset is asserted and is not analyzed by the default static timing analysis. It is suggested to eliminate the use of a set/reset to registers driving this RAMB pin or else use a synchronous reset in which the assertion of the reset is timed by default.
WARNING: [DRC REQP-1840] RAMB18 async control check: The RAMB18E1 wav_display_m1/buffer/U0/inst_blk_mem_gen/gnbram.gnativebmg.native_blk_mem_gen/valid.cstr/ramloop[0].ram.r/prim_noinit.ram/DEVICE_7SERIES.NO_BMM_INFO.SDP.SIMPLE_PRIM18.ram has an input control pin wav_display_m1/buffer/U0/inst_blk_mem_gen/gnbram.gnativebmg.native_blk_mem_gen/valid.cstr/ramloop[0].ram.r/prim_noinit.ram/DEVICE_7SERIES.NO_BMM_INFO.SDP.SIMPLE_PRIM18.ram/ADDRARDADDR[9] (net: wav_display_m1/buffer/U0/inst_blk_mem_gen/gnbram.gnativebmg.native_blk_mem_gen/valid.cstr/ramloop[0].ram.r/prim_noinit.ram/addra[6]) which is driven by a register (ad9238_sample_m1/sample_cnt_reg[6]) that has an active asychronous set or reset. This may cause corruption of the memory contents and/or read values when the set/reset is asserted and is not analyzed by the default static timing analysis. It is suggested to eliminate the use of a set/reset to registers driving this RAMB pin or else use a synchronous reset in which the assertion of the reset is timed by default.
INFO: [Vivado_Tcl 4-198] DRC finished with 0 Errors, 21 Warnings
INFO: [Vivado_Tcl 4-199] Please refer to the DRC report (report_drc) for more information.

Starting Placer Task
INFO: [Place 30-611] Multithreading enabled for place_design using a maximum of 2 CPUs

Phase 1 Placer Initialization

Phase 1.1 Placer Initialization Netlist Sorting
Netlist sorting complete. Time (s): cpu = 00:00:00 ; elapsed = 00:00:00 . Memory (MB): peak = 1646.227 ; gain = 0.000
Phase 1.1 Placer Initialization Netlist Sorting | Checksum: 10b69e8ae

Time (s): cpu = 00:00:00 ; elapsed = 00:00:00.016 . Memory (MB): peak = 1646.227 ; gain = 0.000
Netlist sorting complete. Time (s): cpu = 00:00:00 ; elapsed = 00:00:00 . Memory (MB): peak = 1646.227 ; gain = 0.000

Phase 1.2 IO Placement/ Clock Placement/ Build Placer Device
Phase 1.2 IO Placement/ Clock Placement/ Build Placer Device | Checksum: b4b64344

Time (s): cpu = 00:00:00 ; elapsed = 00:00:00.244 . Memory (MB): peak = 1646.227 ; gain = 0.000

Phase 1.3 Build Placer Netlist Model
CRITICAL WARNING: [Timing 38-249] Generated clock rgb2dvi_m0/U0/SerialClk has no logical paths from master clock clk_out1_video_pll.
Resolution: Review the path between the master clock and the generated clock with the schematic viewer and correct the -source option. If it is correct and the master clock does not have a timing path to the generated clock, define the generated clock as a primary clock by using create_clock.
Phase 1.3 Build Placer Netlist Model | Checksum: 1abbefd49

Time (s): cpu = 00:00:00 ; elapsed = 00:00:00.421 . Memory (MB): peak = 1646.227 ; gain = 0.000

Phase 1.4 Constrain Clocks/Macros
Phase 1.4 Constrain Clocks/Macros | Checksum: 1abbefd49

Time (s): cpu = 00:00:00 ; elapsed = 00:00:00.424 . Memory (MB): peak = 1646.227 ; gain = 0.000
Phase 1 Placer Initialization | Checksum: 1abbefd49

Time (s): cpu = 00:00:00 ; elapsed = 00:00:00.431 . Memory (MB): peak = 1646.227 ; gain = 0.000

Phase 2 Global Placement

Phase 2.1 Floorplanning
Phase 2.1 Floorplanning | Checksum: 13202ceec

Time (s): cpu = 00:00:00 ; elapsed = 00:00:00.507 . Memory (MB): peak = 1646.227 ; gain = 0.000

Phase 2.2 Global Placement Core

Phase 2.2.1 Physical Synthesis In Placer
INFO: [Physopt 32-1035] Found 0 LUTNM shape to break, 4 LUT instances to create LUTNM shape
INFO: [Physopt 32-1044] Break lutnm for timing: one critical 0, two critical 0, total 0, new lutff created 0
INFO: [Physopt 32-775] End 1 Pass. Optimized 2 nets or cells. Created 0 new cell, deleted 2 existing cells and moved 0 existing cell
INFO: [Physopt 32-65] No nets found for high-fanout optimization.
INFO: [Physopt 32-232] Optimized 0 net. Created 0 new instance.
INFO: [Physopt 32-775] End 1 Pass. Optimized 0 net or cell. Created 0 new cell, deleted 0 existing cell and moved 0 existing cell
INFO: [Physopt 32-670] No setup violation found.  DSP Register Optimization was not performed.
INFO: [Physopt 32-670] No setup violation found.  Shift Register to Pipeline Optimization was not performed.
INFO: [Physopt 32-670] No setup violation found.  Shift Register Optimization was not performed.
INFO: [Physopt 32-670] No setup violation found.  BRAM Register Optimization was not performed.
INFO: [Physopt 32-670] No setup violation found.  URAM Register Optimization was not performed.
INFO: [Physopt 32-949] No candidate nets found for HD net replication
INFO: [Physopt 32-775] End 1 Pass. Optimized 0 net or cell. Created 0 new cell, deleted 0 existing cell and moved 0 existing cell
Netlist sorting complete. Time (s): cpu = 00:00:00 ; elapsed = 00:00:00.001 . Memory (MB): peak = 1646.227 ; gain = 0.000

Summary of Physical Synthesis Optimizations
============================================


-----------------------------------------------------------------------------------------------------------------------------------------------------------
|  Optimization                                     |  Added Cells  |  Removed Cells  |  Optimized Cells/Nets  |  Dont Touch  |  Iterations  |  Elapsed   |
-----------------------------------------------------------------------------------------------------------------------------------------------------------
|  LUT Combining                                    |            0  |              2  |                     2  |           0  |           1  |  00:00:00  |
|  Very High Fanout                                 |            0  |              0  |                     0  |           0  |           1  |  00:00:00  |
|  DSP Register                                     |            0  |              0  |                     0  |           0  |           0  |  00:00:00  |
|  Shift Register to Pipeline                       |            0  |              0  |                     0  |           0  |           0  |  00:00:00  |
|  Shift Register                                   |            0  |              0  |                     0  |           0  |           0  |  00:00:00  |
|  BRAM Register                                    |            0  |              0  |                     0  |           0  |           0  |  00:00:00  |
|  URAM Register                                    |            0  |              0  |                     0  |           0  |           0  |  00:00:00  |
|  Dynamic/Static Region Interface Net Replication  |            0  |              0  |                     0  |           0  |           1  |  00:00:00  |
|  Total                                            |            0  |              2  |                     2  |           0  |           3  |  00:00:00  |
-----------------------------------------------------------------------------------------------------------------------------------------------------------


Phase 2.2.1 Physical Synthesis In Placer | Checksum: 1d0eae9e6

Time (s): cpu = 00:00:00 ; elapsed = 00:00:01 . Memory (MB): peak = 1646.227 ; gain = 0.000
Phase 2.2 Global Placement Core | Checksum: 1d785ab66

Time (s): cpu = 00:00:00 ; elapsed = 00:00:01 . Memory (MB): peak = 1646.227 ; gain = 0.000
Phase 2 Global Placement | Checksum: 1d785ab66

Time (s): cpu = 00:00:00 ; elapsed = 00:00:01 . Memory (MB): peak = 1646.227 ; gain = 0.000

Phase 3 Detail Placement

Phase 3.1 Commit Multi Column Macros
Phase 3.1 Commit Multi Column Macros | Checksum: 15dd38fd1

Time (s): cpu = 00:00:00 ; elapsed = 00:00:01 . Memory (MB): peak = 1646.227 ; gain = 0.000

Phase 3.2 Commit Most Macros & LUTRAMs
Phase 3.2 Commit Most Macros & LUTRAMs | Checksum: 1d21fa46a

Time (s): cpu = 00:00:00 ; elapsed = 00:00:01 . Memory (MB): peak = 1646.227 ; gain = 0.000

Phase 3.3 Area Swap Optimization
Phase 3.3 Area Swap Optimization | Checksum: 145adf7d0

Time (s): cpu = 00:00:00 ; elapsed = 00:00:01 . Memory (MB): peak = 1646.227 ; gain = 0.000

Phase 3.4 Pipeline Register Optimization
Phase 3.4 Pipeline Register Optimization | Checksum: 11b375ad5

Time (s): cpu = 00:00:00 ; elapsed = 00:00:01 . Memory (MB): peak = 1646.227 ; gain = 0.000

Phase 3.5 Small Shape Detail Placement
Phase 3.5 Small Shape Detail Placement | Checksum: 1c2743767

Time (s): cpu = 00:00:00 ; elapsed = 00:00:02 . Memory (MB): peak = 1646.227 ; gain = 0.000

Phase 3.6 Re-assign LUT pins
Phase 3.6 Re-assign LUT pins | Checksum: 179e73eb8

Time (s): cpu = 00:00:00 ; elapsed = 00:00:02 . Memory (MB): peak = 1646.227 ; gain = 0.000

Phase 3.7 Pipeline Register Optimization
Phase 3.7 Pipeline Register Optimization | Checksum: 1aab39bfd

Time (s): cpu = 00:00:00 ; elapsed = 00:00:02 . Memory (MB): peak = 1646.227 ; gain = 0.000
Phase 3 Detail Placement | Checksum: 1aab39bfd

Time (s): cpu = 00:00:00 ; elapsed = 00:00:02 . Memory (MB): peak = 1646.227 ; gain = 0.000

Phase 4 Post Placement Optimization and Clean-Up

Phase 4.1 Post Commit Optimization
INFO: [Timing 38-35] Done setting XDC timing constraints.
CRITICAL WARNING: [Timing 38-249] Generated clock rgb2dvi_m0/U0/SerialClk has no logical paths from master clock clk_out1_video_pll.
Resolution: Review the path between the master clock and the generated clock with the schematic viewer and correct the -source option. If it is correct and the master clock does not have a timing path to the generated clock, define the generated clock as a primary clock by using create_clock.

Phase 4.1.1 Post Placement Optimization
Post Placement Optimization Initialization | Checksum: 2bc64b327

Phase 4.1.1.1 BUFG Insertion

Starting Physical Synthesis Task

Phase 1 Physical Synthesis Initialization
INFO: [Physopt 32-721] Multithreading enabled for phys_opt_design using a maximum of 2 CPUs
INFO: [Physopt 32-619] Estimated Timing Summary | WNS=5.684 | TNS=0.000 |
Phase 1 Physical Synthesis Initialization | Checksum: 2b02f3848

Time (s): cpu = 00:00:00 ; elapsed = 00:00:00.024 . Memory (MB): peak = 1646.227 ; gain = 0.000
INFO: [Place 46-56] BUFG insertion identified 0 candidate nets. Inserted BUFG: 0, Replicated BUFG Driver: 0, Skipped due to Placement/Routing Conflicts: 0, Skipped due to Timing Degradation: 0, Skipped due to Illegal Netlist: 0.
CRITICAL WARNING: [Timing 38-249] Generated clock rgb2dvi_m0/U0/SerialClk has no logical paths from master clock clk_out1_video_pll.
Resolution: Review the path between the master clock and the generated clock with the schematic viewer and correct the -source option. If it is correct and the master clock does not have a timing path to the generated clock, define the generated clock as a primary clock by using create_clock.
Ending Physical Synthesis Task | Checksum: 2b5fcb6b4

Time (s): cpu = 00:00:00 ; elapsed = 00:00:00.026 . Memory (MB): peak = 1646.227 ; gain = 0.000
Phase 4.1.1.1 BUFG Insertion | Checksum: 2bc64b327

Time (s): cpu = 00:00:00 ; elapsed = 00:00:02 . Memory (MB): peak = 1646.227 ; gain = 0.000
INFO: [Place 30-746] Post Placement Timing Summary WNS=5.684. For the most accurate timing information please run report_timing.
Phase 4.1.1 Post Placement Optimization | Checksum: 2a5f5fa0d

Time (s): cpu = 00:00:00 ; elapsed = 00:00:02 . Memory (MB): peak = 1646.227 ; gain = 0.000
Phase 4.1 Post Commit Optimization | Checksum: 2a5f5fa0d

Time (s): cpu = 00:00:00 ; elapsed = 00:00:02 . Memory (MB): peak = 1646.227 ; gain = 0.000

Phase 4.2 Post Placement Cleanup
Phase 4.2 Post Placement Cleanup | Checksum: 2a5f5fa0d

Time (s): cpu = 00:00:00 ; elapsed = 00:00:02 . Memory (MB): peak = 1646.227 ; gain = 0.000

Phase 4.3 Placer Reporting
Phase 4.3 Placer Reporting | Checksum: 2a5f5fa0d

Time (s): cpu = 00:00:00 ; elapsed = 00:00:02 . Memory (MB): peak = 1646.227 ; gain = 0.000

Phase 4.4 Final Placement Cleanup
Netlist sorting complete. Time (s): cpu = 00:00:00 ; elapsed = 00:00:00 . Memory (MB): peak = 1646.227 ; gain = 0.000
Phase 4.4 Final Placement Cleanup | Checksum: 1dacecc58

Time (s): cpu = 00:00:00 ; elapsed = 00:00:02 . Memory (MB): peak = 1646.227 ; gain = 0.000
Phase 4 Post Placement Optimization and Clean-Up | Checksum: 1dacecc58

Time (s): cpu = 00:00:00 ; elapsed = 00:00:02 . Memory (MB): peak = 1646.227 ; gain = 0.000
Ending Placer Task | Checksum: 100a3c4a1

Time (s): cpu = 00:00:00 ; elapsed = 00:00:02 . Memory (MB): peak = 1646.227 ; gain = 0.000
INFO: [Common 17-83] Releasing license: Implementation
76 Infos, 24 Warnings, 5 Critical Warnings and 0 Errors encountered.
place_design completed successfully
INFO: [Timing 38-480] Writing timing data to binary archive.
Writing placer database...
Writing XDEF routing.
Writing XDEF routing logical nets.
Writing XDEF routing special nets.
Write XDEF Complete: Time (s): cpu = 00:00:00 ; elapsed = 00:00:00.062 . Memory (MB): peak = 1646.227 ; gain = 0.000
INFO: [Common 17-1381] The checkpoint 'E:/FPGA/RISC-V/AX7010_2023.1-course_s1_fpga-18_ad9238_hdmi/vivado_ad9238/vivado_ad9238.runs/impl_1/top_placed.dcp' has been generated.
INFO: [runtcl-4] Executing : report_io -file top_io_placed.rpt
report_io: Time (s): cpu = 00:00:00 ; elapsed = 00:00:00.038 . Memory (MB): peak = 1646.227 ; gain = 0.000
INFO: [runtcl-4] Executing : report_utilization -file top_utilization_placed.rpt -pb top_utilization_placed.pb
INFO: [runtcl-4] Executing : report_control_sets -verbose -file top_control_sets_placed.rpt
report_control_sets: Time (s): cpu = 00:00:00 ; elapsed = 00:00:00.002 . Memory (MB): peak = 1646.227 ; gain = 0.000
Command: phys_opt_design
Attempting to get a license for feature 'Implementation' and/or device 'xc7z010'
INFO: [Common 17-349] Got license for feature 'Implementation' and/or device 'xc7z010'
CRITICAL WARNING: [Timing 38-249] Generated clock rgb2dvi_m0/U0/SerialClk has no logical paths from master clock clk_out1_video_pll.
Resolution: Review the path between the master clock and the generated clock with the schematic viewer and correct the -source option. If it is correct and the master clock does not have a timing path to the generated clock, define the generated clock as a primary clock by using create_clock.
INFO: [Vivado_Tcl 4-383] Design worst setup slack (WNS) is greater than or equal to 0.000 ns. Skipping all physical synthesis optimizations.
INFO: [Vivado_Tcl 4-232] No setup violation found. The netlist was not modified.
INFO: [Common 17-83] Releasing license: Implementation
85 Infos, 24 Warnings, 6 Critical Warnings and 0 Errors encountered.
phys_opt_design completed successfully
INFO: [Timing 38-480] Writing timing data to binary archive.
Writing placer database...
Writing XDEF routing.
Writing XDEF routing logical nets.
Writing XDEF routing special nets.
Write XDEF Complete: Time (s): cpu = 00:00:01 ; elapsed = 00:00:00.068 . Memory (MB): peak = 1646.227 ; gain = 0.000
INFO: [Common 17-1381] The checkpoint 'E:/FPGA/RISC-V/AX7010_2023.1-course_s1_fpga-18_ad9238_hdmi/vivado_ad9238/vivado_ad9238.runs/impl_1/top_physopt.dcp' has been generated.
Command: route_design
Attempting to get a license for feature 'Implementation' and/or device 'xc7z010'
INFO: [Common 17-349] Got license for feature 'Implementation' and/or device 'xc7z010'
Running DRC as a precondition to command route_design
INFO: [DRC 23-27] Running DRC with 2 threads
INFO: [Vivado_Tcl 4-198] DRC finished with 0 Errors
INFO: [Vivado_Tcl 4-199] Please refer to the DRC report (report_drc) for more information.


Starting Routing Task
INFO: [Route 35-254] Multithreading enabled for route_design using a maximum of 2 CPUs
Checksum: PlaceDB: f6673f3d ConstDB: 0 ShapeSum: a3c8564 RouteDB: 0

Phase 1 Build RT Design
Phase 1 Build RT Design | Checksum: ab2c773a

Time (s): cpu = 00:00:02 ; elapsed = 00:00:07 . Memory (MB): peak = 1646.684 ; gain = 0.457
Post Restoration Checksum: NetGraph: 8bf5aa62 NumContArr: 1f36ccd8 Constraints: 0 Timing: 0

Phase 2 Router Initialization

Phase 2.1 Create Timer
Phase 2.1 Create Timer | Checksum: ab2c773a

Time (s): cpu = 00:00:02 ; elapsed = 00:00:07 . Memory (MB): peak = 1646.684 ; gain = 0.457

Phase 2.2 Fix Topology Constraints
Phase 2.2 Fix Topology Constraints | Checksum: ab2c773a

Time (s): cpu = 00:00:02 ; elapsed = 00:00:07 . Memory (MB): peak = 1652.719 ; gain = 6.492

Phase 2.3 Pre Route Cleanup
Phase 2.3 Pre Route Cleanup | Checksum: ab2c773a

Time (s): cpu = 00:00:02 ; elapsed = 00:00:07 . Memory (MB): peak = 1652.719 ; gain = 6.492
 Number of Nodes with overlaps = 0

Phase 2.4 Update Timing
Phase 2.4 Update Timing | Checksum: 201412050

Time (s): cpu = 00:00:02 ; elapsed = 00:00:07 . Memory (MB): peak = 1657.215 ; gain = 10.988
INFO: [Route 35-416] Intermediate Timing Summary | WNS=5.721  | TNS=0.000  | WHS=-0.467 | THS=-10.481|

Phase 2 Router Initialization | Checksum: 1a1ec6893

Time (s): cpu = 00:00:02 ; elapsed = 00:00:08 . Memory (MB): peak = 1657.215 ; gain = 10.988

Router Utilization Summary
  Global Vertical Routing Utilization    = 0 %
  Global Horizontal Routing Utilization  = 0 %
  Routable Net Status*
  *Does not include unroutable nets such as driverless and loadless.
  Run report_route_status for detailed report.
  Number of Failed Nets               = 835
    (Failed Nets is the sum of unrouted and partially routed nets)
  Number of Unrouted Nets             = 835
  Number of Partially Routed Nets     = 0
  Number of Node Overlaps             = 0


Phase 3 Initial Routing
Phase 3 Initial Routing | Checksum: a98656f7

Time (s): cpu = 00:00:02 ; elapsed = 00:00:08 . Memory (MB): peak = 1657.215 ; gain = 10.988

Phase 4 Rip-up And Reroute

Phase 4.1 Global Iteration 0
 Number of Nodes with overlaps = 53
 Number of Nodes with overlaps = 0
INFO: [Route 35-416] Intermediate Timing Summary | WNS=5.249  | TNS=0.000  | WHS=N/A    | THS=N/A    |

Phase 4.1 Global Iteration 0 | Checksum: 191114f1c

Time (s): cpu = 00:00:02 ; elapsed = 00:00:08 . Memory (MB): peak = 1657.215 ; gain = 10.988

Phase 4.2 Global Iteration 1
 Number of Nodes with overlaps = 2
 Number of Nodes with overlaps = 0
INFO: [Route 35-416] Intermediate Timing Summary | WNS=5.249  | TNS=0.000  | WHS=N/A    | THS=N/A    |

Phase 4.2 Global Iteration 1 | Checksum: 20d6bfa72

Time (s): cpu = 00:00:02 ; elapsed = 00:00:08 . Memory (MB): peak = 1657.215 ; gain = 10.988
Phase 4 Rip-up And Reroute | Checksum: 20d6bfa72

Time (s): cpu = 00:00:02 ; elapsed = 00:00:08 . Memory (MB): peak = 1657.215 ; gain = 10.988

Phase 5 Delay and Skew Optimization

Phase 5.1 Delay CleanUp
Phase 5.1 Delay CleanUp | Checksum: 20d6bfa72

Time (s): cpu = 00:00:02 ; elapsed = 00:00:08 . Memory (MB): peak = 1657.215 ; gain = 10.988

Phase 5.2 Clock Skew Optimization
Phase 5.2 Clock Skew Optimization | Checksum: 20d6bfa72

Time (s): cpu = 00:00:02 ; elapsed = 00:00:08 . Memory (MB): peak = 1657.215 ; gain = 10.988
Phase 5 Delay and Skew Optimization | Checksum: 20d6bfa72

Time (s): cpu = 00:00:02 ; elapsed = 00:00:08 . Memory (MB): peak = 1657.215 ; gain = 10.988

Phase 6 Post Hold Fix

Phase 6.1 Hold Fix Iter

Phase 6.1.1 Update Timing
Phase 6.1.1 Update Timing | Checksum: 136932378

Time (s): cpu = 00:00:02 ; elapsed = 00:00:08 . Memory (MB): peak = 1657.215 ; gain = 10.988
INFO: [Route 35-416] Intermediate Timing Summary | WNS=5.249  | TNS=0.000  | WHS=0.110  | THS=0.000  |

Phase 6.1 Hold Fix Iter | Checksum: 1dd1f80ad

Time (s): cpu = 00:00:02 ; elapsed = 00:00:08 . Memory (MB): peak = 1657.215 ; gain = 10.988
Phase 6 Post Hold Fix | Checksum: 1dd1f80ad

Time (s): cpu = 00:00:02 ; elapsed = 00:00:08 . Memory (MB): peak = 1657.215 ; gain = 10.988

Phase 7 Route finalize

Router Utilization Summary
  Global Vertical Routing Utilization    = 0.254645 %
  Global Horizontal Routing Utilization  = 0.222656 %
  Routable Net Status*
  *Does not include unroutable nets such as driverless and loadless.
  Run report_route_status for detailed report.
  Number of Failed Nets               = 0
    (Failed Nets is the sum of unrouted and partially routed nets)
  Number of Unrouted Nets             = 0
  Number of Partially Routed Nets     = 0
  Number of Node Overlaps             = 0

Phase 7 Route finalize | Checksum: 1a5792727

Time (s): cpu = 00:00:02 ; elapsed = 00:00:08 . Memory (MB): peak = 1657.215 ; gain = 10.988

Phase 8 Verifying routed nets

 Verification completed successfully
Phase 8 Verifying routed nets | Checksum: 1a5792727

Time (s): cpu = 00:00:02 ; elapsed = 00:00:08 . Memory (MB): peak = 1657.836 ; gain = 11.609

Phase 9 Depositing Routes
Phase 9 Depositing Routes | Checksum: e5d19b52

Time (s): cpu = 00:00:02 ; elapsed = 00:00:08 . Memory (MB): peak = 1657.836 ; gain = 11.609

Phase 10 Post Router Timing
INFO: [Route 35-57] Estimated Timing Summary | WNS=5.249  | TNS=0.000  | WHS=0.110  | THS=0.000  |

INFO: [Route 35-327] The final timing numbers are based on the router estimated timing analysis. For a complete and accurate timing signoff, please run report_timing_summary.
Phase 10 Post Router Timing | Checksum: e5d19b52

Time (s): cpu = 00:00:02 ; elapsed = 00:00:08 . Memory (MB): peak = 1657.836 ; gain = 11.609
INFO: [Route 35-16] Router Completed Successfully

Time (s): cpu = 00:00:02 ; elapsed = 00:00:08 . Memory (MB): peak = 1657.836 ; gain = 11.609

Routing Is Done.
INFO: [Common 17-83] Releasing license: Implementation
100 Infos, 24 Warnings, 6 Critical Warnings and 0 Errors encountered.
route_design completed successfully
route_design: Time (s): cpu = 00:00:02 ; elapsed = 00:00:09 . Memory (MB): peak = 1657.836 ; gain = 11.609
INFO: [Timing 38-480] Writing timing data to binary archive.
Writing placer database...
Writing XDEF routing.
Writing XDEF routing logical nets.
Writing XDEF routing special nets.
Write XDEF Complete: Time (s): cpu = 00:00:00 ; elapsed = 00:00:00.079 . Memory (MB): peak = 1667.656 ; gain = 9.820
INFO: [Common 17-1381] The checkpoint 'E:/FPGA/RISC-V/AX7010_2023.1-course_s1_fpga-18_ad9238_hdmi/vivado_ad9238/vivado_ad9238.runs/impl_1/top_routed.dcp' has been generated.
INFO: [runtcl-4] Executing : report_drc -file top_drc_routed.rpt -pb top_drc_routed.pb -rpx top_drc_routed.rpx
Command: report_drc -file top_drc_routed.rpt -pb top_drc_routed.pb -rpx top_drc_routed.rpx
INFO: [IP_Flow 19-1839] IP Catalog is up to date.
INFO: [DRC 23-27] Running DRC with 2 threads
INFO: [Coretcl 2-168] The results of DRC are in file E:/FPGA/RISC-V/AX7010_2023.1-course_s1_fpga-18_ad9238_hdmi/vivado_ad9238/vivado_ad9238.runs/impl_1/top_drc_routed.rpt.
report_drc completed successfully
INFO: [runtcl-4] Executing : report_methodology -file top_methodology_drc_routed.rpt -pb top_methodology_drc_routed.pb -rpx top_methodology_drc_routed.rpx
Command: report_methodology -file top_methodology_drc_routed.rpt -pb top_methodology_drc_routed.pb -rpx top_methodology_drc_routed.rpx
INFO: [Timing 38-35] Done setting XDC timing constraints.
CRITICAL WARNING: [Timing 38-249] Generated clock rgb2dvi_m0/U0/SerialClk has no logical paths from master clock clk_out1_video_pll.
Resolution: Review the path between the master clock and the generated clock with the schematic viewer and correct the -source option. If it is correct and the master clock does not have a timing path to the generated clock, define the generated clock as a primary clock by using create_clock.
INFO: [DRC 23-133] Running Methodology with 2 threads
INFO: [Coretcl 2-1520] The results of Report Methodology are in file E:/FPGA/RISC-V/AX7010_2023.1-course_s1_fpga-18_ad9238_hdmi/vivado_ad9238/vivado_ad9238.runs/impl_1/top_methodology_drc_routed.rpt.
report_methodology completed successfully
INFO: [runtcl-4] Executing : report_power -file top_power_routed.rpt -pb top_power_summary_routed.pb -rpx top_power_routed.rpx
Command: report_power -file top_power_routed.rpt -pb top_power_summary_routed.pb -rpx top_power_routed.rpx
INFO: [Timing 38-35] Done setting XDC timing constraints.
CRITICAL WARNING: [Timing 38-249] Generated clock rgb2dvi_m0/U0/SerialClk has no logical paths from master clock clk_out1_video_pll.
Resolution: Review the path between the master clock and the generated clock with the schematic viewer and correct the -source option. If it is correct and the master clock does not have a timing path to the generated clock, define the generated clock as a primary clock by using create_clock.
Running Vector-less Activity Propagation...
CRITICAL WARNING: [Timing 38-249] Generated clock rgb2dvi_m0/U0/SerialClk has no logical paths from master clock clk_out1_video_pll.
Resolution: Review the path between the master clock and the generated clock with the schematic viewer and correct the -source option. If it is correct and the master clock does not have a timing path to the generated clock, define the generated clock as a primary clock by using create_clock.

Finished Running Vector-less Activity Propagation
112 Infos, 24 Warnings, 9 Critical Warnings and 0 Errors encountered.
report_power completed successfully
INFO: [runtcl-4] Executing : report_route_status -file top_route_status.rpt -pb top_route_status.pb
INFO: [runtcl-4] Executing : report_timing_summary -max_paths 10 -file top_timing_summary_routed.rpt -pb top_timing_summary_routed.pb -rpx top_timing_summary_routed.rpx -warn_on_violation 
INFO: [Timing 38-91] UpdateTimingParams: Speed grade: -1, Delay Type: min_max.
INFO: [Timing 38-191] Multithreading enabled for timing update using a maximum of 2 CPUs
CRITICAL WARNING: [Timing 38-249] Generated clock rgb2dvi_m0/U0/SerialClk has no logical paths from master clock clk_out1_video_pll.
Resolution: Review the path between the master clock and the generated clock with the schematic viewer and correct the -source option. If it is correct and the master clock does not have a timing path to the generated clock, define the generated clock as a primary clock by using create_clock.
INFO: [runtcl-4] Executing : report_incremental_reuse -file top_incremental_reuse_routed.rpt
INFO: [Vivado_Tcl 4-1062] Incremental flow is disabled. No incremental reuse Info to report.
INFO: [runtcl-4] Executing : report_clock_utilization -file top_clock_utilization_routed.rpt
INFO: [runtcl-4] Executing : report_bus_skew -warn_on_violation -file top_bus_skew_routed.rpt -pb top_bus_skew_routed.pb -rpx top_bus_skew_routed.rpx
INFO: [Timing 38-91] UpdateTimingParams: Speed grade: -1, Delay Type: min_max.
INFO: [Timing 38-191] Multithreading enabled for timing update using a maximum of 2 CPUs
CRITICAL WARNING: [Timing 38-249] Generated clock rgb2dvi_m0/U0/SerialClk has no logical paths from master clock clk_out1_video_pll.
Resolution: Review the path between the master clock and the generated clock with the schematic viewer and correct the -source option. If it is correct and the master clock does not have a timing path to the generated clock, define the generated clock as a primary clock by using create_clock.
INFO: [Common 17-206] Exiting Vivado at Mon Nov 11 10:46:20 2024...
[Mon Nov 11 10:46:22 2024] impl_1 finished
wait_on_run: Time (s): cpu = 00:00:00 ; elapsed = 00:00:40 . Memory (MB): peak = 1016.930 ; gain = 0.000
# synth_design -top $Topname
Command: synth_design -top top
Starting synth_design
Using part: xc7z010clg400-1
Attempting to get a license for feature 'Synthesis' and/or device 'xc7z010'
INFO: [Common 17-349] Got license for feature 'Synthesis' and/or device 'xc7z010'
INFO: [Device 21-403] Loading part xc7z010clg400-1
INFO: [Synth 8-7079] Multithreading enabled for synth_design using a maximum of 2 processes.
INFO: [Synth 8-7078] Launching helper process for spawning children vivado processes
INFO: [Synth 8-7075] Helper process launched with PID 16484
---------------------------------------------------------------------------------
Starting RTL Elaboration : Time (s): cpu = 00:00:00 ; elapsed = 00:00:03 . Memory (MB): peak = 1016.930 ; gain = 0.000
---------------------------------------------------------------------------------
INFO: [Synth 8-6157] synthesizing module 'top' [E:/FPGA/RISC-V/AX7010_2023.1-course_s1_fpga-18_ad9238_hdmi/vivado_ad9238/vivado_ad9238.srcs/sources_1/new/top.v:29]
INFO: [Synth 8-6157] synthesizing module 'video_pll' [E:/FPGA/RISC-V/AX7010_2023.1-course_s1_fpga-18_ad9238_hdmi/.Xil/Vivado-28492-LAPTOP-C0SBPNAP/realtime/video_pll_stub.v:5]
INFO: [Synth 8-6155] done synthesizing module 'video_pll' (1#1) [E:/FPGA/RISC-V/AX7010_2023.1-course_s1_fpga-18_ad9238_hdmi/.Xil/Vivado-28492-LAPTOP-C0SBPNAP/realtime/video_pll_stub.v:5]
INFO: [Synth 8-6157] synthesizing module 'rgb2dvi_0' [E:/FPGA/RISC-V/AX7010_2023.1-course_s1_fpga-18_ad9238_hdmi/.Xil/Vivado-28492-LAPTOP-C0SBPNAP/realtime/rgb2dvi_0_stub.v:6]
INFO: [Synth 8-6155] done synthesizing module 'rgb2dvi_0' (2#1) [E:/FPGA/RISC-V/AX7010_2023.1-course_s1_fpga-18_ad9238_hdmi/.Xil/Vivado-28492-LAPTOP-C0SBPNAP/realtime/rgb2dvi_0_stub.v:6]
INFO: [Synth 8-6157] synthesizing module 'adc_pll' [E:/FPGA/RISC-V/AX7010_2023.1-course_s1_fpga-18_ad9238_hdmi/.Xil/Vivado-28492-LAPTOP-C0SBPNAP/realtime/adc_pll_stub.v:5]
INFO: [Synth 8-6155] done synthesizing module 'adc_pll' (3#1) [E:/FPGA/RISC-V/AX7010_2023.1-course_s1_fpga-18_ad9238_hdmi/.Xil/Vivado-28492-LAPTOP-C0SBPNAP/realtime/adc_pll_stub.v:5]
INFO: [Synth 8-6157] synthesizing module 'color_bar' [E:/FPGA/RISC-V/AX7010_2023.1-course_s1_fpga-18_ad9238_hdmi/vivado_ad9238/vivado_ad9238.srcs/sources_1/new/color_bar.v:33]
	Parameter H_ACTIVE bound to: 16'b0000010100000000 
	Parameter H_FP bound to: 16'b0000000001101110 
	Parameter H_SYNC bound to: 16'b0000000000101000 
	Parameter H_BP bound to: 16'b0000000011011100 
	Parameter V_ACTIVE bound to: 16'b0000001011010000 
	Parameter V_FP bound to: 16'b0000000000000101 
	Parameter V_SYNC bound to: 16'b0000000000000101 
	Parameter V_BP bound to: 16'b0000000000010100 
	Parameter HS_POL bound to: 1'b1 
	Parameter VS_POL bound to: 1'b1 
	Parameter H_TOTAL bound to: 16'b0000011001110010 
	Parameter V_TOTAL bound to: 16'b0000001011101110 
	Parameter WHITE_R bound to: 8'b11111111 
	Parameter WHITE_G bound to: 8'b11111111 
	Parameter WHITE_B bound to: 8'b11111111 
	Parameter YELLOW_R bound to: 8'b11111111 
	Parameter YELLOW_G bound to: 8'b11111111 
	Parameter YELLOW_B bound to: 8'b00000000 
	Parameter CYAN_R bound to: 8'b00000000 
	Parameter CYAN_G bound to: 8'b11111111 
	Parameter CYAN_B bound to: 8'b11111111 
	Parameter GREEN_R bound to: 8'b00000000 
	Parameter GREEN_G bound to: 8'b11111111 
	Parameter GREEN_B bound to: 8'b00000000 
	Parameter MAGENTA_R bound to: 8'b11111111 
	Parameter MAGENTA_G bound to: 8'b00000000 
	Parameter MAGENTA_B bound to: 8'b11111111 
	Parameter RED_R bound to: 8'b11111111 
	Parameter RED_G bound to: 8'b00000000 
	Parameter RED_B bound to: 8'b00000000 
	Parameter BLUE_R bound to: 8'b00000000 
	Parameter BLUE_G bound to: 8'b00000000 
	Parameter BLUE_B bound to: 8'b11111111 
	Parameter BLACK_R bound to: 8'b00000000 
	Parameter BLACK_G bound to: 8'b00000000 
	Parameter BLACK_B bound to: 8'b00000000 
INFO: [Synth 8-6155] done synthesizing module 'color_bar' (4#1) [E:/FPGA/RISC-V/AX7010_2023.1-course_s1_fpga-18_ad9238_hdmi/vivado_ad9238/vivado_ad9238.srcs/sources_1/new/color_bar.v:33]
INFO: [Synth 8-6157] synthesizing module 'grid_display' [E:/FPGA/RISC-V/AX7010_2023.1-course_s1_fpga-18_ad9238_hdmi/vivado_ad9238/vivado_ad9238.srcs/sources_1/new/grid_display.v:29]
INFO: [Synth 8-6157] synthesizing module 'timing_gen_xy' [E:/FPGA/RISC-V/AX7010_2023.1-course_s1_fpga-18_ad9238_hdmi/vivado_ad9238/vivado_ad9238.srcs/sources_1/new/timing_gen_xy.v:29]
INFO: [Synth 8-6155] done synthesizing module 'timing_gen_xy' (5#1) [E:/FPGA/RISC-V/AX7010_2023.1-course_s1_fpga-18_ad9238_hdmi/vivado_ad9238/vivado_ad9238.srcs/sources_1/new/timing_gen_xy.v:29]
INFO: [Synth 8-6155] done synthesizing module 'grid_display' (6#1) [E:/FPGA/RISC-V/AX7010_2023.1-course_s1_fpga-18_ad9238_hdmi/vivado_ad9238/vivado_ad9238.srcs/sources_1/new/grid_display.v:29]
INFO: [Synth 8-6157] synthesizing module 'ad9238_sample' [E:/FPGA/RISC-V/AX7010_2023.1-course_s1_fpga-18_ad9238_hdmi/vivado_ad9238/vivado_ad9238.srcs/sources_1/new/ad9238_sample.v:29]
	Parameter S_IDLE bound to: 0 - type: integer 
	Parameter S_SAMPLE bound to: 1 - type: integer 
	Parameter S_WAIT bound to: 2 - type: integer 
INFO: [Synth 8-6155] done synthesizing module 'ad9238_sample' (7#1) [E:/FPGA/RISC-V/AX7010_2023.1-course_s1_fpga-18_ad9238_hdmi/vivado_ad9238/vivado_ad9238.srcs/sources_1/new/ad9238_sample.v:29]
WARNING: [Synth 8-689] width (11) of port connection 'adc_buf_addr' does not match port width (12) of module 'ad9238_sample' [E:/FPGA/RISC-V/AX7010_2023.1-course_s1_fpga-18_ad9238_hdmi/vivado_ad9238/vivado_ad9238.srcs/sources_1/new/top.v:166]
WARNING: [Synth 8-689] width (11) of port connection 'adc_buf_addr' does not match port width (12) of module 'ad9238_sample' [E:/FPGA/RISC-V/AX7010_2023.1-course_s1_fpga-18_ad9238_hdmi/vivado_ad9238/vivado_ad9238.srcs/sources_1/new/top.v:174]
INFO: [Synth 8-6157] synthesizing module 'wav_display' [E:/FPGA/RISC-V/AX7010_2023.1-course_s1_fpga-18_ad9238_hdmi/vivado_ad9238/vivado_ad9238.srcs/sources_1/new/wav_display.v:29]
INFO: [Synth 8-6157] synthesizing module 'dpram2048x8' [E:/FPGA/RISC-V/AX7010_2023.1-course_s1_fpga-18_ad9238_hdmi/.Xil/Vivado-28492-LAPTOP-C0SBPNAP/realtime/dpram2048x8_stub.v:6]
INFO: [Synth 8-6155] done synthesizing module 'dpram2048x8' (8#1) [E:/FPGA/RISC-V/AX7010_2023.1-course_s1_fpga-18_ad9238_hdmi/.Xil/Vivado-28492-LAPTOP-C0SBPNAP/realtime/dpram2048x8_stub.v:6]
INFO: [Synth 8-6155] done synthesizing module 'wav_display' (9#1) [E:/FPGA/RISC-V/AX7010_2023.1-course_s1_fpga-18_ad9238_hdmi/vivado_ad9238/vivado_ad9238.srcs/sources_1/new/wav_display.v:29]
INFO: [Synth 8-6155] done synthesizing module 'top' (10#1) [E:/FPGA/RISC-V/AX7010_2023.1-course_s1_fpga-18_ad9238_hdmi/vivado_ad9238/vivado_ad9238.srcs/sources_1/new/top.v:29]
---------------------------------------------------------------------------------
Finished RTL Elaboration : Time (s): cpu = 00:00:01 ; elapsed = 00:00:04 . Memory (MB): peak = 1018.766 ; gain = 1.836
---------------------------------------------------------------------------------
---------------------------------------------------------------------------------
Start Handling Custom Attributes
---------------------------------------------------------------------------------
---------------------------------------------------------------------------------
Finished Handling Custom Attributes : Time (s): cpu = 00:00:01 ; elapsed = 00:00:04 . Memory (MB): peak = 1018.766 ; gain = 1.836
---------------------------------------------------------------------------------
---------------------------------------------------------------------------------
Finished RTL Optimization Phase 1 : Time (s): cpu = 00:00:01 ; elapsed = 00:00:04 . Memory (MB): peak = 1018.766 ; gain = 1.836
---------------------------------------------------------------------------------
Netlist sorting complete. Time (s): cpu = 00:00:00 ; elapsed = 00:00:00.011 . Memory (MB): peak = 1018.766 ; gain = 0.000
INFO: [Project 1-570] Preparing netlist for logic optimization

Processing XDC Constraints
Initializing timing engine
Parsing XDC File [e:/FPGA/RISC-V/AX7010_2023.1-course_s1_fpga-18_ad9238_hdmi/vivado_ad9238/vivado_ad9238.srcs/sources_1/ip/rgb2dvi_0/rgb2dvi_0/rgb2dvi_0_in_context.xdc] for cell 'rgb2dvi_m0'
WARNING: [Vivado 12-584] No ports matched ''. [e:/FPGA/RISC-V/AX7010_2023.1-course_s1_fpga-18_ad9238_hdmi/vivado_ad9238/vivado_ad9238.srcs/sources_1/ip/rgb2dvi_0/rgb2dvi_0/rgb2dvi_0_in_context.xdc:1]
Finished Parsing XDC File [e:/FPGA/RISC-V/AX7010_2023.1-course_s1_fpga-18_ad9238_hdmi/vivado_ad9238/vivado_ad9238.srcs/sources_1/ip/rgb2dvi_0/rgb2dvi_0/rgb2dvi_0_in_context.xdc] for cell 'rgb2dvi_m0'
Parsing XDC File [e:/FPGA/RISC-V/AX7010_2023.1-course_s1_fpga-18_ad9238_hdmi/vivado_ad9238/vivado_ad9238.srcs/sources_1/ip/video_pll/video_pll/video_pll_in_context.xdc] for cell 'video_pll_m0'
WARNING: [Vivado 12-584] No ports matched ''. [e:/FPGA/RISC-V/AX7010_2023.1-course_s1_fpga-18_ad9238_hdmi/vivado_ad9238/vivado_ad9238.srcs/sources_1/ip/video_pll/video_pll/video_pll_in_context.xdc:1]
WARNING: [Vivado 12-584] No ports matched ''. [e:/FPGA/RISC-V/AX7010_2023.1-course_s1_fpga-18_ad9238_hdmi/vivado_ad9238/vivado_ad9238.srcs/sources_1/ip/video_pll/video_pll/video_pll_in_context.xdc:4]
WARNING: [Vivado 12-584] No ports matched ''. [e:/FPGA/RISC-V/AX7010_2023.1-course_s1_fpga-18_ad9238_hdmi/vivado_ad9238/vivado_ad9238.srcs/sources_1/ip/video_pll/video_pll/video_pll_in_context.xdc:6]
Finished Parsing XDC File [e:/FPGA/RISC-V/AX7010_2023.1-course_s1_fpga-18_ad9238_hdmi/vivado_ad9238/vivado_ad9238.srcs/sources_1/ip/video_pll/video_pll/video_pll_in_context.xdc] for cell 'video_pll_m0'
Parsing XDC File [e:/FPGA/RISC-V/AX7010_2023.1-course_s1_fpga-18_ad9238_hdmi/vivado_ad9238/vivado_ad9238.srcs/sources_1/ip/adc_pll/adc_pll/adc_pll_in_context.xdc] for cell 'adc_pll_m0'
WARNING: [Vivado 12-584] No ports matched ''. [e:/FPGA/RISC-V/AX7010_2023.1-course_s1_fpga-18_ad9238_hdmi/vivado_ad9238/vivado_ad9238.srcs/sources_1/ip/adc_pll/adc_pll/adc_pll_in_context.xdc:2]
Finished Parsing XDC File [e:/FPGA/RISC-V/AX7010_2023.1-course_s1_fpga-18_ad9238_hdmi/vivado_ad9238/vivado_ad9238.srcs/sources_1/ip/adc_pll/adc_pll/adc_pll_in_context.xdc] for cell 'adc_pll_m0'
Parsing XDC File [e:/FPGA/RISC-V/AX7010_2023.1-course_s1_fpga-18_ad9238_hdmi/vivado_ad9238/vivado_ad9238.srcs/sources_1/ip/dpram2048x8/dpram2048x8/dpram2048x8_in_context.xdc] for cell 'wav_display_m0/buffer'
Finished Parsing XDC File [e:/FPGA/RISC-V/AX7010_2023.1-course_s1_fpga-18_ad9238_hdmi/vivado_ad9238/vivado_ad9238.srcs/sources_1/ip/dpram2048x8/dpram2048x8/dpram2048x8_in_context.xdc] for cell 'wav_display_m0/buffer'
Parsing XDC File [e:/FPGA/RISC-V/AX7010_2023.1-course_s1_fpga-18_ad9238_hdmi/vivado_ad9238/vivado_ad9238.srcs/sources_1/ip/dpram2048x8/dpram2048x8/dpram2048x8_in_context.xdc] for cell 'wav_display_m1/buffer'
Finished Parsing XDC File [e:/FPGA/RISC-V/AX7010_2023.1-course_s1_fpga-18_ad9238_hdmi/vivado_ad9238/vivado_ad9238.srcs/sources_1/ip/dpram2048x8/dpram2048x8/dpram2048x8_in_context.xdc] for cell 'wav_display_m1/buffer'
Parsing XDC File [E:/FPGA/RISC-V/AX7010_2023.1-course_s1_fpga-18_ad9238_hdmi/vivado_ad9238/vivado_ad9238.srcs/constrs_1/new/ad9238_hdmi.xdc]
WARNING: [Constraints 18-619] A clock with name 'sys_clk' already exists, overwriting the previous clock with the same name. [E:/FPGA/RISC-V/AX7010_2023.1-course_s1_fpga-18_ad9238_hdmi/vivado_ad9238/vivado_ad9238.srcs/constrs_1/new/ad9238_hdmi.xdc:2]
Finished Parsing XDC File [E:/FPGA/RISC-V/AX7010_2023.1-course_s1_fpga-18_ad9238_hdmi/vivado_ad9238/vivado_ad9238.srcs/constrs_1/new/ad9238_hdmi.xdc]
INFO: [Project 1-236] Implementation specific constraints were found while reading constraint file [E:/FPGA/RISC-V/AX7010_2023.1-course_s1_fpga-18_ad9238_hdmi/vivado_ad9238/vivado_ad9238.srcs/constrs_1/new/ad9238_hdmi.xdc]. These constraints will be ignored for synthesis but will be used in implementation. Impacted constraints are listed in the file [.Xil/top_propImpl.xdc].
Resolution: To avoid this warning, move constraints listed in [.Xil/top_propImpl.xdc] to another XDC file and exclude this new file from synthesis with the used_in_synthesis property (File Properties dialog in GUI) and re-run elaboration/synthesis.
Completed Processing XDC Constraints

Netlist sorting complete. Time (s): cpu = 00:00:00 ; elapsed = 00:00:00.001 . Memory (MB): peak = 1125.730 ; gain = 0.000
INFO: [Project 1-111] Unisim Transformation Summary:
No Unisim elements were transformed.

Constraint Validation Runtime : Time (s): cpu = 00:00:00 ; elapsed = 00:00:00.005 . Memory (MB): peak = 1125.730 ; gain = 0.000
WARNING: [Timing 38-316] Clock period '20.000' specified during out-of-context synthesis of instance 'wav_display_m0/buffer' at clock pin 'clka' is different from the actual clock period '15.385', this can lead to different synthesis results.
WARNING: [Timing 38-316] Clock period '20.000' specified during out-of-context synthesis of instance 'wav_display_m1/buffer' at clock pin 'clka' is different from the actual clock period '15.385', this can lead to different synthesis results.
---------------------------------------------------------------------------------
Finished Constraint Validation : Time (s): cpu = 00:00:01 ; elapsed = 00:00:08 . Memory (MB): peak = 1125.766 ; gain = 108.836
---------------------------------------------------------------------------------
---------------------------------------------------------------------------------
Start Loading Part and Timing Information
---------------------------------------------------------------------------------
Loading part: xc7z010clg400-1
---------------------------------------------------------------------------------
Finished Loading Part and Timing Information : Time (s): cpu = 00:00:01 ; elapsed = 00:00:08 . Memory (MB): peak = 1125.766 ; gain = 108.836
---------------------------------------------------------------------------------
---------------------------------------------------------------------------------
Start Applying 'set_property' XDC Constraints
---------------------------------------------------------------------------------
Applied set_property IO_BUFFER_TYPE = NONE for TMDS_clk_n. (constraint file  e:/FPGA/RISC-V/AX7010_2023.1-course_s1_fpga-18_ad9238_hdmi/vivado_ad9238/vivado_ad9238.srcs/sources_1/ip/rgb2dvi_0/rgb2dvi_0/rgb2dvi_0_in_context.xdc, line 3).
Applied set_property CLOCK_BUFFER_TYPE = NONE for TMDS_clk_n. (constraint file  e:/FPGA/RISC-V/AX7010_2023.1-course_s1_fpga-18_ad9238_hdmi/vivado_ad9238/vivado_ad9238.srcs/sources_1/ip/rgb2dvi_0/rgb2dvi_0/rgb2dvi_0_in_context.xdc, line 4).
Applied set_property IO_BUFFER_TYPE = NONE for TMDS_clk_p. (constraint file  e:/FPGA/RISC-V/AX7010_2023.1-course_s1_fpga-18_ad9238_hdmi/vivado_ad9238/vivado_ad9238.srcs/sources_1/ip/rgb2dvi_0/rgb2dvi_0/rgb2dvi_0_in_context.xdc, line 5).
Applied set_property CLOCK_BUFFER_TYPE = NONE for TMDS_clk_p. (constraint file  e:/FPGA/RISC-V/AX7010_2023.1-course_s1_fpga-18_ad9238_hdmi/vivado_ad9238/vivado_ad9238.srcs/sources_1/ip/rgb2dvi_0/rgb2dvi_0/rgb2dvi_0_in_context.xdc, line 6).
Applied set_property IO_BUFFER_TYPE = NONE for TMDS_data_n[0]. (constraint file  e:/FPGA/RISC-V/AX7010_2023.1-course_s1_fpga-18_ad9238_hdmi/vivado_ad9238/vivado_ad9238.srcs/sources_1/ip/rgb2dvi_0/rgb2dvi_0/rgb2dvi_0_in_context.xdc, line 7).
Applied set_property CLOCK_BUFFER_TYPE = NONE for TMDS_data_n[0]. (constraint file  e:/FPGA/RISC-V/AX7010_2023.1-course_s1_fpga-18_ad9238_hdmi/vivado_ad9238/vivado_ad9238.srcs/sources_1/ip/rgb2dvi_0/rgb2dvi_0/rgb2dvi_0_in_context.xdc, line 8).
Applied set_property IO_BUFFER_TYPE = NONE for TMDS_data_n[1]. (constraint file  e:/FPGA/RISC-V/AX7010_2023.1-course_s1_fpga-18_ad9238_hdmi/vivado_ad9238/vivado_ad9238.srcs/sources_1/ip/rgb2dvi_0/rgb2dvi_0/rgb2dvi_0_in_context.xdc, line 9).
Applied set_property CLOCK_BUFFER_TYPE = NONE for TMDS_data_n[1]. (constraint file  e:/FPGA/RISC-V/AX7010_2023.1-course_s1_fpga-18_ad9238_hdmi/vivado_ad9238/vivado_ad9238.srcs/sources_1/ip/rgb2dvi_0/rgb2dvi_0/rgb2dvi_0_in_context.xdc, line 10).
Applied set_property IO_BUFFER_TYPE = NONE for TMDS_data_n[2]. (constraint file  e:/FPGA/RISC-V/AX7010_2023.1-course_s1_fpga-18_ad9238_hdmi/vivado_ad9238/vivado_ad9238.srcs/sources_1/ip/rgb2dvi_0/rgb2dvi_0/rgb2dvi_0_in_context.xdc, line 11).
Applied set_property CLOCK_BUFFER_TYPE = NONE for TMDS_data_n[2]. (constraint file  e:/FPGA/RISC-V/AX7010_2023.1-course_s1_fpga-18_ad9238_hdmi/vivado_ad9238/vivado_ad9238.srcs/sources_1/ip/rgb2dvi_0/rgb2dvi_0/rgb2dvi_0_in_context.xdc, line 12).
Applied set_property IO_BUFFER_TYPE = NONE for TMDS_data_p[0]. (constraint file  e:/FPGA/RISC-V/AX7010_2023.1-course_s1_fpga-18_ad9238_hdmi/vivado_ad9238/vivado_ad9238.srcs/sources_1/ip/rgb2dvi_0/rgb2dvi_0/rgb2dvi_0_in_context.xdc, line 13).
Applied set_property CLOCK_BUFFER_TYPE = NONE for TMDS_data_p[0]. (constraint file  e:/FPGA/RISC-V/AX7010_2023.1-course_s1_fpga-18_ad9238_hdmi/vivado_ad9238/vivado_ad9238.srcs/sources_1/ip/rgb2dvi_0/rgb2dvi_0/rgb2dvi_0_in_context.xdc, line 14).
Applied set_property IO_BUFFER_TYPE = NONE for TMDS_data_p[1]. (constraint file  e:/FPGA/RISC-V/AX7010_2023.1-course_s1_fpga-18_ad9238_hdmi/vivado_ad9238/vivado_ad9238.srcs/sources_1/ip/rgb2dvi_0/rgb2dvi_0/rgb2dvi_0_in_context.xdc, line 15).
Applied set_property CLOCK_BUFFER_TYPE = NONE for TMDS_data_p[1]. (constraint file  e:/FPGA/RISC-V/AX7010_2023.1-course_s1_fpga-18_ad9238_hdmi/vivado_ad9238/vivado_ad9238.srcs/sources_1/ip/rgb2dvi_0/rgb2dvi_0/rgb2dvi_0_in_context.xdc, line 16).
Applied set_property IO_BUFFER_TYPE = NONE for TMDS_data_p[2]. (constraint file  e:/FPGA/RISC-V/AX7010_2023.1-course_s1_fpga-18_ad9238_hdmi/vivado_ad9238/vivado_ad9238.srcs/sources_1/ip/rgb2dvi_0/rgb2dvi_0/rgb2dvi_0_in_context.xdc, line 17).
Applied set_property CLOCK_BUFFER_TYPE = NONE for TMDS_data_p[2]. (constraint file  e:/FPGA/RISC-V/AX7010_2023.1-course_s1_fpga-18_ad9238_hdmi/vivado_ad9238/vivado_ad9238.srcs/sources_1/ip/rgb2dvi_0/rgb2dvi_0/rgb2dvi_0_in_context.xdc, line 18).
Applied set_property IO_BUFFER_TYPE = NONE for sys_clk. (constraint file  e:/FPGA/RISC-V/AX7010_2023.1-course_s1_fpga-18_ad9238_hdmi/vivado_ad9238/vivado_ad9238.srcs/sources_1/ip/video_pll/video_pll/video_pll_in_context.xdc, line 7).
Applied set_property CLOCK_BUFFER_TYPE = NONE for sys_clk. (constraint file  e:/FPGA/RISC-V/AX7010_2023.1-course_s1_fpga-18_ad9238_hdmi/vivado_ad9238/vivado_ad9238.srcs/sources_1/ip/video_pll/video_pll/video_pll_in_context.xdc, line 8).
---------------------------------------------------------------------------------
Finished applying 'set_property' XDC Constraints : Time (s): cpu = 00:00:01 ; elapsed = 00:00:08 . Memory (MB): peak = 1125.766 ; gain = 108.836
---------------------------------------------------------------------------------
INFO: [Synth 8-802] inferred FSM for state register 'state_reg' in module 'ad9238_sample'
---------------------------------------------------------------------------------------------------
                   State |                     New Encoding |                Previous Encoding 
---------------------------------------------------------------------------------------------------
                  S_IDLE |                              001 |                              000
                S_SAMPLE |                              010 |                              001
                  S_WAIT |                              100 |                              010
---------------------------------------------------------------------------------------------------
INFO: [Synth 8-3354] encoded FSM with state register 'state_reg' using encoding 'one-hot' in module 'ad9238_sample'
---------------------------------------------------------------------------------
Finished RTL Optimization Phase 2 : Time (s): cpu = 00:00:01 ; elapsed = 00:00:08 . Memory (MB): peak = 1125.766 ; gain = 108.836
---------------------------------------------------------------------------------
---------------------------------------------------------------------------------
Start RTL Component Statistics 
---------------------------------------------------------------------------------
Detailed RTL Component Info : 
+---Adders : 
	   2 Input   32 Bit       Adders := 2     
	   2 Input   12 Bit       Adders := 5     
	   2 Input   11 Bit       Adders := 4     
	   2 Input    9 Bit       Adders := 1     
+---Registers : 
	               32 Bit    Registers := 2     
	               24 Bit    Registers := 9     
	               12 Bit    Registers := 3     
	               11 Bit    Registers := 4     
	                9 Bit    Registers := 1     
	                8 Bit    Registers := 5     
	                1 Bit    Registers := 30    
+---Muxes : 
	   2 Input   32 Bit        Muxes := 2     
	   3 Input   24 Bit        Muxes := 1     
	   2 Input   24 Bit        Muxes := 4     
	   2 Input   12 Bit        Muxes := 2     
	   2 Input   11 Bit        Muxes := 2     
	   2 Input    9 Bit        Muxes := 1     
	   8 Input    8 Bit        Muxes := 1     
	   6 Input    8 Bit        Muxes := 1     
	   9 Input    8 Bit        Muxes := 1     
	   3 Input    3 Bit        Muxes := 2     
	   3 Input    1 Bit        Muxes := 3     
	   2 Input    1 Bit        Muxes := 9     
	  10 Input    1 Bit        Muxes := 1     
---------------------------------------------------------------------------------
Finished RTL Component Statistics 
---------------------------------------------------------------------------------
---------------------------------------------------------------------------------
Start Part Resource Summary
---------------------------------------------------------------------------------
Part Resources:
DSPs: 80 (col length:40)
BRAMs: 120 (col length: RAMB18 40 RAMB36 20)
---------------------------------------------------------------------------------
Finished Part Resource Summary
---------------------------------------------------------------------------------
---------------------------------------------------------------------------------
Start Cross Boundary and Area Optimization
---------------------------------------------------------------------------------
---------------------------------------------------------------------------------
Finished Cross Boundary and Area Optimization : Time (s): cpu = 00:00:01 ; elapsed = 00:00:11 . Memory (MB): peak = 1125.766 ; gain = 108.836
---------------------------------------------------------------------------------
---------------------------------------------------------------------------------
Start Applying XDC Timing Constraints
---------------------------------------------------------------------------------
WARNING: [Synth 8-565] redefining clock 'sys_clk'
---------------------------------------------------------------------------------
Finished Applying XDC Timing Constraints : Time (s): cpu = 00:00:03 ; elapsed = 00:00:16 . Memory (MB): peak = 1125.766 ; gain = 108.836
---------------------------------------------------------------------------------
---------------------------------------------------------------------------------
Start Timing Optimization
---------------------------------------------------------------------------------
---------------------------------------------------------------------------------
Finished Timing Optimization : Time (s): cpu = 00:00:03 ; elapsed = 00:00:17 . Memory (MB): peak = 1125.766 ; gain = 108.836
---------------------------------------------------------------------------------
---------------------------------------------------------------------------------
Start Technology Mapping
---------------------------------------------------------------------------------
---------------------------------------------------------------------------------
Finished Technology Mapping : Time (s): cpu = 00:00:03 ; elapsed = 00:00:17 . Memory (MB): peak = 1132.105 ; gain = 115.176
---------------------------------------------------------------------------------
---------------------------------------------------------------------------------
Start IO Insertion
---------------------------------------------------------------------------------
---------------------------------------------------------------------------------
Start Flattening Before IO Insertion
---------------------------------------------------------------------------------
---------------------------------------------------------------------------------
Finished Flattening Before IO Insertion
---------------------------------------------------------------------------------
---------------------------------------------------------------------------------
Start Final Netlist Cleanup
---------------------------------------------------------------------------------
---------------------------------------------------------------------------------
Finished Final Netlist Cleanup
---------------------------------------------------------------------------------
---------------------------------------------------------------------------------
Finished IO Insertion : Time (s): cpu = 00:00:04 ; elapsed = 00:00:19 . Memory (MB): peak = 1132.105 ; gain = 115.176
---------------------------------------------------------------------------------
---------------------------------------------------------------------------------
Start Renaming Generated Instances
---------------------------------------------------------------------------------
---------------------------------------------------------------------------------
Finished Renaming Generated Instances : Time (s): cpu = 00:00:04 ; elapsed = 00:00:19 . Memory (MB): peak = 1132.105 ; gain = 115.176
---------------------------------------------------------------------------------
---------------------------------------------------------------------------------
Start Rebuilding User Hierarchy
---------------------------------------------------------------------------------
---------------------------------------------------------------------------------
Finished Rebuilding User Hierarchy : Time (s): cpu = 00:00:04 ; elapsed = 00:00:19 . Memory (MB): peak = 1132.105 ; gain = 115.176
---------------------------------------------------------------------------------
---------------------------------------------------------------------------------
Start Renaming Generated Ports
---------------------------------------------------------------------------------
---------------------------------------------------------------------------------
Finished Renaming Generated Ports : Time (s): cpu = 00:00:04 ; elapsed = 00:00:19 . Memory (MB): peak = 1132.105 ; gain = 115.176
---------------------------------------------------------------------------------
---------------------------------------------------------------------------------
Start Handling Custom Attributes
---------------------------------------------------------------------------------
---------------------------------------------------------------------------------
Finished Handling Custom Attributes : Time (s): cpu = 00:00:04 ; elapsed = 00:00:19 . Memory (MB): peak = 1132.105 ; gain = 115.176
---------------------------------------------------------------------------------
---------------------------------------------------------------------------------
Start Renaming Generated Nets
---------------------------------------------------------------------------------
---------------------------------------------------------------------------------
Finished Renaming Generated Nets : Time (s): cpu = 00:00:04 ; elapsed = 00:00:19 . Memory (MB): peak = 1132.105 ; gain = 115.176
---------------------------------------------------------------------------------
---------------------------------------------------------------------------------
Start ROM, RAM, DSP and Shift Register Reporting
---------------------------------------------------------------------------------

Static Shift Register Report:
+------------+---------------------------------------------------+--------+-------+--------------+--------------------+-------------------+--------+---------+
|Module Name | RTL Name                                          | Length | Width | Reset Signal | Pull out first Reg | Pull out last Reg | SRL16E | SRLC32E | 
+------------+---------------------------------------------------+--------+-------+--------------+--------------------+-------------------+--------+---------+
|top         | wav_display_m1/timing_gen_xy_m0/hs_d1_reg         | 6      | 1     | NO           | NO                 | YES               | 1      | 0       | 
|top         | wav_display_m0/timing_gen_xy_m0/i_data_d1_reg[23] | 3      | 2     | NO           | NO                 | YES               | 2      | 0       | 
|top         | wav_display_m0/timing_gen_xy_m0/i_data_d1_reg[15] | 3      | 4     | NO           | NO                 | NO                | 4      | 0       | 
|top         | wav_display_m1/timing_gen_xy_m0/i_data_d1_reg[23] | 3      | 2     | NO           | NO                 | NO                | 2      | 0       | 
+------------+---------------------------------------------------+--------+-------+--------------+--------------------+-------------------+--------+---------+

---------------------------------------------------------------------------------
Finished ROM, RAM, DSP and Shift Register Reporting
---------------------------------------------------------------------------------
---------------------------------------------------------------------------------
Start Writing Synthesis Report
---------------------------------------------------------------------------------

Report BlackBoxes: 
+------+--------------+----------+
|      |BlackBox name |Instances |
+------+--------------+----------+
|1     |video_pll     |         1|
|2     |rgb2dvi_0     |         1|
|3     |adc_pll       |         1|
|4     |dpram2048x8   |         2|
+------+--------------+----------+

Report Cell Usage: 
+------+-------------+------+
|      |Cell         |Count |
+------+-------------+------+
|1     |adc_pll      |     1|
|2     |dpram2048x8  |     1|
|3     |dpram2048x8_ |     1|
|4     |rgb2dvi      |     1|
|5     |video_pll    |     1|
|6     |CARRY4       |    49|
|7     |LUT1         |    31|
|8     |LUT2         |   134|
|9     |LUT3         |    64|
|10    |LUT4         |    41|
|11    |LUT5         |    31|
|12    |LUT6         |    74|
|13    |SRL16E       |     9|
|14    |FDCE         |   226|
|15    |FDPE         |     1|
|16    |FDRE         |    73|
|17    |IBUF         |    17|
|18    |OBUF         |     3|
+------+-------------+------+
---------------------------------------------------------------------------------
Finished Writing Synthesis Report : Time (s): cpu = 00:00:04 ; elapsed = 00:00:19 . Memory (MB): peak = 1132.105 ; gain = 115.176
---------------------------------------------------------------------------------
Synthesis finished with 0 errors, 0 critical warnings and 1 warnings.
Synthesis Optimization Runtime : Time (s): cpu = 00:00:03 ; elapsed = 00:00:18 . Memory (MB): peak = 1132.105 ; gain = 8.176
Synthesis Optimization Complete : Time (s): cpu = 00:00:04 ; elapsed = 00:00:19 . Memory (MB): peak = 1132.105 ; gain = 115.176
INFO: [Project 1-571] Translating synthesized netlist
INFO: [Project 1-454] Reading design checkpoint 'e:/FPGA/RISC-V/AX7010_2023.1-course_s1_fpga-18_ad9238_hdmi/vivado_ad9238/vivado_ad9238.srcs/sources_1/ip/video_pll/video_pll.dcp' for cell 'video_pll_m0'
INFO: [Project 1-454] Reading design checkpoint 'e:/FPGA/RISC-V/AX7010_2023.1-course_s1_fpga-18_ad9238_hdmi/vivado_ad9238/vivado_ad9238.srcs/sources_1/ip/rgb2dvi_0/rgb2dvi_0.dcp' for cell 'rgb2dvi_m0'
INFO: [Project 1-454] Reading design checkpoint 'e:/FPGA/RISC-V/AX7010_2023.1-course_s1_fpga-18_ad9238_hdmi/vivado_ad9238/vivado_ad9238.srcs/sources_1/ip/adc_pll/adc_pll.dcp' for cell 'adc_pll_m0'
INFO: [Project 1-454] Reading design checkpoint 'e:/FPGA/RISC-V/AX7010_2023.1-course_s1_fpga-18_ad9238_hdmi/vivado_ad9238/vivado_ad9238.srcs/sources_1/ip/dpram2048x8/dpram2048x8.dcp' for cell 'wav_display_m0/buffer'
Netlist sorting complete. Time (s): cpu = 00:00:00 ; elapsed = 00:00:00.011 . Memory (MB): peak = 1134.230 ; gain = 0.000
INFO: [Netlist 29-17] Analyzing 57 Unisim elements for replacement
INFO: [Netlist 29-28] Unisim Transformation completed in 0 CPU seconds
INFO: [Project 1-479] Netlist was created with Vivado 2020.1
INFO: [Project 1-570] Preparing netlist for logic optimization
INFO: [Opt 31-140] Inserted 1 IBUFs to IO ports without IO buffers.
WARNING: [Opt 31-35] Removing redundant IBUF, video_pll_m0/inst/clkin1_ibufg, from the path connected to top-level port: sys_clk 
Resolution: The tool has removed redundant IBUF. To resolve this warning, check for redundant IBUF in the input design.
WARNING: [Constraints 18-550] Could not create 'IBUF_LOW_PWR' constraint because net 'video_pll_m0/clk_in1' is not directly connected to top level port. Synthesis is ignored for IBUF_LOW_PWR but preserved for implementation.
Parsing XDC File [e:/FPGA/RISC-V/AX7010_2023.1-course_s1_fpga-18_ad9238_hdmi/vivado_ad9238/vivado_ad9238.srcs/sources_1/ip/rgb2dvi_0/src/rgb2dvi.xdc] for cell 'rgb2dvi_m0/U0'
Finished Parsing XDC File [e:/FPGA/RISC-V/AX7010_2023.1-course_s1_fpga-18_ad9238_hdmi/vivado_ad9238/vivado_ad9238.srcs/sources_1/ip/rgb2dvi_0/src/rgb2dvi.xdc] for cell 'rgb2dvi_m0/U0'
Parsing XDC File [e:/FPGA/RISC-V/AX7010_2023.1-course_s1_fpga-18_ad9238_hdmi/vivado_ad9238/vivado_ad9238.srcs/sources_1/ip/video_pll/video_pll_board.xdc] for cell 'video_pll_m0/inst'
Finished Parsing XDC File [e:/FPGA/RISC-V/AX7010_2023.1-course_s1_fpga-18_ad9238_hdmi/vivado_ad9238/vivado_ad9238.srcs/sources_1/ip/video_pll/video_pll_board.xdc] for cell 'video_pll_m0/inst'
Parsing XDC File [e:/FPGA/RISC-V/AX7010_2023.1-course_s1_fpga-18_ad9238_hdmi/vivado_ad9238/vivado_ad9238.srcs/sources_1/ip/video_pll/video_pll.xdc] for cell 'video_pll_m0/inst'
INFO: [Timing 38-35] Done setting XDC timing constraints. [e:/FPGA/RISC-V/AX7010_2023.1-course_s1_fpga-18_ad9238_hdmi/vivado_ad9238/vivado_ad9238.srcs/sources_1/ip/video_pll/video_pll.xdc:57]
INFO: [Timing 38-2] Deriving generated clocks [e:/FPGA/RISC-V/AX7010_2023.1-course_s1_fpga-18_ad9238_hdmi/vivado_ad9238/vivado_ad9238.srcs/sources_1/ip/video_pll/video_pll.xdc:57]
Finished Parsing XDC File [e:/FPGA/RISC-V/AX7010_2023.1-course_s1_fpga-18_ad9238_hdmi/vivado_ad9238/vivado_ad9238.srcs/sources_1/ip/video_pll/video_pll.xdc] for cell 'video_pll_m0/inst'
Parsing XDC File [e:/FPGA/RISC-V/AX7010_2023.1-course_s1_fpga-18_ad9238_hdmi/vivado_ad9238/vivado_ad9238.srcs/sources_1/ip/adc_pll/adc_pll_board.xdc] for cell 'adc_pll_m0/inst'
Finished Parsing XDC File [e:/FPGA/RISC-V/AX7010_2023.1-course_s1_fpga-18_ad9238_hdmi/vivado_ad9238/vivado_ad9238.srcs/sources_1/ip/adc_pll/adc_pll_board.xdc] for cell 'adc_pll_m0/inst'
Parsing XDC File [e:/FPGA/RISC-V/AX7010_2023.1-course_s1_fpga-18_ad9238_hdmi/vivado_ad9238/vivado_ad9238.srcs/sources_1/ip/adc_pll/adc_pll.xdc] for cell 'adc_pll_m0/inst'
Finished Parsing XDC File [e:/FPGA/RISC-V/AX7010_2023.1-course_s1_fpga-18_ad9238_hdmi/vivado_ad9238/vivado_ad9238.srcs/sources_1/ip/adc_pll/adc_pll.xdc] for cell 'adc_pll_m0/inst'
Parsing XDC File [E:/FPGA/RISC-V/AX7010_2023.1-course_s1_fpga-18_ad9238_hdmi/vivado_ad9238/vivado_ad9238.srcs/constrs_1/new/ad9238_hdmi.xdc]
Finished Parsing XDC File [E:/FPGA/RISC-V/AX7010_2023.1-course_s1_fpga-18_ad9238_hdmi/vivado_ad9238/vivado_ad9238.srcs/constrs_1/new/ad9238_hdmi.xdc]
Parsing XDC File [e:/FPGA/RISC-V/AX7010_2023.1-course_s1_fpga-18_ad9238_hdmi/vivado_ad9238/vivado_ad9238.srcs/sources_1/ip/rgb2dvi_0/src/rgb2dvi_clocks.xdc] for cell 'rgb2dvi_m0/U0'
Finished Parsing XDC File [e:/FPGA/RISC-V/AX7010_2023.1-course_s1_fpga-18_ad9238_hdmi/vivado_ad9238/vivado_ad9238.srcs/sources_1/ip/rgb2dvi_0/src/rgb2dvi_clocks.xdc] for cell 'rgb2dvi_m0/U0'
Parsing XDC File [e:/FPGA/RISC-V/AX7010_2023.1-course_s1_fpga-18_ad9238_hdmi/vivado_ad9238/vivado_ad9238.srcs/sources_1/ip/adc_pll/adc_pll_late.xdc] for cell 'adc_pll_m0/inst'
Finished Parsing XDC File [e:/FPGA/RISC-V/AX7010_2023.1-course_s1_fpga-18_ad9238_hdmi/vivado_ad9238/vivado_ad9238.srcs/sources_1/ip/adc_pll/adc_pll_late.xdc] for cell 'adc_pll_m0/inst'
INFO: [Opt 31-138] Pushed 0 inverter(s) to 0 load pin(s).
Netlist sorting complete. Time (s): cpu = 00:00:00 ; elapsed = 00:00:00 . Memory (MB): peak = 1635.195 ; gain = 0.000
INFO: [Project 1-111] Unisim Transformation Summary:
No Unisim elements were transformed.

INFO: [Common 17-83] Releasing license: Synthesis
45 Infos, 13 Warnings, 0 Critical Warnings and 0 Errors encountered.
synth_design completed successfully
synth_design: Time (s): cpu = 00:00:04 ; elapsed = 00:00:25 . Memory (MB): peak = 1635.195 ; gain = 618.266
# opt_design
Command: opt_design
Attempting to get a license for feature 'Implementation' and/or device 'xc7z010'
INFO: [Common 17-349] Got license for feature 'Implementation' and/or device 'xc7z010'
Running DRC as a precondition to command opt_design

Starting DRC Task
INFO: [DRC 23-27] Running DRC with 2 threads
INFO: [Project 1-461] DRC finished with 0 Errors
INFO: [Project 1-462] Please refer to the DRC report (report_drc) for more information.

Time (s): cpu = 00:00:01 ; elapsed = 00:00:00.717 . Memory (MB): peak = 1635.195 ; gain = 0.000

Starting Cache Timing Information Task
INFO: [Timing 38-35] Done setting XDC timing constraints.
INFO: [Timing 38-2] Deriving generated clocks
Ending Cache Timing Information Task | Checksum: df7f76f6

Time (s): cpu = 00:00:00 ; elapsed = 00:00:00.038 . Memory (MB): peak = 1635.195 ; gain = 0.000

Starting Logic Optimization Task
CRITICAL WARNING: [Timing 38-249] Generated clock rgb2dvi_m0/U0/SerialClk has no logical paths from master clock clk_out1_video_pll.
Resolution: Review the path between the master clock and the generated clock with the schematic viewer and correct the -source option. If it is correct and the master clock does not have a timing path to the generated clock, define the generated clock as a primary clock by using create_clock.

Phase 1 Retarget
INFO: [Opt 31-138] Pushed 0 inverter(s) to 0 load pin(s).
INFO: [Opt 31-49] Retargeted 0 cell(s).
Phase 1 Retarget | Checksum: 10a7ff2c9

Time (s): cpu = 00:00:00 ; elapsed = 00:00:00.053 . Memory (MB): peak = 1680.484 ; gain = 0.000
INFO: [Opt 31-389] Phase Retarget created 14 cells and removed 29 cells
INFO: [Opt 31-1021] In phase Retarget, 1 netlist objects are constrained preventing optimization. Please run opt_design with -debug_log to get more detail. 

Phase 2 Constant propagation
INFO: [Opt 31-138] Pushed 0 inverter(s) to 0 load pin(s).
Phase 2 Constant propagation | Checksum: 150765fc0

Time (s): cpu = 00:00:00 ; elapsed = 00:00:00.066 . Memory (MB): peak = 1680.484 ; gain = 0.000
INFO: [Opt 31-389] Phase Constant propagation created 13 cells and removed 23 cells

Phase 3 Sweep
Phase 3 Sweep | Checksum: 1783109b6

Time (s): cpu = 00:00:00 ; elapsed = 00:00:00.083 . Memory (MB): peak = 1680.484 ; gain = 0.000
INFO: [Opt 31-389] Phase Sweep created 0 cells and removed 0 cells
INFO: [Opt 31-1021] In phase Sweep, 1 netlist objects are constrained preventing optimization. Please run opt_design with -debug_log to get more detail. 

Phase 4 BUFG optimization
Phase 4 BUFG optimization | Checksum: 1783109b6

Time (s): cpu = 00:00:00 ; elapsed = 00:00:00.096 . Memory (MB): peak = 1680.484 ; gain = 0.000
INFO: [Opt 31-662] Phase BUFG optimization created 0 cells of which 0 are BUFGs and removed 0 cells.

Phase 5 Shift Register Optimization
INFO: [Opt 31-1064] SRL Remap converted 0 SRLs to 0 registers and converted 0 registers of register chains to 0 SRLs
Phase 5 Shift Register Optimization | Checksum: 1783109b6

Time (s): cpu = 00:00:00 ; elapsed = 00:00:00.106 . Memory (MB): peak = 1680.484 ; gain = 0.000
INFO: [Opt 31-389] Phase Shift Register Optimization created 0 cells and removed 0 cells

Phase 6 Post Processing Netlist
Phase 6 Post Processing Netlist | Checksum: 1783109b6

Time (s): cpu = 00:00:00 ; elapsed = 00:00:00.111 . Memory (MB): peak = 1680.484 ; gain = 0.000
INFO: [Opt 31-389] Phase Post Processing Netlist created 0 cells and removed 0 cells
Opt_design Change Summary
=========================


-------------------------------------------------------------------------------------------------------------------------
|  Phase                        |  #Cells created  |  #Cells Removed  |  #Constrained objects preventing optimizations  |
-------------------------------------------------------------------------------------------------------------------------
|  Retarget                     |              14  |              29  |                                              1  |
|  Constant propagation         |              13  |              23  |                                              0  |
|  Sweep                        |               0  |               0  |                                              1  |
|  BUFG optimization            |               0  |               0  |                                              0  |
|  Shift Register Optimization  |               0  |               0  |                                              0  |
|  Post Processing Netlist      |               0  |               0  |                                              0  |
-------------------------------------------------------------------------------------------------------------------------



Starting Connectivity Check Task

Time (s): cpu = 00:00:00 ; elapsed = 00:00:00.002 . Memory (MB): peak = 1680.484 ; gain = 0.000
Ending Logic Optimization Task | Checksum: 17fa3eb1b

Time (s): cpu = 00:00:00 ; elapsed = 00:00:00.137 . Memory (MB): peak = 1680.484 ; gain = 0.000

Starting Power Optimization Task
INFO: [Pwropt 34-132] Skipping clock gating for clocks with a period < 2.00 ns.
INFO: [Timing 38-35] Done setting XDC timing constraints.
INFO: [Pwropt 34-9] Applying IDT optimizations ...
INFO: [Pwropt 34-10] Applying ODC optimizations ...
CRITICAL WARNING: [Timing 38-249] Generated clock rgb2dvi_m0/U0/SerialClk has no logical paths from master clock clk_out1_video_pll.
Resolution: Review the path between the master clock and the generated clock with the schematic viewer and correct the -source option. If it is correct and the master clock does not have a timing path to the generated clock, define the generated clock as a primary clock by using create_clock.
Running Vector-less Activity Propagation...

Finished Running Vector-less Activity Propagation


Starting PowerOpt Patch Enables Task
INFO: [Pwropt 34-162] WRITE_MODE attribute of 0 BRAM(s) out of a total of 2 has been updated to save power. Run report_power_opt to get a complete listing of the BRAMs updated.
INFO: [Pwropt 34-201] Structural ODC has moved 2 WE to EN ports
Number of BRAM Ports augmented: 0 newly gated: 2 Total Ports: 4
Ending PowerOpt Patch Enables Task | Checksum: 194d733e8

Time (s): cpu = 00:00:00 ; elapsed = 00:00:00.019 . Memory (MB): peak = 1774.590 ; gain = 0.000
Ending Power Optimization Task | Checksum: 194d733e8

Time (s): cpu = 00:00:00 ; elapsed = 00:00:00.363 . Memory (MB): peak = 1774.590 ; gain = 94.105

Starting Final Cleanup Task
Ending Final Cleanup Task | Checksum: 194d733e8

Time (s): cpu = 00:00:00 ; elapsed = 00:00:00 . Memory (MB): peak = 1774.590 ; gain = 0.000

Starting Netlist Obfuscation Task
Netlist sorting complete. Time (s): cpu = 00:00:00 ; elapsed = 00:00:00.001 . Memory (MB): peak = 1774.590 ; gain = 0.000
Ending Netlist Obfuscation Task | Checksum: 194d733e8

Time (s): cpu = 00:00:00 ; elapsed = 00:00:00.001 . Memory (MB): peak = 1774.590 ; gain = 0.000
INFO: [Common 17-83] Releasing license: Implementation
25 Infos, 0 Warnings, 2 Critical Warnings and 0 Errors encountered.
opt_design completed successfully
# place_design
Command: place_design
Attempting to get a license for feature 'Implementation' and/or device 'xc7z010'
INFO: [Common 17-349] Got license for feature 'Implementation' and/or device 'xc7z010'
INFO: [DRC 23-27] Running DRC with 2 threads
INFO: [Vivado_Tcl 4-198] DRC finished with 0 Errors
INFO: [Vivado_Tcl 4-199] Please refer to the DRC report (report_drc) for more information.
Running DRC as a precondition to command place_design
INFO: [DRC 23-27] Running DRC with 2 threads
WARNING: [DRC CHECK-3] Report rule limit reached: REQP-1840 rule limit reached: 20 violations have been found.
WARNING: [DRC REQP-1840] RAMB18 async control check: The RAMB18E1 wav_display_m0/buffer/U0/inst_blk_mem_gen/gnbram.gnativebmg.native_blk_mem_gen/valid.cstr/ramloop[0].ram.r/prim_noinit.ram/DEVICE_7SERIES.NO_BMM_INFO.SDP.SIMPLE_PRIM18.ram has an input control pin wav_display_m0/buffer/U0/inst_blk_mem_gen/gnbram.gnativebmg.native_blk_mem_gen/valid.cstr/ramloop[0].ram.r/prim_noinit.ram/DEVICE_7SERIES.NO_BMM_INFO.SDP.SIMPLE_PRIM18.ram/ADDRARDADDR[10] (net: wav_display_m0/buffer/U0/inst_blk_mem_gen/gnbram.gnativebmg.native_blk_mem_gen/valid.cstr/ramloop[0].ram.r/prim_noinit.ram/addra[7]) which is driven by a register (ad9238_sample_m0/sample_cnt_reg[7]) that has an active asychronous set or reset. This may cause corruption of the memory contents and/or read values when the set/reset is asserted and is not analyzed by the default static timing analysis. It is suggested to eliminate the use of a set/reset to registers driving this RAMB pin or else use a synchronous reset in which the assertion of the reset is timed by default.
WARNING: [DRC REQP-1840] RAMB18 async control check: The RAMB18E1 wav_display_m0/buffer/U0/inst_blk_mem_gen/gnbram.gnativebmg.native_blk_mem_gen/valid.cstr/ramloop[0].ram.r/prim_noinit.ram/DEVICE_7SERIES.NO_BMM_INFO.SDP.SIMPLE_PRIM18.ram has an input control pin wav_display_m0/buffer/U0/inst_blk_mem_gen/gnbram.gnativebmg.native_blk_mem_gen/valid.cstr/ramloop[0].ram.r/prim_noinit.ram/DEVICE_7SERIES.NO_BMM_INFO.SDP.SIMPLE_PRIM18.ram/ADDRARDADDR[11] (net: wav_display_m0/buffer/U0/inst_blk_mem_gen/gnbram.gnativebmg.native_blk_mem_gen/valid.cstr/ramloop[0].ram.r/prim_noinit.ram/addra[8]) which is driven by a register (ad9238_sample_m0/sample_cnt_reg[8]) that has an active asychronous set or reset. This may cause corruption of the memory contents and/or read values when the set/reset is asserted and is not analyzed by the default static timing analysis. It is suggested to eliminate the use of a set/reset to registers driving this RAMB pin or else use a synchronous reset in which the assertion of the reset is timed by default.
WARNING: [DRC REQP-1840] RAMB18 async control check: The RAMB18E1 wav_display_m0/buffer/U0/inst_blk_mem_gen/gnbram.gnativebmg.native_blk_mem_gen/valid.cstr/ramloop[0].ram.r/prim_noinit.ram/DEVICE_7SERIES.NO_BMM_INFO.SDP.SIMPLE_PRIM18.ram has an input control pin wav_display_m0/buffer/U0/inst_blk_mem_gen/gnbram.gnativebmg.native_blk_mem_gen/valid.cstr/ramloop[0].ram.r/prim_noinit.ram/DEVICE_7SERIES.NO_BMM_INFO.SDP.SIMPLE_PRIM18.ram/ADDRARDADDR[12] (net: wav_display_m0/buffer/U0/inst_blk_mem_gen/gnbram.gnativebmg.native_blk_mem_gen/valid.cstr/ramloop[0].ram.r/prim_noinit.ram/addra[9]) which is driven by a register (ad9238_sample_m0/sample_cnt_reg[9]) that has an active asychronous set or reset. This may cause corruption of the memory contents and/or read values when the set/reset is asserted and is not analyzed by the default static timing analysis. It is suggested to eliminate the use of a set/reset to registers driving this RAMB pin or else use a synchronous reset in which the assertion of the reset is timed by default.
WARNING: [DRC REQP-1840] RAMB18 async control check: The RAMB18E1 wav_display_m0/buffer/U0/inst_blk_mem_gen/gnbram.gnativebmg.native_blk_mem_gen/valid.cstr/ramloop[0].ram.r/prim_noinit.ram/DEVICE_7SERIES.NO_BMM_INFO.SDP.SIMPLE_PRIM18.ram has an input control pin wav_display_m0/buffer/U0/inst_blk_mem_gen/gnbram.gnativebmg.native_blk_mem_gen/valid.cstr/ramloop[0].ram.r/prim_noinit.ram/DEVICE_7SERIES.NO_BMM_INFO.SDP.SIMPLE_PRIM18.ram/ADDRARDADDR[13] (net: wav_display_m0/buffer/U0/inst_blk_mem_gen/gnbram.gnativebmg.native_blk_mem_gen/valid.cstr/ramloop[0].ram.r/prim_noinit.ram/addra[10]) which is driven by a register (ad9238_sample_m0/sample_cnt_reg[10]) that has an active asychronous set or reset. This may cause corruption of the memory contents and/or read values when the set/reset is asserted and is not analyzed by the default static timing analysis. It is suggested to eliminate the use of a set/reset to registers driving this RAMB pin or else use a synchronous reset in which the assertion of the reset is timed by default.
WARNING: [DRC REQP-1840] RAMB18 async control check: The RAMB18E1 wav_display_m0/buffer/U0/inst_blk_mem_gen/gnbram.gnativebmg.native_blk_mem_gen/valid.cstr/ramloop[0].ram.r/prim_noinit.ram/DEVICE_7SERIES.NO_BMM_INFO.SDP.SIMPLE_PRIM18.ram has an input control pin wav_display_m0/buffer/U0/inst_blk_mem_gen/gnbram.gnativebmg.native_blk_mem_gen/valid.cstr/ramloop[0].ram.r/prim_noinit.ram/DEVICE_7SERIES.NO_BMM_INFO.SDP.SIMPLE_PRIM18.ram/ADDRARDADDR[3] (net: wav_display_m0/buffer/U0/inst_blk_mem_gen/gnbram.gnativebmg.native_blk_mem_gen/valid.cstr/ramloop[0].ram.r/prim_noinit.ram/addra[0]) which is driven by a register (ad9238_sample_m0/sample_cnt_reg[0]) that has an active asychronous set or reset. This may cause corruption of the memory contents and/or read values when the set/reset is asserted and is not analyzed by the default static timing analysis. It is suggested to eliminate the use of a set/reset to registers driving this RAMB pin or else use a synchronous reset in which the assertion of the reset is timed by default.
WARNING: [DRC REQP-1840] RAMB18 async control check: The RAMB18E1 wav_display_m0/buffer/U0/inst_blk_mem_gen/gnbram.gnativebmg.native_blk_mem_gen/valid.cstr/ramloop[0].ram.r/prim_noinit.ram/DEVICE_7SERIES.NO_BMM_INFO.SDP.SIMPLE_PRIM18.ram has an input control pin wav_display_m0/buffer/U0/inst_blk_mem_gen/gnbram.gnativebmg.native_blk_mem_gen/valid.cstr/ramloop[0].ram.r/prim_noinit.ram/DEVICE_7SERIES.NO_BMM_INFO.SDP.SIMPLE_PRIM18.ram/ADDRARDADDR[4] (net: wav_display_m0/buffer/U0/inst_blk_mem_gen/gnbram.gnativebmg.native_blk_mem_gen/valid.cstr/ramloop[0].ram.r/prim_noinit.ram/addra[1]) which is driven by a register (ad9238_sample_m0/sample_cnt_reg[1]) that has an active asychronous set or reset. This may cause corruption of the memory contents and/or read values when the set/reset is asserted and is not analyzed by the default static timing analysis. It is suggested to eliminate the use of a set/reset to registers driving this RAMB pin or else use a synchronous reset in which the assertion of the reset is timed by default.
WARNING: [DRC REQP-1840] RAMB18 async control check: The RAMB18E1 wav_display_m0/buffer/U0/inst_blk_mem_gen/gnbram.gnativebmg.native_blk_mem_gen/valid.cstr/ramloop[0].ram.r/prim_noinit.ram/DEVICE_7SERIES.NO_BMM_INFO.SDP.SIMPLE_PRIM18.ram has an input control pin wav_display_m0/buffer/U0/inst_blk_mem_gen/gnbram.gnativebmg.native_blk_mem_gen/valid.cstr/ramloop[0].ram.r/prim_noinit.ram/DEVICE_7SERIES.NO_BMM_INFO.SDP.SIMPLE_PRIM18.ram/ADDRARDADDR[5] (net: wav_display_m0/buffer/U0/inst_blk_mem_gen/gnbram.gnativebmg.native_blk_mem_gen/valid.cstr/ramloop[0].ram.r/prim_noinit.ram/addra[2]) which is driven by a register (ad9238_sample_m0/sample_cnt_reg[2]) that has an active asychronous set or reset. This may cause corruption of the memory contents and/or read values when the set/reset is asserted and is not analyzed by the default static timing analysis. It is suggested to eliminate the use of a set/reset to registers driving this RAMB pin or else use a synchronous reset in which the assertion of the reset is timed by default.
WARNING: [DRC REQP-1840] RAMB18 async control check: The RAMB18E1 wav_display_m0/buffer/U0/inst_blk_mem_gen/gnbram.gnativebmg.native_blk_mem_gen/valid.cstr/ramloop[0].ram.r/prim_noinit.ram/DEVICE_7SERIES.NO_BMM_INFO.SDP.SIMPLE_PRIM18.ram has an input control pin wav_display_m0/buffer/U0/inst_blk_mem_gen/gnbram.gnativebmg.native_blk_mem_gen/valid.cstr/ramloop[0].ram.r/prim_noinit.ram/DEVICE_7SERIES.NO_BMM_INFO.SDP.SIMPLE_PRIM18.ram/ADDRARDADDR[6] (net: wav_display_m0/buffer/U0/inst_blk_mem_gen/gnbram.gnativebmg.native_blk_mem_gen/valid.cstr/ramloop[0].ram.r/prim_noinit.ram/addra[3]) which is driven by a register (ad9238_sample_m0/sample_cnt_reg[3]) that has an active asychronous set or reset. This may cause corruption of the memory contents and/or read values when the set/reset is asserted and is not analyzed by the default static timing analysis. It is suggested to eliminate the use of a set/reset to registers driving this RAMB pin or else use a synchronous reset in which the assertion of the reset is timed by default.
WARNING: [DRC REQP-1840] RAMB18 async control check: The RAMB18E1 wav_display_m0/buffer/U0/inst_blk_mem_gen/gnbram.gnativebmg.native_blk_mem_gen/valid.cstr/ramloop[0].ram.r/prim_noinit.ram/DEVICE_7SERIES.NO_BMM_INFO.SDP.SIMPLE_PRIM18.ram has an input control pin wav_display_m0/buffer/U0/inst_blk_mem_gen/gnbram.gnativebmg.native_blk_mem_gen/valid.cstr/ramloop[0].ram.r/prim_noinit.ram/DEVICE_7SERIES.NO_BMM_INFO.SDP.SIMPLE_PRIM18.ram/ADDRARDADDR[7] (net: wav_display_m0/buffer/U0/inst_blk_mem_gen/gnbram.gnativebmg.native_blk_mem_gen/valid.cstr/ramloop[0].ram.r/prim_noinit.ram/addra[4]) which is driven by a register (ad9238_sample_m0/sample_cnt_reg[4]) that has an active asychronous set or reset. This may cause corruption of the memory contents and/or read values when the set/reset is asserted and is not analyzed by the default static timing analysis. It is suggested to eliminate the use of a set/reset to registers driving this RAMB pin or else use a synchronous reset in which the assertion of the reset is timed by default.
WARNING: [DRC REQP-1840] RAMB18 async control check: The RAMB18E1 wav_display_m0/buffer/U0/inst_blk_mem_gen/gnbram.gnativebmg.native_blk_mem_gen/valid.cstr/ramloop[0].ram.r/prim_noinit.ram/DEVICE_7SERIES.NO_BMM_INFO.SDP.SIMPLE_PRIM18.ram has an input control pin wav_display_m0/buffer/U0/inst_blk_mem_gen/gnbram.gnativebmg.native_blk_mem_gen/valid.cstr/ramloop[0].ram.r/prim_noinit.ram/DEVICE_7SERIES.NO_BMM_INFO.SDP.SIMPLE_PRIM18.ram/ADDRARDADDR[8] (net: wav_display_m0/buffer/U0/inst_blk_mem_gen/gnbram.gnativebmg.native_blk_mem_gen/valid.cstr/ramloop[0].ram.r/prim_noinit.ram/addra[5]) which is driven by a register (ad9238_sample_m0/sample_cnt_reg[5]) that has an active asychronous set or reset. This may cause corruption of the memory contents and/or read values when the set/reset is asserted and is not analyzed by the default static timing analysis. It is suggested to eliminate the use of a set/reset to registers driving this RAMB pin or else use a synchronous reset in which the assertion of the reset is timed by default.
WARNING: [DRC REQP-1840] RAMB18 async control check: The RAMB18E1 wav_display_m0/buffer/U0/inst_blk_mem_gen/gnbram.gnativebmg.native_blk_mem_gen/valid.cstr/ramloop[0].ram.r/prim_noinit.ram/DEVICE_7SERIES.NO_BMM_INFO.SDP.SIMPLE_PRIM18.ram has an input control pin wav_display_m0/buffer/U0/inst_blk_mem_gen/gnbram.gnativebmg.native_blk_mem_gen/valid.cstr/ramloop[0].ram.r/prim_noinit.ram/DEVICE_7SERIES.NO_BMM_INFO.SDP.SIMPLE_PRIM18.ram/ADDRARDADDR[9] (net: wav_display_m0/buffer/U0/inst_blk_mem_gen/gnbram.gnativebmg.native_blk_mem_gen/valid.cstr/ramloop[0].ram.r/prim_noinit.ram/addra[6]) which is driven by a register (ad9238_sample_m0/sample_cnt_reg[6]) that has an active asychronous set or reset. This may cause corruption of the memory contents and/or read values when the set/reset is asserted and is not analyzed by the default static timing analysis. It is suggested to eliminate the use of a set/reset to registers driving this RAMB pin or else use a synchronous reset in which the assertion of the reset is timed by default.
WARNING: [DRC REQP-1840] RAMB18 async control check: The RAMB18E1 wav_display_m0/buffer/U0/inst_blk_mem_gen/gnbram.gnativebmg.native_blk_mem_gen/valid.cstr/ramloop[0].ram.r/prim_noinit.ram/DEVICE_7SERIES.NO_BMM_INFO.SDP.SIMPLE_PRIM18.ram has an input control pin wav_display_m0/buffer/U0/inst_blk_mem_gen/gnbram.gnativebmg.native_blk_mem_gen/valid.cstr/ramloop[0].ram.r/prim_noinit.ram/DEVICE_7SERIES.NO_BMM_INFO.SDP.SIMPLE_PRIM18.ram/ENARDEN (net: wav_display_m0/buffer/U0/inst_blk_mem_gen/gnbram.gnativebmg.native_blk_mem_gen/valid.cstr/ramloop[0].ram.r/prim_noinit.ram/wea[0]) which is driven by a register (ad9238_sample_m0/adc_buf_wr_reg) that has an active asychronous set or reset. This may cause corruption of the memory contents and/or read values when the set/reset is asserted and is not analyzed by the default static timing analysis. It is suggested to eliminate the use of a set/reset to registers driving this RAMB pin or else use a synchronous reset in which the assertion of the reset is timed by default.
WARNING: [DRC REQP-1840] RAMB18 async control check: The RAMB18E1 wav_display_m1/buffer/U0/inst_blk_mem_gen/gnbram.gnativebmg.native_blk_mem_gen/valid.cstr/ramloop[0].ram.r/prim_noinit.ram/DEVICE_7SERIES.NO_BMM_INFO.SDP.SIMPLE_PRIM18.ram has an input control pin wav_display_m1/buffer/U0/inst_blk_mem_gen/gnbram.gnativebmg.native_blk_mem_gen/valid.cstr/ramloop[0].ram.r/prim_noinit.ram/DEVICE_7SERIES.NO_BMM_INFO.SDP.SIMPLE_PRIM18.ram/ADDRARDADDR[10] (net: wav_display_m1/buffer/U0/inst_blk_mem_gen/gnbram.gnativebmg.native_blk_mem_gen/valid.cstr/ramloop[0].ram.r/prim_noinit.ram/addra[7]) which is driven by a register (ad9238_sample_m1/sample_cnt_reg[7]) that has an active asychronous set or reset. This may cause corruption of the memory contents and/or read values when the set/reset is asserted and is not analyzed by the default static timing analysis. It is suggested to eliminate the use of a set/reset to registers driving this RAMB pin or else use a synchronous reset in which the assertion of the reset is timed by default.
WARNING: [DRC REQP-1840] RAMB18 async control check: The RAMB18E1 wav_display_m1/buffer/U0/inst_blk_mem_gen/gnbram.gnativebmg.native_blk_mem_gen/valid.cstr/ramloop[0].ram.r/prim_noinit.ram/DEVICE_7SERIES.NO_BMM_INFO.SDP.SIMPLE_PRIM18.ram has an input control pin wav_display_m1/buffer/U0/inst_blk_mem_gen/gnbram.gnativebmg.native_blk_mem_gen/valid.cstr/ramloop[0].ram.r/prim_noinit.ram/DEVICE_7SERIES.NO_BMM_INFO.SDP.SIMPLE_PRIM18.ram/ADDRARDADDR[11] (net: wav_display_m1/buffer/U0/inst_blk_mem_gen/gnbram.gnativebmg.native_blk_mem_gen/valid.cstr/ramloop[0].ram.r/prim_noinit.ram/addra[8]) which is driven by a register (ad9238_sample_m1/sample_cnt_reg[8]) that has an active asychronous set or reset. This may cause corruption of the memory contents and/or read values when the set/reset is asserted and is not analyzed by the default static timing analysis. It is suggested to eliminate the use of a set/reset to registers driving this RAMB pin or else use a synchronous reset in which the assertion of the reset is timed by default.
WARNING: [DRC REQP-1840] RAMB18 async control check: The RAMB18E1 wav_display_m1/buffer/U0/inst_blk_mem_gen/gnbram.gnativebmg.native_blk_mem_gen/valid.cstr/ramloop[0].ram.r/prim_noinit.ram/DEVICE_7SERIES.NO_BMM_INFO.SDP.SIMPLE_PRIM18.ram has an input control pin wav_display_m1/buffer/U0/inst_blk_mem_gen/gnbram.gnativebmg.native_blk_mem_gen/valid.cstr/ramloop[0].ram.r/prim_noinit.ram/DEVICE_7SERIES.NO_BMM_INFO.SDP.SIMPLE_PRIM18.ram/ADDRARDADDR[12] (net: wav_display_m1/buffer/U0/inst_blk_mem_gen/gnbram.gnativebmg.native_blk_mem_gen/valid.cstr/ramloop[0].ram.r/prim_noinit.ram/addra[9]) which is driven by a register (ad9238_sample_m1/sample_cnt_reg[9]) that has an active asychronous set or reset. This may cause corruption of the memory contents and/or read values when the set/reset is asserted and is not analyzed by the default static timing analysis. It is suggested to eliminate the use of a set/reset to registers driving this RAMB pin or else use a synchronous reset in which the assertion of the reset is timed by default.
WARNING: [DRC REQP-1840] RAMB18 async control check: The RAMB18E1 wav_display_m1/buffer/U0/inst_blk_mem_gen/gnbram.gnativebmg.native_blk_mem_gen/valid.cstr/ramloop[0].ram.r/prim_noinit.ram/DEVICE_7SERIES.NO_BMM_INFO.SDP.SIMPLE_PRIM18.ram has an input control pin wav_display_m1/buffer/U0/inst_blk_mem_gen/gnbram.gnativebmg.native_blk_mem_gen/valid.cstr/ramloop[0].ram.r/prim_noinit.ram/DEVICE_7SERIES.NO_BMM_INFO.SDP.SIMPLE_PRIM18.ram/ADDRARDADDR[13] (net: wav_display_m1/buffer/U0/inst_blk_mem_gen/gnbram.gnativebmg.native_blk_mem_gen/valid.cstr/ramloop[0].ram.r/prim_noinit.ram/addra[10]) which is driven by a register (ad9238_sample_m1/sample_cnt_reg[10]) that has an active asychronous set or reset. This may cause corruption of the memory contents and/or read values when the set/reset is asserted and is not analyzed by the default static timing analysis. It is suggested to eliminate the use of a set/reset to registers driving this RAMB pin or else use a synchronous reset in which the assertion of the reset is timed by default.
WARNING: [DRC REQP-1840] RAMB18 async control check: The RAMB18E1 wav_display_m1/buffer/U0/inst_blk_mem_gen/gnbram.gnativebmg.native_blk_mem_gen/valid.cstr/ramloop[0].ram.r/prim_noinit.ram/DEVICE_7SERIES.NO_BMM_INFO.SDP.SIMPLE_PRIM18.ram has an input control pin wav_display_m1/buffer/U0/inst_blk_mem_gen/gnbram.gnativebmg.native_blk_mem_gen/valid.cstr/ramloop[0].ram.r/prim_noinit.ram/DEVICE_7SERIES.NO_BMM_INFO.SDP.SIMPLE_PRIM18.ram/ADDRARDADDR[6] (net: wav_display_m1/buffer/U0/inst_blk_mem_gen/gnbram.gnativebmg.native_blk_mem_gen/valid.cstr/ramloop[0].ram.r/prim_noinit.ram/addra[3]) which is driven by a register (ad9238_sample_m1/sample_cnt_reg[3]) that has an active asychronous set or reset. This may cause corruption of the memory contents and/or read values when the set/reset is asserted and is not analyzed by the default static timing analysis. It is suggested to eliminate the use of a set/reset to registers driving this RAMB pin or else use a synchronous reset in which the assertion of the reset is timed by default.
WARNING: [DRC REQP-1840] RAMB18 async control check: The RAMB18E1 wav_display_m1/buffer/U0/inst_blk_mem_gen/gnbram.gnativebmg.native_blk_mem_gen/valid.cstr/ramloop[0].ram.r/prim_noinit.ram/DEVICE_7SERIES.NO_BMM_INFO.SDP.SIMPLE_PRIM18.ram has an input control pin wav_display_m1/buffer/U0/inst_blk_mem_gen/gnbram.gnativebmg.native_blk_mem_gen/valid.cstr/ramloop[0].ram.r/prim_noinit.ram/DEVICE_7SERIES.NO_BMM_INFO.SDP.SIMPLE_PRIM18.ram/ADDRARDADDR[7] (net: wav_display_m1/buffer/U0/inst_blk_mem_gen/gnbram.gnativebmg.native_blk_mem_gen/valid.cstr/ramloop[0].ram.r/prim_noinit.ram/addra[4]) which is driven by a register (ad9238_sample_m1/sample_cnt_reg[4]) that has an active asychronous set or reset. This may cause corruption of the memory contents and/or read values when the set/reset is asserted and is not analyzed by the default static timing analysis. It is suggested to eliminate the use of a set/reset to registers driving this RAMB pin or else use a synchronous reset in which the assertion of the reset is timed by default.
WARNING: [DRC REQP-1840] RAMB18 async control check: The RAMB18E1 wav_display_m1/buffer/U0/inst_blk_mem_gen/gnbram.gnativebmg.native_blk_mem_gen/valid.cstr/ramloop[0].ram.r/prim_noinit.ram/DEVICE_7SERIES.NO_BMM_INFO.SDP.SIMPLE_PRIM18.ram has an input control pin wav_display_m1/buffer/U0/inst_blk_mem_gen/gnbram.gnativebmg.native_blk_mem_gen/valid.cstr/ramloop[0].ram.r/prim_noinit.ram/DEVICE_7SERIES.NO_BMM_INFO.SDP.SIMPLE_PRIM18.ram/ADDRARDADDR[8] (net: wav_display_m1/buffer/U0/inst_blk_mem_gen/gnbram.gnativebmg.native_blk_mem_gen/valid.cstr/ramloop[0].ram.r/prim_noinit.ram/addra[5]) which is driven by a register (ad9238_sample_m1/sample_cnt_reg[5]) that has an active asychronous set or reset. This may cause corruption of the memory contents and/or read values when the set/reset is asserted and is not analyzed by the default static timing analysis. It is suggested to eliminate the use of a set/reset to registers driving this RAMB pin or else use a synchronous reset in which the assertion of the reset is timed by default.
WARNING: [DRC REQP-1840] RAMB18 async control check: The RAMB18E1 wav_display_m1/buffer/U0/inst_blk_mem_gen/gnbram.gnativebmg.native_blk_mem_gen/valid.cstr/ramloop[0].ram.r/prim_noinit.ram/DEVICE_7SERIES.NO_BMM_INFO.SDP.SIMPLE_PRIM18.ram has an input control pin wav_display_m1/buffer/U0/inst_blk_mem_gen/gnbram.gnativebmg.native_blk_mem_gen/valid.cstr/ramloop[0].ram.r/prim_noinit.ram/DEVICE_7SERIES.NO_BMM_INFO.SDP.SIMPLE_PRIM18.ram/ADDRARDADDR[9] (net: wav_display_m1/buffer/U0/inst_blk_mem_gen/gnbram.gnativebmg.native_blk_mem_gen/valid.cstr/ramloop[0].ram.r/prim_noinit.ram/addra[6]) which is driven by a register (ad9238_sample_m1/sample_cnt_reg[6]) that has an active asychronous set or reset. This may cause corruption of the memory contents and/or read values when the set/reset is asserted and is not analyzed by the default static timing analysis. It is suggested to eliminate the use of a set/reset to registers driving this RAMB pin or else use a synchronous reset in which the assertion of the reset is timed by default.
INFO: [Vivado_Tcl 4-198] DRC finished with 0 Errors, 21 Warnings
INFO: [Vivado_Tcl 4-199] Please refer to the DRC report (report_drc) for more information.

Starting Placer Task
INFO: [Place 30-611] Multithreading enabled for place_design using a maximum of 2 CPUs

Phase 1 Placer Initialization

Phase 1.1 Placer Initialization Netlist Sorting
Netlist sorting complete. Time (s): cpu = 00:00:00 ; elapsed = 00:00:00 . Memory (MB): peak = 1774.590 ; gain = 0.000
Phase 1.1 Placer Initialization Netlist Sorting | Checksum: 10b69e8ae

Time (s): cpu = 00:00:00 ; elapsed = 00:00:00.005 . Memory (MB): peak = 1774.590 ; gain = 0.000
Netlist sorting complete. Time (s): cpu = 00:00:00 ; elapsed = 00:00:00 . Memory (MB): peak = 1774.590 ; gain = 0.000

Phase 1.2 IO Placement/ Clock Placement/ Build Placer Device
INFO: [Timing 38-35] Done setting XDC timing constraints.
Phase 1.2 IO Placement/ Clock Placement/ Build Placer Device | Checksum: b4b64344

Time (s): cpu = 00:00:01 ; elapsed = 00:00:00.239 . Memory (MB): peak = 1774.590 ; gain = 0.000

Phase 1.3 Build Placer Netlist Model
CRITICAL WARNING: [Timing 38-249] Generated clock rgb2dvi_m0/U0/SerialClk has no logical paths from master clock clk_out1_video_pll.
Resolution: Review the path between the master clock and the generated clock with the schematic viewer and correct the -source option. If it is correct and the master clock does not have a timing path to the generated clock, define the generated clock as a primary clock by using create_clock.
Phase 1.3 Build Placer Netlist Model | Checksum: 1abbefd49

Time (s): cpu = 00:00:01 ; elapsed = 00:00:00.378 . Memory (MB): peak = 1774.590 ; gain = 0.000

Phase 1.4 Constrain Clocks/Macros
Phase 1.4 Constrain Clocks/Macros | Checksum: 1abbefd49

Time (s): cpu = 00:00:01 ; elapsed = 00:00:00.380 . Memory (MB): peak = 1774.590 ; gain = 0.000
Phase 1 Placer Initialization | Checksum: 1abbefd49

Time (s): cpu = 00:00:01 ; elapsed = 00:00:00.383 . Memory (MB): peak = 1774.590 ; gain = 0.000

Phase 2 Global Placement

Phase 2.1 Floorplanning
Phase 2.1 Floorplanning | Checksum: 13202ceec

Time (s): cpu = 00:00:01 ; elapsed = 00:00:00.437 . Memory (MB): peak = 1774.590 ; gain = 0.000

Phase 2.2 Global Placement Core

Phase 2.2.1 Physical Synthesis In Placer
INFO: [Physopt 32-1035] Found 0 LUTNM shape to break, 4 LUT instances to create LUTNM shape
INFO: [Physopt 32-1044] Break lutnm for timing: one critical 0, two critical 0, total 0, new lutff created 0
INFO: [Physopt 32-775] End 1 Pass. Optimized 2 nets or cells. Created 0 new cell, deleted 2 existing cells and moved 0 existing cell
INFO: [Physopt 32-65] No nets found for high-fanout optimization.
INFO: [Physopt 32-232] Optimized 0 net. Created 0 new instance.
INFO: [Physopt 32-775] End 1 Pass. Optimized 0 net or cell. Created 0 new cell, deleted 0 existing cell and moved 0 existing cell
INFO: [Physopt 32-670] No setup violation found.  DSP Register Optimization was not performed.
INFO: [Physopt 32-670] No setup violation found.  Shift Register to Pipeline Optimization was not performed.
INFO: [Physopt 32-670] No setup violation found.  Shift Register Optimization was not performed.
INFO: [Physopt 32-670] No setup violation found.  BRAM Register Optimization was not performed.
INFO: [Physopt 32-670] No setup violation found.  URAM Register Optimization was not performed.
INFO: [Physopt 32-949] No candidate nets found for HD net replication
INFO: [Physopt 32-775] End 1 Pass. Optimized 0 net or cell. Created 0 new cell, deleted 0 existing cell and moved 0 existing cell
Netlist sorting complete. Time (s): cpu = 00:00:00 ; elapsed = 00:00:00 . Memory (MB): peak = 1774.590 ; gain = 0.000

Summary of Physical Synthesis Optimizations
============================================


-----------------------------------------------------------------------------------------------------------------------------------------------------------
|  Optimization                                     |  Added Cells  |  Removed Cells  |  Optimized Cells/Nets  |  Dont Touch  |  Iterations  |  Elapsed   |
-----------------------------------------------------------------------------------------------------------------------------------------------------------
|  LUT Combining                                    |            0  |              2  |                     2  |           0  |           1  |  00:00:00  |
|  Very High Fanout                                 |            0  |              0  |                     0  |           0  |           1  |  00:00:00  |
|  DSP Register                                     |            0  |              0  |                     0  |           0  |           0  |  00:00:00  |
|  Shift Register to Pipeline                       |            0  |              0  |                     0  |           0  |           0  |  00:00:00  |
|  Shift Register                                   |            0  |              0  |                     0  |           0  |           0  |  00:00:00  |
|  BRAM Register                                    |            0  |              0  |                     0  |           0  |           0  |  00:00:00  |
|  URAM Register                                    |            0  |              0  |                     0  |           0  |           0  |  00:00:00  |
|  Dynamic/Static Region Interface Net Replication  |            0  |              0  |                     0  |           0  |           1  |  00:00:00  |
|  Total                                            |            0  |              2  |                     2  |           0  |           3  |  00:00:00  |
-----------------------------------------------------------------------------------------------------------------------------------------------------------


Phase 2.2.1 Physical Synthesis In Placer | Checksum: 1d0eae9e6

Time (s): cpu = 00:00:01 ; elapsed = 00:00:01 . Memory (MB): peak = 1774.590 ; gain = 0.000
Phase 2.2 Global Placement Core | Checksum: 1d785ab66

Time (s): cpu = 00:00:01 ; elapsed = 00:00:01 . Memory (MB): peak = 1774.590 ; gain = 0.000
Phase 2 Global Placement | Checksum: 1d785ab66

Time (s): cpu = 00:00:01 ; elapsed = 00:00:01 . Memory (MB): peak = 1774.590 ; gain = 0.000

Phase 3 Detail Placement

Phase 3.1 Commit Multi Column Macros
Phase 3.1 Commit Multi Column Macros | Checksum: 15dd38fd1

Time (s): cpu = 00:00:01 ; elapsed = 00:00:01 . Memory (MB): peak = 1774.590 ; gain = 0.000

Phase 3.2 Commit Most Macros & LUTRAMs
Phase 3.2 Commit Most Macros & LUTRAMs | Checksum: 1d21fa46a

Time (s): cpu = 00:00:01 ; elapsed = 00:00:01 . Memory (MB): peak = 1774.590 ; gain = 0.000

Phase 3.3 Area Swap Optimization
Phase 3.3 Area Swap Optimization | Checksum: 145adf7d0

Time (s): cpu = 00:00:01 ; elapsed = 00:00:01 . Memory (MB): peak = 1774.590 ; gain = 0.000

Phase 3.4 Pipeline Register Optimization
Phase 3.4 Pipeline Register Optimization | Checksum: 11b375ad5

Time (s): cpu = 00:00:01 ; elapsed = 00:00:01 . Memory (MB): peak = 1774.590 ; gain = 0.000

Phase 3.5 Small Shape Detail Placement
Phase 3.5 Small Shape Detail Placement | Checksum: 1c2743767

Time (s): cpu = 00:00:01 ; elapsed = 00:00:01 . Memory (MB): peak = 1774.590 ; gain = 0.000

Phase 3.6 Re-assign LUT pins
Phase 3.6 Re-assign LUT pins | Checksum: 179e73eb8

Time (s): cpu = 00:00:01 ; elapsed = 00:00:01 . Memory (MB): peak = 1774.590 ; gain = 0.000

Phase 3.7 Pipeline Register Optimization
Phase 3.7 Pipeline Register Optimization | Checksum: 1aab39bfd

Time (s): cpu = 00:00:01 ; elapsed = 00:00:01 . Memory (MB): peak = 1774.590 ; gain = 0.000
Phase 3 Detail Placement | Checksum: 1aab39bfd

Time (s): cpu = 00:00:01 ; elapsed = 00:00:02 . Memory (MB): peak = 1774.590 ; gain = 0.000

Phase 4 Post Placement Optimization and Clean-Up

Phase 4.1 Post Commit Optimization
INFO: [Timing 38-35] Done setting XDC timing constraints.
CRITICAL WARNING: [Timing 38-249] Generated clock rgb2dvi_m0/U0/SerialClk has no logical paths from master clock clk_out1_video_pll.
Resolution: Review the path between the master clock and the generated clock with the schematic viewer and correct the -source option. If it is correct and the master clock does not have a timing path to the generated clock, define the generated clock as a primary clock by using create_clock.

Phase 4.1.1 Post Placement Optimization
Post Placement Optimization Initialization | Checksum: 2bc64b327

Phase 4.1.1.1 BUFG Insertion

Starting Physical Synthesis Task

Phase 1 Physical Synthesis Initialization
INFO: [Physopt 32-721] Multithreading enabled for phys_opt_design using a maximum of 2 CPUs
INFO: [Physopt 32-619] Estimated Timing Summary | WNS=5.684 | TNS=0.000 |
Phase 1 Physical Synthesis Initialization | Checksum: 24f6abf24

Time (s): cpu = 00:00:00 ; elapsed = 00:00:00.033 . Memory (MB): peak = 1774.590 ; gain = 0.000
INFO: [Place 46-56] BUFG insertion identified 0 candidate nets. Inserted BUFG: 0, Replicated BUFG Driver: 0, Skipped due to Placement/Routing Conflicts: 0, Skipped due to Timing Degradation: 0, Skipped due to Illegal Netlist: 0.
CRITICAL WARNING: [Timing 38-249] Generated clock rgb2dvi_m0/U0/SerialClk has no logical paths from master clock clk_out1_video_pll.
Resolution: Review the path between the master clock and the generated clock with the schematic viewer and correct the -source option. If it is correct and the master clock does not have a timing path to the generated clock, define the generated clock as a primary clock by using create_clock.
Ending Physical Synthesis Task | Checksum: 255383d90

Time (s): cpu = 00:00:00 ; elapsed = 00:00:00.038 . Memory (MB): peak = 1774.590 ; gain = 0.000
Phase 4.1.1.1 BUFG Insertion | Checksum: 2bc64b327

Time (s): cpu = 00:00:01 ; elapsed = 00:00:02 . Memory (MB): peak = 1774.590 ; gain = 0.000
INFO: [Place 30-746] Post Placement Timing Summary WNS=5.684. For the most accurate timing information please run report_timing.
Phase 4.1.1 Post Placement Optimization | Checksum: 2a5f5fa0d

Time (s): cpu = 00:00:01 ; elapsed = 00:00:02 . Memory (MB): peak = 1774.590 ; gain = 0.000
Phase 4.1 Post Commit Optimization | Checksum: 2a5f5fa0d

Time (s): cpu = 00:00:01 ; elapsed = 00:00:02 . Memory (MB): peak = 1774.590 ; gain = 0.000

Phase 4.2 Post Placement Cleanup
Phase 4.2 Post Placement Cleanup | Checksum: 2a5f5fa0d

Time (s): cpu = 00:00:01 ; elapsed = 00:00:02 . Memory (MB): peak = 1774.590 ; gain = 0.000

Phase 4.3 Placer Reporting
Phase 4.3 Placer Reporting | Checksum: 2a5f5fa0d

Time (s): cpu = 00:00:01 ; elapsed = 00:00:02 . Memory (MB): peak = 1774.590 ; gain = 0.000

Phase 4.4 Final Placement Cleanup
Netlist sorting complete. Time (s): cpu = 00:00:00 ; elapsed = 00:00:00.001 . Memory (MB): peak = 1774.590 ; gain = 0.000
Phase 4.4 Final Placement Cleanup | Checksum: 1dacecc58

Time (s): cpu = 00:00:01 ; elapsed = 00:00:02 . Memory (MB): peak = 1774.590 ; gain = 0.000
Phase 4 Post Placement Optimization and Clean-Up | Checksum: 1dacecc58

Time (s): cpu = 00:00:01 ; elapsed = 00:00:02 . Memory (MB): peak = 1774.590 ; gain = 0.000
Ending Placer Task | Checksum: 100a3c4a1

Time (s): cpu = 00:00:01 ; elapsed = 00:00:02 . Memory (MB): peak = 1774.590 ; gain = 0.000
INFO: [Common 17-83] Releasing license: Implementation
28 Infos, 21 Warnings, 3 Critical Warnings and 0 Errors encountered.
place_design completed successfully
# route_design
Command: route_design
Attempting to get a license for feature 'Implementation' and/or device 'xc7z010'
INFO: [Common 17-349] Got license for feature 'Implementation' and/or device 'xc7z010'
Running DRC as a precondition to command route_design
INFO: [DRC 23-27] Running DRC with 2 threads
INFO: [Vivado_Tcl 4-198] DRC finished with 0 Errors
INFO: [Vivado_Tcl 4-199] Please refer to the DRC report (report_drc) for more information.


Starting Routing Task
INFO: [Route 35-254] Multithreading enabled for route_design using a maximum of 2 CPUs
Checksum: PlaceDB: f6673f3d ConstDB: 0 ShapeSum: a3c8564 RouteDB: 0

Phase 1 Build RT Design
Phase 1 Build RT Design | Checksum: ab2c773a

Time (s): cpu = 00:00:02 ; elapsed = 00:00:07 . Memory (MB): peak = 1774.590 ; gain = 0.000
Post Restoration Checksum: NetGraph: 8bf5aa62 NumContArr: 1f36ccd8 Constraints: 0 Timing: 0

Phase 2 Router Initialization

Phase 2.1 Create Timer
Phase 2.1 Create Timer | Checksum: ab2c773a

Time (s): cpu = 00:00:02 ; elapsed = 00:00:07 . Memory (MB): peak = 1774.590 ; gain = 0.000

Phase 2.2 Fix Topology Constraints
Phase 2.2 Fix Topology Constraints | Checksum: ab2c773a

Time (s): cpu = 00:00:02 ; elapsed = 00:00:07 . Memory (MB): peak = 1774.590 ; gain = 0.000

Phase 2.3 Pre Route Cleanup
Phase 2.3 Pre Route Cleanup | Checksum: ab2c773a

Time (s): cpu = 00:00:02 ; elapsed = 00:00:07 . Memory (MB): peak = 1774.590 ; gain = 0.000
 Number of Nodes with overlaps = 0

Phase 2.4 Update Timing
Phase 2.4 Update Timing | Checksum: 201412050

Time (s): cpu = 00:00:02 ; elapsed = 00:00:07 . Memory (MB): peak = 1774.590 ; gain = 0.000
INFO: [Route 35-416] Intermediate Timing Summary | WNS=5.721  | TNS=0.000  | WHS=-0.467 | THS=-10.481|

Phase 2 Router Initialization | Checksum: 1a1ec6893

Time (s): cpu = 00:00:02 ; elapsed = 00:00:07 . Memory (MB): peak = 1774.590 ; gain = 0.000

Router Utilization Summary
  Global Vertical Routing Utilization    = 0 %
  Global Horizontal Routing Utilization  = 0 %
  Routable Net Status*
  *Does not include unroutable nets such as driverless and loadless.
  Run report_route_status for detailed report.
  Number of Failed Nets               = 835
    (Failed Nets is the sum of unrouted and partially routed nets)
  Number of Unrouted Nets             = 835
  Number of Partially Routed Nets     = 0
  Number of Node Overlaps             = 0


Phase 3 Initial Routing
Phase 3 Initial Routing | Checksum: a98656f7

Time (s): cpu = 00:00:02 ; elapsed = 00:00:07 . Memory (MB): peak = 1774.590 ; gain = 0.000

Phase 4 Rip-up And Reroute

Phase 4.1 Global Iteration 0
 Number of Nodes with overlaps = 53
 Number of Nodes with overlaps = 0
INFO: [Route 35-416] Intermediate Timing Summary | WNS=5.249  | TNS=0.000  | WHS=N/A    | THS=N/A    |

Phase 4.1 Global Iteration 0 | Checksum: 191114f1c

Time (s): cpu = 00:00:02 ; elapsed = 00:00:08 . Memory (MB): peak = 1774.590 ; gain = 0.000

Phase 4.2 Global Iteration 1
 Number of Nodes with overlaps = 2
 Number of Nodes with overlaps = 0
INFO: [Route 35-416] Intermediate Timing Summary | WNS=5.249  | TNS=0.000  | WHS=N/A    | THS=N/A    |

Phase 4.2 Global Iteration 1 | Checksum: 20d6bfa72

Time (s): cpu = 00:00:02 ; elapsed = 00:00:08 . Memory (MB): peak = 1774.590 ; gain = 0.000
Phase 4 Rip-up And Reroute | Checksum: 20d6bfa72

Time (s): cpu = 00:00:02 ; elapsed = 00:00:08 . Memory (MB): peak = 1774.590 ; gain = 0.000

Phase 5 Delay and Skew Optimization

Phase 5.1 Delay CleanUp
Phase 5.1 Delay CleanUp | Checksum: 20d6bfa72

Time (s): cpu = 00:00:02 ; elapsed = 00:00:08 . Memory (MB): peak = 1774.590 ; gain = 0.000

Phase 5.2 Clock Skew Optimization
Phase 5.2 Clock Skew Optimization | Checksum: 20d6bfa72

Time (s): cpu = 00:00:02 ; elapsed = 00:00:08 . Memory (MB): peak = 1774.590 ; gain = 0.000
Phase 5 Delay and Skew Optimization | Checksum: 20d6bfa72

Time (s): cpu = 00:00:02 ; elapsed = 00:00:08 . Memory (MB): peak = 1774.590 ; gain = 0.000

Phase 6 Post Hold Fix

Phase 6.1 Hold Fix Iter

Phase 6.1.1 Update Timing
Phase 6.1.1 Update Timing | Checksum: 136932378

Time (s): cpu = 00:00:02 ; elapsed = 00:00:08 . Memory (MB): peak = 1774.590 ; gain = 0.000
INFO: [Route 35-416] Intermediate Timing Summary | WNS=5.249  | TNS=0.000  | WHS=0.110  | THS=0.000  |

Phase 6.1 Hold Fix Iter | Checksum: 1dd1f80ad

Time (s): cpu = 00:00:02 ; elapsed = 00:00:08 . Memory (MB): peak = 1774.590 ; gain = 0.000
Phase 6 Post Hold Fix | Checksum: 1dd1f80ad

Time (s): cpu = 00:00:02 ; elapsed = 00:00:08 . Memory (MB): peak = 1774.590 ; gain = 0.000

Phase 7 Route finalize

Router Utilization Summary
  Global Vertical Routing Utilization    = 0.254645 %
  Global Horizontal Routing Utilization  = 0.222656 %
  Routable Net Status*
  *Does not include unroutable nets such as driverless and loadless.
  Run report_route_status for detailed report.
  Number of Failed Nets               = 0
    (Failed Nets is the sum of unrouted and partially routed nets)
  Number of Unrouted Nets             = 0
  Number of Partially Routed Nets     = 0
  Number of Node Overlaps             = 0

Phase 7 Route finalize | Checksum: 1a5792727

Time (s): cpu = 00:00:02 ; elapsed = 00:00:08 . Memory (MB): peak = 1774.590 ; gain = 0.000

Phase 8 Verifying routed nets

 Verification completed successfully
Phase 8 Verifying routed nets | Checksum: 1a5792727

Time (s): cpu = 00:00:02 ; elapsed = 00:00:08 . Memory (MB): peak = 1774.590 ; gain = 0.000

Phase 9 Depositing Routes
Phase 9 Depositing Routes | Checksum: e5d19b52

Time (s): cpu = 00:00:02 ; elapsed = 00:00:08 . Memory (MB): peak = 1774.590 ; gain = 0.000

Phase 10 Post Router Timing
INFO: [Route 35-57] Estimated Timing Summary | WNS=5.249  | TNS=0.000  | WHS=0.110  | THS=0.000  |

INFO: [Route 35-327] The final timing numbers are based on the router estimated timing analysis. For a complete and accurate timing signoff, please run report_timing_summary.
Phase 10 Post Router Timing | Checksum: e5d19b52

Time (s): cpu = 00:00:02 ; elapsed = 00:00:08 . Memory (MB): peak = 1774.590 ; gain = 0.000
INFO: [Route 35-16] Router Completed Successfully

Time (s): cpu = 00:00:02 ; elapsed = 00:00:08 . Memory (MB): peak = 1774.590 ; gain = 0.000

Routing Is Done.
INFO: [Common 17-83] Releasing license: Implementation
13 Infos, 0 Warnings, 0 Critical Warnings and 0 Errors encountered.
route_design completed successfully
route_design: Time (s): cpu = 00:00:03 ; elapsed = 00:00:08 . Memory (MB): peak = 1774.590 ; gain = 0.000
# write_bitstream -force $projpath/$projname/$projname.runs/impl_1/$projname.bit
Command: write_bitstream -force E:/FPGA/RISC-V/AX7010_2023.1-course_s1_fpga-18_ad9238_hdmi/vivado_ad9238/vivado_ad9238.runs/impl_1/vivado_ad9238.bit
Attempting to get a license for feature 'Implementation' and/or device 'xc7z010'
INFO: [Common 17-349] Got license for feature 'Implementation' and/or device 'xc7z010'
Running DRC as a precondition to command write_bitstream
INFO: [IP_Flow 19-1839] IP Catalog is up to date.
INFO: [DRC 23-27] Running DRC with 2 threads
WARNING: [DRC CHECK-3] Report rule limit reached: REQP-1840 rule limit reached: 20 violations have been found.
WARNING: [DRC REQP-1840] RAMB18 async control check: The RAMB18E1 wav_display_m0/buffer/U0/inst_blk_mem_gen/gnbram.gnativebmg.native_blk_mem_gen/valid.cstr/ramloop[0].ram.r/prim_noinit.ram/DEVICE_7SERIES.NO_BMM_INFO.SDP.SIMPLE_PRIM18.ram has an input control pin wav_display_m0/buffer/U0/inst_blk_mem_gen/gnbram.gnativebmg.native_blk_mem_gen/valid.cstr/ramloop[0].ram.r/prim_noinit.ram/DEVICE_7SERIES.NO_BMM_INFO.SDP.SIMPLE_PRIM18.ram/ADDRARDADDR[10] (net: wav_display_m0/buffer/U0/inst_blk_mem_gen/gnbram.gnativebmg.native_blk_mem_gen/valid.cstr/ramloop[0].ram.r/prim_noinit.ram/addra[7]) which is driven by a register (ad9238_sample_m0/sample_cnt_reg[7]) that has an active asychronous set or reset. This may cause corruption of the memory contents and/or read values when the set/reset is asserted and is not analyzed by the default static timing analysis. It is suggested to eliminate the use of a set/reset to registers driving this RAMB pin or else use a synchronous reset in which the assertion of the reset is timed by default.
WARNING: [DRC REQP-1840] RAMB18 async control check: The RAMB18E1 wav_display_m0/buffer/U0/inst_blk_mem_gen/gnbram.gnativebmg.native_blk_mem_gen/valid.cstr/ramloop[0].ram.r/prim_noinit.ram/DEVICE_7SERIES.NO_BMM_INFO.SDP.SIMPLE_PRIM18.ram has an input control pin wav_display_m0/buffer/U0/inst_blk_mem_gen/gnbram.gnativebmg.native_blk_mem_gen/valid.cstr/ramloop[0].ram.r/prim_noinit.ram/DEVICE_7SERIES.NO_BMM_INFO.SDP.SIMPLE_PRIM18.ram/ADDRARDADDR[11] (net: wav_display_m0/buffer/U0/inst_blk_mem_gen/gnbram.gnativebmg.native_blk_mem_gen/valid.cstr/ramloop[0].ram.r/prim_noinit.ram/addra[8]) which is driven by a register (ad9238_sample_m0/sample_cnt_reg[8]) that has an active asychronous set or reset. This may cause corruption of the memory contents and/or read values when the set/reset is asserted and is not analyzed by the default static timing analysis. It is suggested to eliminate the use of a set/reset to registers driving this RAMB pin or else use a synchronous reset in which the assertion of the reset is timed by default.
WARNING: [DRC REQP-1840] RAMB18 async control check: The RAMB18E1 wav_display_m0/buffer/U0/inst_blk_mem_gen/gnbram.gnativebmg.native_blk_mem_gen/valid.cstr/ramloop[0].ram.r/prim_noinit.ram/DEVICE_7SERIES.NO_BMM_INFO.SDP.SIMPLE_PRIM18.ram has an input control pin wav_display_m0/buffer/U0/inst_blk_mem_gen/gnbram.gnativebmg.native_blk_mem_gen/valid.cstr/ramloop[0].ram.r/prim_noinit.ram/DEVICE_7SERIES.NO_BMM_INFO.SDP.SIMPLE_PRIM18.ram/ADDRARDADDR[12] (net: wav_display_m0/buffer/U0/inst_blk_mem_gen/gnbram.gnativebmg.native_blk_mem_gen/valid.cstr/ramloop[0].ram.r/prim_noinit.ram/addra[9]) which is driven by a register (ad9238_sample_m0/sample_cnt_reg[9]) that has an active asychronous set or reset. This may cause corruption of the memory contents and/or read values when the set/reset is asserted and is not analyzed by the default static timing analysis. It is suggested to eliminate the use of a set/reset to registers driving this RAMB pin or else use a synchronous reset in which the assertion of the reset is timed by default.
WARNING: [DRC REQP-1840] RAMB18 async control check: The RAMB18E1 wav_display_m0/buffer/U0/inst_blk_mem_gen/gnbram.gnativebmg.native_blk_mem_gen/valid.cstr/ramloop[0].ram.r/prim_noinit.ram/DEVICE_7SERIES.NO_BMM_INFO.SDP.SIMPLE_PRIM18.ram has an input control pin wav_display_m0/buffer/U0/inst_blk_mem_gen/gnbram.gnativebmg.native_blk_mem_gen/valid.cstr/ramloop[0].ram.r/prim_noinit.ram/DEVICE_7SERIES.NO_BMM_INFO.SDP.SIMPLE_PRIM18.ram/ADDRARDADDR[13] (net: wav_display_m0/buffer/U0/inst_blk_mem_gen/gnbram.gnativebmg.native_blk_mem_gen/valid.cstr/ramloop[0].ram.r/prim_noinit.ram/addra[10]) which is driven by a register (ad9238_sample_m0/sample_cnt_reg[10]) that has an active asychronous set or reset. This may cause corruption of the memory contents and/or read values when the set/reset is asserted and is not analyzed by the default static timing analysis. It is suggested to eliminate the use of a set/reset to registers driving this RAMB pin or else use a synchronous reset in which the assertion of the reset is timed by default.
WARNING: [DRC REQP-1840] RAMB18 async control check: The RAMB18E1 wav_display_m0/buffer/U0/inst_blk_mem_gen/gnbram.gnativebmg.native_blk_mem_gen/valid.cstr/ramloop[0].ram.r/prim_noinit.ram/DEVICE_7SERIES.NO_BMM_INFO.SDP.SIMPLE_PRIM18.ram has an input control pin wav_display_m0/buffer/U0/inst_blk_mem_gen/gnbram.gnativebmg.native_blk_mem_gen/valid.cstr/ramloop[0].ram.r/prim_noinit.ram/DEVICE_7SERIES.NO_BMM_INFO.SDP.SIMPLE_PRIM18.ram/ADDRARDADDR[3] (net: wav_display_m0/buffer/U0/inst_blk_mem_gen/gnbram.gnativebmg.native_blk_mem_gen/valid.cstr/ramloop[0].ram.r/prim_noinit.ram/addra[0]) which is driven by a register (ad9238_sample_m0/sample_cnt_reg[0]) that has an active asychronous set or reset. This may cause corruption of the memory contents and/or read values when the set/reset is asserted and is not analyzed by the default static timing analysis. It is suggested to eliminate the use of a set/reset to registers driving this RAMB pin or else use a synchronous reset in which the assertion of the reset is timed by default.
WARNING: [DRC REQP-1840] RAMB18 async control check: The RAMB18E1 wav_display_m0/buffer/U0/inst_blk_mem_gen/gnbram.gnativebmg.native_blk_mem_gen/valid.cstr/ramloop[0].ram.r/prim_noinit.ram/DEVICE_7SERIES.NO_BMM_INFO.SDP.SIMPLE_PRIM18.ram has an input control pin wav_display_m0/buffer/U0/inst_blk_mem_gen/gnbram.gnativebmg.native_blk_mem_gen/valid.cstr/ramloop[0].ram.r/prim_noinit.ram/DEVICE_7SERIES.NO_BMM_INFO.SDP.SIMPLE_PRIM18.ram/ADDRARDADDR[4] (net: wav_display_m0/buffer/U0/inst_blk_mem_gen/gnbram.gnativebmg.native_blk_mem_gen/valid.cstr/ramloop[0].ram.r/prim_noinit.ram/addra[1]) which is driven by a register (ad9238_sample_m0/sample_cnt_reg[1]) that has an active asychronous set or reset. This may cause corruption of the memory contents and/or read values when the set/reset is asserted and is not analyzed by the default static timing analysis. It is suggested to eliminate the use of a set/reset to registers driving this RAMB pin or else use a synchronous reset in which the assertion of the reset is timed by default.
WARNING: [DRC REQP-1840] RAMB18 async control check: The RAMB18E1 wav_display_m0/buffer/U0/inst_blk_mem_gen/gnbram.gnativebmg.native_blk_mem_gen/valid.cstr/ramloop[0].ram.r/prim_noinit.ram/DEVICE_7SERIES.NO_BMM_INFO.SDP.SIMPLE_PRIM18.ram has an input control pin wav_display_m0/buffer/U0/inst_blk_mem_gen/gnbram.gnativebmg.native_blk_mem_gen/valid.cstr/ramloop[0].ram.r/prim_noinit.ram/DEVICE_7SERIES.NO_BMM_INFO.SDP.SIMPLE_PRIM18.ram/ADDRARDADDR[5] (net: wav_display_m0/buffer/U0/inst_blk_mem_gen/gnbram.gnativebmg.native_blk_mem_gen/valid.cstr/ramloop[0].ram.r/prim_noinit.ram/addra[2]) which is driven by a register (ad9238_sample_m0/sample_cnt_reg[2]) that has an active asychronous set or reset. This may cause corruption of the memory contents and/or read values when the set/reset is asserted and is not analyzed by the default static timing analysis. It is suggested to eliminate the use of a set/reset to registers driving this RAMB pin or else use a synchronous reset in which the assertion of the reset is timed by default.
WARNING: [DRC REQP-1840] RAMB18 async control check: The RAMB18E1 wav_display_m0/buffer/U0/inst_blk_mem_gen/gnbram.gnativebmg.native_blk_mem_gen/valid.cstr/ramloop[0].ram.r/prim_noinit.ram/DEVICE_7SERIES.NO_BMM_INFO.SDP.SIMPLE_PRIM18.ram has an input control pin wav_display_m0/buffer/U0/inst_blk_mem_gen/gnbram.gnativebmg.native_blk_mem_gen/valid.cstr/ramloop[0].ram.r/prim_noinit.ram/DEVICE_7SERIES.NO_BMM_INFO.SDP.SIMPLE_PRIM18.ram/ADDRARDADDR[6] (net: wav_display_m0/buffer/U0/inst_blk_mem_gen/gnbram.gnativebmg.native_blk_mem_gen/valid.cstr/ramloop[0].ram.r/prim_noinit.ram/addra[3]) which is driven by a register (ad9238_sample_m0/sample_cnt_reg[3]) that has an active asychronous set or reset. This may cause corruption of the memory contents and/or read values when the set/reset is asserted and is not analyzed by the default static timing analysis. It is suggested to eliminate the use of a set/reset to registers driving this RAMB pin or else use a synchronous reset in which the assertion of the reset is timed by default.
WARNING: [DRC REQP-1840] RAMB18 async control check: The RAMB18E1 wav_display_m0/buffer/U0/inst_blk_mem_gen/gnbram.gnativebmg.native_blk_mem_gen/valid.cstr/ramloop[0].ram.r/prim_noinit.ram/DEVICE_7SERIES.NO_BMM_INFO.SDP.SIMPLE_PRIM18.ram has an input control pin wav_display_m0/buffer/U0/inst_blk_mem_gen/gnbram.gnativebmg.native_blk_mem_gen/valid.cstr/ramloop[0].ram.r/prim_noinit.ram/DEVICE_7SERIES.NO_BMM_INFO.SDP.SIMPLE_PRIM18.ram/ADDRARDADDR[7] (net: wav_display_m0/buffer/U0/inst_blk_mem_gen/gnbram.gnativebmg.native_blk_mem_gen/valid.cstr/ramloop[0].ram.r/prim_noinit.ram/addra[4]) which is driven by a register (ad9238_sample_m0/sample_cnt_reg[4]) that has an active asychronous set or reset. This may cause corruption of the memory contents and/or read values when the set/reset is asserted and is not analyzed by the default static timing analysis. It is suggested to eliminate the use of a set/reset to registers driving this RAMB pin or else use a synchronous reset in which the assertion of the reset is timed by default.
WARNING: [DRC REQP-1840] RAMB18 async control check: The RAMB18E1 wav_display_m0/buffer/U0/inst_blk_mem_gen/gnbram.gnativebmg.native_blk_mem_gen/valid.cstr/ramloop[0].ram.r/prim_noinit.ram/DEVICE_7SERIES.NO_BMM_INFO.SDP.SIMPLE_PRIM18.ram has an input control pin wav_display_m0/buffer/U0/inst_blk_mem_gen/gnbram.gnativebmg.native_blk_mem_gen/valid.cstr/ramloop[0].ram.r/prim_noinit.ram/DEVICE_7SERIES.NO_BMM_INFO.SDP.SIMPLE_PRIM18.ram/ADDRARDADDR[8] (net: wav_display_m0/buffer/U0/inst_blk_mem_gen/gnbram.gnativebmg.native_blk_mem_gen/valid.cstr/ramloop[0].ram.r/prim_noinit.ram/addra[5]) which is driven by a register (ad9238_sample_m0/sample_cnt_reg[5]) that has an active asychronous set or reset. This may cause corruption of the memory contents and/or read values when the set/reset is asserted and is not analyzed by the default static timing analysis. It is suggested to eliminate the use of a set/reset to registers driving this RAMB pin or else use a synchronous reset in which the assertion of the reset is timed by default.
WARNING: [DRC REQP-1840] RAMB18 async control check: The RAMB18E1 wav_display_m0/buffer/U0/inst_blk_mem_gen/gnbram.gnativebmg.native_blk_mem_gen/valid.cstr/ramloop[0].ram.r/prim_noinit.ram/DEVICE_7SERIES.NO_BMM_INFO.SDP.SIMPLE_PRIM18.ram has an input control pin wav_display_m0/buffer/U0/inst_blk_mem_gen/gnbram.gnativebmg.native_blk_mem_gen/valid.cstr/ramloop[0].ram.r/prim_noinit.ram/DEVICE_7SERIES.NO_BMM_INFO.SDP.SIMPLE_PRIM18.ram/ADDRARDADDR[9] (net: wav_display_m0/buffer/U0/inst_blk_mem_gen/gnbram.gnativebmg.native_blk_mem_gen/valid.cstr/ramloop[0].ram.r/prim_noinit.ram/addra[6]) which is driven by a register (ad9238_sample_m0/sample_cnt_reg[6]) that has an active asychronous set or reset. This may cause corruption of the memory contents and/or read values when the set/reset is asserted and is not analyzed by the default static timing analysis. It is suggested to eliminate the use of a set/reset to registers driving this RAMB pin or else use a synchronous reset in which the assertion of the reset is timed by default.
WARNING: [DRC REQP-1840] RAMB18 async control check: The RAMB18E1 wav_display_m0/buffer/U0/inst_blk_mem_gen/gnbram.gnativebmg.native_blk_mem_gen/valid.cstr/ramloop[0].ram.r/prim_noinit.ram/DEVICE_7SERIES.NO_BMM_INFO.SDP.SIMPLE_PRIM18.ram has an input control pin wav_display_m0/buffer/U0/inst_blk_mem_gen/gnbram.gnativebmg.native_blk_mem_gen/valid.cstr/ramloop[0].ram.r/prim_noinit.ram/DEVICE_7SERIES.NO_BMM_INFO.SDP.SIMPLE_PRIM18.ram/ENARDEN (net: wav_display_m0/buffer/U0/inst_blk_mem_gen/gnbram.gnativebmg.native_blk_mem_gen/valid.cstr/ramloop[0].ram.r/prim_noinit.ram/wea[0]) which is driven by a register (ad9238_sample_m0/adc_buf_wr_reg) that has an active asychronous set or reset. This may cause corruption of the memory contents and/or read values when the set/reset is asserted and is not analyzed by the default static timing analysis. It is suggested to eliminate the use of a set/reset to registers driving this RAMB pin or else use a synchronous reset in which the assertion of the reset is timed by default.
WARNING: [DRC REQP-1840] RAMB18 async control check: The RAMB18E1 wav_display_m1/buffer/U0/inst_blk_mem_gen/gnbram.gnativebmg.native_blk_mem_gen/valid.cstr/ramloop[0].ram.r/prim_noinit.ram/DEVICE_7SERIES.NO_BMM_INFO.SDP.SIMPLE_PRIM18.ram has an input control pin wav_display_m1/buffer/U0/inst_blk_mem_gen/gnbram.gnativebmg.native_blk_mem_gen/valid.cstr/ramloop[0].ram.r/prim_noinit.ram/DEVICE_7SERIES.NO_BMM_INFO.SDP.SIMPLE_PRIM18.ram/ADDRARDADDR[10] (net: wav_display_m1/buffer/U0/inst_blk_mem_gen/gnbram.gnativebmg.native_blk_mem_gen/valid.cstr/ramloop[0].ram.r/prim_noinit.ram/addra[7]) which is driven by a register (ad9238_sample_m1/sample_cnt_reg[7]) that has an active asychronous set or reset. This may cause corruption of the memory contents and/or read values when the set/reset is asserted and is not analyzed by the default static timing analysis. It is suggested to eliminate the use of a set/reset to registers driving this RAMB pin or else use a synchronous reset in which the assertion of the reset is timed by default.
WARNING: [DRC REQP-1840] RAMB18 async control check: The RAMB18E1 wav_display_m1/buffer/U0/inst_blk_mem_gen/gnbram.gnativebmg.native_blk_mem_gen/valid.cstr/ramloop[0].ram.r/prim_noinit.ram/DEVICE_7SERIES.NO_BMM_INFO.SDP.SIMPLE_PRIM18.ram has an input control pin wav_display_m1/buffer/U0/inst_blk_mem_gen/gnbram.gnativebmg.native_blk_mem_gen/valid.cstr/ramloop[0].ram.r/prim_noinit.ram/DEVICE_7SERIES.NO_BMM_INFO.SDP.SIMPLE_PRIM18.ram/ADDRARDADDR[11] (net: wav_display_m1/buffer/U0/inst_blk_mem_gen/gnbram.gnativebmg.native_blk_mem_gen/valid.cstr/ramloop[0].ram.r/prim_noinit.ram/addra[8]) which is driven by a register (ad9238_sample_m1/sample_cnt_reg[8]) that has an active asychronous set or reset. This may cause corruption of the memory contents and/or read values when the set/reset is asserted and is not analyzed by the default static timing analysis. It is suggested to eliminate the use of a set/reset to registers driving this RAMB pin or else use a synchronous reset in which the assertion of the reset is timed by default.
WARNING: [DRC REQP-1840] RAMB18 async control check: The RAMB18E1 wav_display_m1/buffer/U0/inst_blk_mem_gen/gnbram.gnativebmg.native_blk_mem_gen/valid.cstr/ramloop[0].ram.r/prim_noinit.ram/DEVICE_7SERIES.NO_BMM_INFO.SDP.SIMPLE_PRIM18.ram has an input control pin wav_display_m1/buffer/U0/inst_blk_mem_gen/gnbram.gnativebmg.native_blk_mem_gen/valid.cstr/ramloop[0].ram.r/prim_noinit.ram/DEVICE_7SERIES.NO_BMM_INFO.SDP.SIMPLE_PRIM18.ram/ADDRARDADDR[12] (net: wav_display_m1/buffer/U0/inst_blk_mem_gen/gnbram.gnativebmg.native_blk_mem_gen/valid.cstr/ramloop[0].ram.r/prim_noinit.ram/addra[9]) which is driven by a register (ad9238_sample_m1/sample_cnt_reg[9]) that has an active asychronous set or reset. This may cause corruption of the memory contents and/or read values when the set/reset is asserted and is not analyzed by the default static timing analysis. It is suggested to eliminate the use of a set/reset to registers driving this RAMB pin or else use a synchronous reset in which the assertion of the reset is timed by default.
WARNING: [DRC REQP-1840] RAMB18 async control check: The RAMB18E1 wav_display_m1/buffer/U0/inst_blk_mem_gen/gnbram.gnativebmg.native_blk_mem_gen/valid.cstr/ramloop[0].ram.r/prim_noinit.ram/DEVICE_7SERIES.NO_BMM_INFO.SDP.SIMPLE_PRIM18.ram has an input control pin wav_display_m1/buffer/U0/inst_blk_mem_gen/gnbram.gnativebmg.native_blk_mem_gen/valid.cstr/ramloop[0].ram.r/prim_noinit.ram/DEVICE_7SERIES.NO_BMM_INFO.SDP.SIMPLE_PRIM18.ram/ADDRARDADDR[13] (net: wav_display_m1/buffer/U0/inst_blk_mem_gen/gnbram.gnativebmg.native_blk_mem_gen/valid.cstr/ramloop[0].ram.r/prim_noinit.ram/addra[10]) which is driven by a register (ad9238_sample_m1/sample_cnt_reg[10]) that has an active asychronous set or reset. This may cause corruption of the memory contents and/or read values when the set/reset is asserted and is not analyzed by the default static timing analysis. It is suggested to eliminate the use of a set/reset to registers driving this RAMB pin or else use a synchronous reset in which the assertion of the reset is timed by default.
WARNING: [DRC REQP-1840] RAMB18 async control check: The RAMB18E1 wav_display_m1/buffer/U0/inst_blk_mem_gen/gnbram.gnativebmg.native_blk_mem_gen/valid.cstr/ramloop[0].ram.r/prim_noinit.ram/DEVICE_7SERIES.NO_BMM_INFO.SDP.SIMPLE_PRIM18.ram has an input control pin wav_display_m1/buffer/U0/inst_blk_mem_gen/gnbram.gnativebmg.native_blk_mem_gen/valid.cstr/ramloop[0].ram.r/prim_noinit.ram/DEVICE_7SERIES.NO_BMM_INFO.SDP.SIMPLE_PRIM18.ram/ADDRARDADDR[6] (net: wav_display_m1/buffer/U0/inst_blk_mem_gen/gnbram.gnativebmg.native_blk_mem_gen/valid.cstr/ramloop[0].ram.r/prim_noinit.ram/addra[3]) which is driven by a register (ad9238_sample_m1/sample_cnt_reg[3]) that has an active asychronous set or reset. This may cause corruption of the memory contents and/or read values when the set/reset is asserted and is not analyzed by the default static timing analysis. It is suggested to eliminate the use of a set/reset to registers driving this RAMB pin or else use a synchronous reset in which the assertion of the reset is timed by default.
WARNING: [DRC REQP-1840] RAMB18 async control check: The RAMB18E1 wav_display_m1/buffer/U0/inst_blk_mem_gen/gnbram.gnativebmg.native_blk_mem_gen/valid.cstr/ramloop[0].ram.r/prim_noinit.ram/DEVICE_7SERIES.NO_BMM_INFO.SDP.SIMPLE_PRIM18.ram has an input control pin wav_display_m1/buffer/U0/inst_blk_mem_gen/gnbram.gnativebmg.native_blk_mem_gen/valid.cstr/ramloop[0].ram.r/prim_noinit.ram/DEVICE_7SERIES.NO_BMM_INFO.SDP.SIMPLE_PRIM18.ram/ADDRARDADDR[7] (net: wav_display_m1/buffer/U0/inst_blk_mem_gen/gnbram.gnativebmg.native_blk_mem_gen/valid.cstr/ramloop[0].ram.r/prim_noinit.ram/addra[4]) which is driven by a register (ad9238_sample_m1/sample_cnt_reg[4]) that has an active asychronous set or reset. This may cause corruption of the memory contents and/or read values when the set/reset is asserted and is not analyzed by the default static timing analysis. It is suggested to eliminate the use of a set/reset to registers driving this RAMB pin or else use a synchronous reset in which the assertion of the reset is timed by default.
WARNING: [DRC REQP-1840] RAMB18 async control check: The RAMB18E1 wav_display_m1/buffer/U0/inst_blk_mem_gen/gnbram.gnativebmg.native_blk_mem_gen/valid.cstr/ramloop[0].ram.r/prim_noinit.ram/DEVICE_7SERIES.NO_BMM_INFO.SDP.SIMPLE_PRIM18.ram has an input control pin wav_display_m1/buffer/U0/inst_blk_mem_gen/gnbram.gnativebmg.native_blk_mem_gen/valid.cstr/ramloop[0].ram.r/prim_noinit.ram/DEVICE_7SERIES.NO_BMM_INFO.SDP.SIMPLE_PRIM18.ram/ADDRARDADDR[8] (net: wav_display_m1/buffer/U0/inst_blk_mem_gen/gnbram.gnativebmg.native_blk_mem_gen/valid.cstr/ramloop[0].ram.r/prim_noinit.ram/addra[5]) which is driven by a register (ad9238_sample_m1/sample_cnt_reg[5]) that has an active asychronous set or reset. This may cause corruption of the memory contents and/or read values when the set/reset is asserted and is not analyzed by the default static timing analysis. It is suggested to eliminate the use of a set/reset to registers driving this RAMB pin or else use a synchronous reset in which the assertion of the reset is timed by default.
WARNING: [DRC REQP-1840] RAMB18 async control check: The RAMB18E1 wav_display_m1/buffer/U0/inst_blk_mem_gen/gnbram.gnativebmg.native_blk_mem_gen/valid.cstr/ramloop[0].ram.r/prim_noinit.ram/DEVICE_7SERIES.NO_BMM_INFO.SDP.SIMPLE_PRIM18.ram has an input control pin wav_display_m1/buffer/U0/inst_blk_mem_gen/gnbram.gnativebmg.native_blk_mem_gen/valid.cstr/ramloop[0].ram.r/prim_noinit.ram/DEVICE_7SERIES.NO_BMM_INFO.SDP.SIMPLE_PRIM18.ram/ADDRARDADDR[9] (net: wav_display_m1/buffer/U0/inst_blk_mem_gen/gnbram.gnativebmg.native_blk_mem_gen/valid.cstr/ramloop[0].ram.r/prim_noinit.ram/addra[6]) which is driven by a register (ad9238_sample_m1/sample_cnt_reg[6]) that has an active asychronous set or reset. This may cause corruption of the memory contents and/or read values when the set/reset is asserted and is not analyzed by the default static timing analysis. It is suggested to eliminate the use of a set/reset to registers driving this RAMB pin or else use a synchronous reset in which the assertion of the reset is timed by default.
WARNING: [DRC ZPS7-1] PS7 block required: The PS7 cell must be used in this Zynq design in order to enable correct default configuration.
INFO: [Vivado 12-3199] DRC finished with 0 Errors, 22 Warnings
INFO: [Vivado 12-3200] Please refer to the DRC report (report_drc) for more information.
INFO: [Designutils 20-2272] Running write_bitstream with 2 threads.
Loading data files...
Loading site data...
Loading route data...
Processing options...
Creating bitmap...
Creating bitstream...
Writing bitstream E:/FPGA/RISC-V/AX7010_2023.1-course_s1_fpga-18_ad9238_hdmi/vivado_ad9238/vivado_ad9238.runs/impl_1/vivado_ad9238.bit...
INFO: [Vivado 12-1842] Bitgen Completed Successfully.
INFO: [Project 1-120] WebTalk data collection is mandatory when using a WebPACK part without a full Vivado license. To see the specific WebTalk data collected for your design, open the usage_statistics_webtalk.html or usage_statistics_webtalk.xml file in the implementation directory.
INFO: [Common 17-83] Releasing license: Implementation
9 Infos, 22 Warnings, 0 Critical Warnings and 0 Errors encountered.
write_bitstream completed successfully
write_bitstream: Time (s): cpu = 00:00:02 ; elapsed = 00:00:09 . Memory (MB): peak = 2164.957 ; gain = 390.367
# add_files -fileset sources_1  -copy_to $projpath -force -quiet [glob -nocomplain $projpath/$projname/$projname.runs/impl_1/*.bit]
INFO: [Common 17-206] Exiting Vivado at Mon Nov 11 10:47:09 2024...
