Copyright 1986-2020 Xilinx, Inc. All Rights Reserved.
--------------------------------------------------------------------------------------------------------------------------------------------------------------------------------
| Tool Version : Vivado v.2020.1 (win64) Build 2902540 Wed May 27 19:54:49 MDT 2020
| Date         : Mon Nov 11 01:59:17 2024
| Host         : LAPTOP-C0SBPNAP running 64-bit major release  (build 9200)
| Command      : report_timing_summary -max_paths 10 -file top_timing_summary_routed.rpt -pb top_timing_summary_routed.pb -rpx top_timing_summary_routed.rpx -warn_on_violation
| Design       : top
| Device       : 7z010-clg400
| Speed File   : -1  PRODUCTION 1.12 2019-11-22
--------------------------------------------------------------------------------------------------------------------------------------------------------------------------------

Timing Summary Report

------------------------------------------------------------------------------------------------
| Timer Settings
| --------------
------------------------------------------------------------------------------------------------

  Enable Multi Corner Analysis               :  Yes
  Enable Pessimism Removal                   :  Yes
  Pessimism Removal Resolution               :  Nearest Common Node
  Enable Input Delay Default Clock           :  No
  Enable Preset / Clear Arcs                 :  No
  Disable Flight Delays                      :  No
  Ignore I/O Paths                           :  No
  Timing Early Launch at Borrowing Latches   :  No
  Borrow Time for Max Delay Exceptions       :  Yes
  Merge Timing Exceptions                    :  Yes

  Corner  Analyze    Analyze    
  Name    Max Paths  Min Paths  
  ------  ---------  ---------  
  Slow    Yes        Yes        
  Fast    Yes        Yes        



check_timing report

Table of Contents
-----------------
1. checking no_clock (0)
2. checking constant_clock (0)
3. checking pulse_width_clock (0)
4. checking unconstrained_internal_endpoints (0)
5. checking no_input_delay (17)
6. checking no_output_delay (4)
7. checking multiple_clock (0)
8. checking generated_clocks (1)
9. checking loops (0)
10. checking partial_input_delay (0)
11. checking partial_output_delay (0)
12. checking latch_loops (0)

1. checking no_clock (0)
------------------------
 There are 0 register/latch pins with no clock.


2. checking constant_clock (0)
------------------------------
 There are 0 register/latch pins with constant_clock.


3. checking pulse_width_clock (0)
---------------------------------
 There are 0 register/latch pins which need pulse_width check


4. checking unconstrained_internal_endpoints (0)
------------------------------------------------
 There are 0 pins that are not constrained for maximum delay.

 There are 0 pins that are not constrained for maximum delay due to constant clock.


5. checking no_input_delay (17)
-------------------------------
 There are 17 input ports with no input delay specified. (HIGH)

 There are 0 input ports with no input delay but user has a false path constraint.


6. checking no_output_delay (4)
-------------------------------
 There are 4 ports with no output delay specified. (HIGH)

 There are 0 ports with no output delay but user has a false path constraint

 There are 0 ports with no output delay but with a timing clock defined on it or propagating through it


7. checking multiple_clock (0)
------------------------------
 There are 0 register/latch pins with multiple clocks.


8. checking generated_clocks (1)
--------------------------------
 There is 1 generated clock that is not connected to a clock source. (HIGH)


9. checking loops (0)
---------------------
 There are 0 combinational loops in the design.


10. checking partial_input_delay (0)
------------------------------------
 There are 0 input ports with partial input delay specified.


11. checking partial_output_delay (0)
-------------------------------------
 There are 0 ports with partial output delay specified.


12. checking latch_loops (0)
----------------------------
 There are 0 combinational latch loops in the design through latch input



------------------------------------------------------------------------------------------------
| Design Timing Summary
| ---------------------
------------------------------------------------------------------------------------------------

    WNS(ns)      TNS(ns)  TNS Failing Endpoints  TNS Total Endpoints      WHS(ns)      THS(ns)  THS Failing Endpoints  THS Total Endpoints     WPWS(ns)     TPWS(ns)  TPWS Failing Endpoints  TPWS Total Endpoints  
    -------      -------  ---------------------  -------------------      -------      -------  ---------------------  -------------------     --------     --------  ----------------------  --------------------  
      0.275        0.000                      0                  753        0.116        0.000                      0                  753       -0.808       -3.365                       9                   476  


Timing constraints are not met.


------------------------------------------------------------------------------------------------
| Clock Summary
| -------------
------------------------------------------------------------------------------------------------

Clock                        Waveform(ns)         Period(ns)      Frequency(MHz)
-----                        ------------         ----------      --------------
sys_clk                      {0.000 10.000}       20.000          50.000          
  clk_out1_adc_pll           {0.000 7.692}        15.385          65.000          
  clkfbout_adc_pll           {0.000 20.000}       40.000          25.000          
video_pll_m0/inst/clk_in1    {0.000 10.000}       20.000          50.000          
  clk_out1_video_pll         {0.000 3.368}        6.737           148.438         
    rgb2dvi_m0/U0/SerialClk  {0.000 0.674}        1.347           742.188         
  clk_out2_video_pll         {0.000 0.674}        1.347           742.188         
  clkfbout_video_pll         {0.000 40.000}       80.000          12.500          


------------------------------------------------------------------------------------------------
| Intra Clock Table
| -----------------
------------------------------------------------------------------------------------------------

Clock                            WNS(ns)      TNS(ns)  TNS Failing Endpoints  TNS Total Endpoints      WHS(ns)      THS(ns)  THS Failing Endpoints  THS Total Endpoints     WPWS(ns)     TPWS(ns)  TPWS Failing Endpoints  TPWS Total Endpoints  
-----                            -------      -------  ---------------------  -------------------      -------      -------  ---------------------  -------------------     --------     --------  ----------------------  --------------------  
sys_clk                                                                                                                                                                        7.000        0.000                       0                     1  
  clk_out1_adc_pll                10.727        0.000                      0                  220        0.144        0.000                      0                  220        7.192        0.000                       0                   113  
  clkfbout_adc_pll                                                                                                                                                            37.845        0.000                       0                     3  
video_pll_m0/inst/clk_in1                                                                                                                                                      7.000        0.000                       0                     1  
  clk_out1_video_pll               0.275        0.000                      0                  533        0.116        0.000                      0                  533        2.388        0.000                       0                   345  
    rgb2dvi_m0/U0/SerialClk                                                                                                                                                   -0.320       -2.557                       8                     8  
  clk_out2_video_pll                                                                                                                                                          -0.808       -0.808                       1                     2  
  clkfbout_video_pll                                                                                                                                                          20.000        0.000                       0                     3  


------------------------------------------------------------------------------------------------
| Inter Clock Table
| -----------------
------------------------------------------------------------------------------------------------

From Clock    To Clock          WNS(ns)      TNS(ns)  TNS Failing Endpoints  TNS Total Endpoints      WHS(ns)      THS(ns)  THS Failing Endpoints  THS Total Endpoints  
----------    --------          -------      -------  ---------------------  -------------------      -------      -------  ---------------------  -------------------  


------------------------------------------------------------------------------------------------
| Other Path Groups Table
| -----------------------
------------------------------------------------------------------------------------------------

Path Group    From Clock    To Clock          WNS(ns)      TNS(ns)  TNS Failing Endpoints  TNS Total Endpoints      WHS(ns)      THS(ns)  THS Failing Endpoints  THS Total Endpoints  
----------    ----------    --------          -------      -------  ---------------------  -------------------      -------      -------  ---------------------  -------------------  


------------------------------------------------------------------------------------------------
| Timing Details
| --------------
------------------------------------------------------------------------------------------------


---------------------------------------------------------------------------------------------------
From Clock:  sys_clk
  To Clock:  sys_clk

Setup :           NA  Failing Endpoints,  Worst Slack           NA  ,  Total Violation           NA
Hold  :           NA  Failing Endpoints,  Worst Slack           NA  ,  Total Violation           NA
PW    :            0  Failing Endpoints,  Worst Slack        7.000ns,  Total Violation        0.000ns
---------------------------------------------------------------------------------------------------


Pulse Width Checks
--------------------------------------------------------------------------------------
Clock Name:         sys_clk
Waveform(ns):       { 0.000 10.000 }
Period(ns):         20.000
Sources:            { sys_clk }

Check Type        Corner  Lib Pin            Reference Pin  Required(ns)  Actual(ns)  Slack(ns)  Location         Pin
Min Period        n/a     MMCME2_ADV/CLKIN1  n/a            1.249         20.000      18.751     MMCME2_ADV_X0Y1  adc_pll_m0/inst/mmcm_adv_inst/CLKIN1
Max Period        n/a     MMCME2_ADV/CLKIN1  n/a            100.000       20.000      80.000     MMCME2_ADV_X0Y1  adc_pll_m0/inst/mmcm_adv_inst/CLKIN1
Low Pulse Width   Slow    MMCME2_ADV/CLKIN1  n/a            3.000         10.000      7.000      MMCME2_ADV_X0Y1  adc_pll_m0/inst/mmcm_adv_inst/CLKIN1
Low Pulse Width   Fast    MMCME2_ADV/CLKIN1  n/a            3.000         10.000      7.000      MMCME2_ADV_X0Y1  adc_pll_m0/inst/mmcm_adv_inst/CLKIN1
High Pulse Width  Slow    MMCME2_ADV/CLKIN1  n/a            3.000         10.000      7.000      MMCME2_ADV_X0Y1  adc_pll_m0/inst/mmcm_adv_inst/CLKIN1
High Pulse Width  Fast    MMCME2_ADV/CLKIN1  n/a            3.000         10.000      7.000      MMCME2_ADV_X0Y1  adc_pll_m0/inst/mmcm_adv_inst/CLKIN1



---------------------------------------------------------------------------------------------------
From Clock:  clk_out1_adc_pll
  To Clock:  clk_out1_adc_pll

Setup :            0  Failing Endpoints,  Worst Slack       10.727ns,  Total Violation        0.000ns
Hold  :            0  Failing Endpoints,  Worst Slack        0.144ns,  Total Violation        0.000ns
PW    :            0  Failing Endpoints,  Worst Slack        7.192ns,  Total Violation        0.000ns
---------------------------------------------------------------------------------------------------


Max Delay Paths
--------------------------------------------------------------------------------------
Slack (MET) :             10.727ns  (required time - arrival time)
  Source:                 ad9238_sample_m0/wait_cnt_reg[18]/C
                            (rising edge-triggered cell FDCE clocked by clk_out1_adc_pll  {rise@0.000ns fall@7.692ns period=15.385ns})
  Destination:            ad9238_sample_m0/wait_cnt_reg[30]/D
                            (rising edge-triggered cell FDCE clocked by clk_out1_adc_pll  {rise@0.000ns fall@7.692ns period=15.385ns})
  Path Group:             clk_out1_adc_pll
  Path Type:              Setup (Max at Slow Process Corner)
  Requirement:            15.385ns  (clk_out1_adc_pll rise@15.385ns - clk_out1_adc_pll rise@0.000ns)
  Data Path Delay:        4.595ns  (logic 1.014ns (22.068%)  route 3.581ns (77.932%))
  Logic Levels:           4  (LUT2=1 LUT4=2 LUT6=1)
  Clock Path Skew:        -0.025ns (DCD - SCD + CPR)
    Destination Clock Delay (DCD):    -1.133ns = ( 14.252 - 15.385 ) 
    Source Clock Delay      (SCD):    -0.473ns
    Clock Pessimism Removal (CPR):    0.635ns
  Clock Uncertainty:      0.117ns  ((TSJ^2 + DJ^2)^1/2) / 2 + PE
    Total System Jitter     (TSJ):    0.071ns
    Discrete Jitter          (DJ):    0.222ns
    Phase Error              (PE):    0.000ns

    Location             Delay type                Incr(ns)  Path(ns)    Netlist Resource(s)
  -------------------------------------------------------------------    -------------------
                         (clock clk_out1_adc_pll rise edge)
                                                      0.000     0.000 r  
    U18                                               0.000     0.000 r  sys_clk (IN)
                         net (fo=0)                   0.000     0.000    sys_clk
    U18                  IBUF (Prop_ibuf_I_O)         1.530     1.530 r  sys_clk_IBUF_inst/O
                         net (fo=2, routed)           1.394     2.924    adc_pll_m0/inst/clk_in1
    MMCME2_ADV_X0Y1      MMCME2_ADV (Prop_mmcme2_adv_CLKIN1_CLKOUT0)
                                                     -6.996    -4.072 r  adc_pll_m0/inst/mmcm_adv_inst/CLKOUT0
                         net (fo=1, routed)           1.760    -2.312    adc_pll_m0/inst/clk_out1_adc_pll
    BUFGCTRL_X0Y16       BUFG (Prop_bufg_I_O)         0.101    -2.211 r  adc_pll_m0/inst/clkout1_buf/O
                         net (fo=113, routed)         1.738    -0.473    ad9238_sample_m0/clk_out1
    SLICE_X38Y53         FDCE                                         r  ad9238_sample_m0/wait_cnt_reg[18]/C
  -------------------------------------------------------------------    -------------------
    SLICE_X38Y53         FDCE (Prop_fdce_C_Q)         0.518     0.045 f  ad9238_sample_m0/wait_cnt_reg[18]/Q
                         net (fo=2, routed)           0.805     0.850    ad9238_sample_m0/wait_cnt[18]
    SLICE_X38Y53         LUT4 (Prop_lut4_I1_O)        0.124     0.974 r  ad9238_sample_m0/wait_cnt[0]_i_8/O
                         net (fo=1, routed)           0.830     1.804    ad9238_sample_m0/wait_cnt[0]_i_8_n_0
    SLICE_X38Y54         LUT6 (Prop_lut6_I1_O)        0.124     1.928 r  ad9238_sample_m0/wait_cnt[0]_i_4/O
                         net (fo=2, routed)           0.587     2.515    ad9238_sample_m0/wait_cnt[0]_i_4_n_0
    SLICE_X38Y51         LUT4 (Prop_lut4_I0_O)        0.124     2.639 r  ad9238_sample_m0/FSM_onehot_state[2]_i_3/O
                         net (fo=33, routed)          1.359     3.998    ad9238_sample_m0/FSM_onehot_state[2]_i_3_n_0
    SLICE_X38Y55         LUT2 (Prop_lut2_I0_O)        0.124     4.122 r  ad9238_sample_m0/wait_cnt[30]_i_1/O
                         net (fo=1, routed)           0.000     4.122    ad9238_sample_m0/wait_cnt__0[30]
    SLICE_X38Y55         FDCE                                         r  ad9238_sample_m0/wait_cnt_reg[30]/D
  -------------------------------------------------------------------    -------------------

                         (clock clk_out1_adc_pll rise edge)
                                                     15.385    15.385 r  
    U18                                               0.000    15.385 r  sys_clk (IN)
                         net (fo=0)                   0.000    15.385    sys_clk
    U18                  IBUF (Prop_ibuf_I_O)         1.459    16.844 r  sys_clk_IBUF_inst/O
                         net (fo=2, routed)           1.261    18.105    adc_pll_m0/inst/clk_in1
    MMCME2_ADV_X0Y1      MMCME2_ADV (Prop_mmcme2_adv_CLKIN1_CLKOUT0)
                                                     -7.105    11.000 r  adc_pll_m0/inst/mmcm_adv_inst/CLKOUT0
                         net (fo=1, routed)           1.599    12.599    adc_pll_m0/inst/clk_out1_adc_pll
    BUFGCTRL_X0Y16       BUFG (Prop_bufg_I_O)         0.091    12.690 r  adc_pll_m0/inst/clkout1_buf/O
                         net (fo=113, routed)         1.562    14.252    ad9238_sample_m0/clk_out1
    SLICE_X38Y55         FDCE                                         r  ad9238_sample_m0/wait_cnt_reg[30]/C
                         clock pessimism              0.635    14.887    
                         clock uncertainty           -0.117    14.770    
    SLICE_X38Y55         FDCE (Setup_fdce_C_D)        0.079    14.849    ad9238_sample_m0/wait_cnt_reg[30]
  -------------------------------------------------------------------
                         required time                         14.849    
                         arrival time                          -4.122    
  -------------------------------------------------------------------
                         slack                                 10.727    

Slack (MET) :             10.737ns  (required time - arrival time)
  Source:                 ad9238_sample_m0/wait_cnt_reg[18]/C
                            (rising edge-triggered cell FDCE clocked by clk_out1_adc_pll  {rise@0.000ns fall@7.692ns period=15.385ns})
  Destination:            ad9238_sample_m0/wait_cnt_reg[31]/D
                            (rising edge-triggered cell FDCE clocked by clk_out1_adc_pll  {rise@0.000ns fall@7.692ns period=15.385ns})
  Path Group:             clk_out1_adc_pll
  Path Type:              Setup (Max at Slow Process Corner)
  Requirement:            15.385ns  (clk_out1_adc_pll rise@15.385ns - clk_out1_adc_pll rise@0.000ns)
  Data Path Delay:        4.624ns  (logic 1.043ns (22.557%)  route 3.581ns (77.443%))
  Logic Levels:           4  (LUT2=1 LUT4=2 LUT6=1)
  Clock Path Skew:        -0.025ns (DCD - SCD + CPR)
    Destination Clock Delay (DCD):    -1.133ns = ( 14.252 - 15.385 ) 
    Source Clock Delay      (SCD):    -0.473ns
    Clock Pessimism Removal (CPR):    0.635ns
  Clock Uncertainty:      0.117ns  ((TSJ^2 + DJ^2)^1/2) / 2 + PE
    Total System Jitter     (TSJ):    0.071ns
    Discrete Jitter          (DJ):    0.222ns
    Phase Error              (PE):    0.000ns

    Location             Delay type                Incr(ns)  Path(ns)    Netlist Resource(s)
  -------------------------------------------------------------------    -------------------
                         (clock clk_out1_adc_pll rise edge)
                                                      0.000     0.000 r  
    U18                                               0.000     0.000 r  sys_clk (IN)
                         net (fo=0)                   0.000     0.000    sys_clk
    U18                  IBUF (Prop_ibuf_I_O)         1.530     1.530 r  sys_clk_IBUF_inst/O
                         net (fo=2, routed)           1.394     2.924    adc_pll_m0/inst/clk_in1
    MMCME2_ADV_X0Y1      MMCME2_ADV (Prop_mmcme2_adv_CLKIN1_CLKOUT0)
                                                     -6.996    -4.072 r  adc_pll_m0/inst/mmcm_adv_inst/CLKOUT0
                         net (fo=1, routed)           1.760    -2.312    adc_pll_m0/inst/clk_out1_adc_pll
    BUFGCTRL_X0Y16       BUFG (Prop_bufg_I_O)         0.101    -2.211 r  adc_pll_m0/inst/clkout1_buf/O
                         net (fo=113, routed)         1.738    -0.473    ad9238_sample_m0/clk_out1
    SLICE_X38Y53         FDCE                                         r  ad9238_sample_m0/wait_cnt_reg[18]/C
  -------------------------------------------------------------------    -------------------
    SLICE_X38Y53         FDCE (Prop_fdce_C_Q)         0.518     0.045 f  ad9238_sample_m0/wait_cnt_reg[18]/Q
                         net (fo=2, routed)           0.805     0.850    ad9238_sample_m0/wait_cnt[18]
    SLICE_X38Y53         LUT4 (Prop_lut4_I1_O)        0.124     0.974 r  ad9238_sample_m0/wait_cnt[0]_i_8/O
                         net (fo=1, routed)           0.830     1.804    ad9238_sample_m0/wait_cnt[0]_i_8_n_0
    SLICE_X38Y54         LUT6 (Prop_lut6_I1_O)        0.124     1.928 r  ad9238_sample_m0/wait_cnt[0]_i_4/O
                         net (fo=2, routed)           0.587     2.515    ad9238_sample_m0/wait_cnt[0]_i_4_n_0
    SLICE_X38Y51         LUT4 (Prop_lut4_I0_O)        0.124     2.639 r  ad9238_sample_m0/FSM_onehot_state[2]_i_3/O
                         net (fo=33, routed)          1.359     3.998    ad9238_sample_m0/FSM_onehot_state[2]_i_3_n_0
    SLICE_X38Y55         LUT2 (Prop_lut2_I0_O)        0.153     4.151 r  ad9238_sample_m0/wait_cnt[31]_i_1/O
                         net (fo=1, routed)           0.000     4.151    ad9238_sample_m0/wait_cnt__0[31]
    SLICE_X38Y55         FDCE                                         r  ad9238_sample_m0/wait_cnt_reg[31]/D
  -------------------------------------------------------------------    -------------------

                         (clock clk_out1_adc_pll rise edge)
                                                     15.385    15.385 r  
    U18                                               0.000    15.385 r  sys_clk (IN)
                         net (fo=0)                   0.000    15.385    sys_clk
    U18                  IBUF (Prop_ibuf_I_O)         1.459    16.844 r  sys_clk_IBUF_inst/O
                         net (fo=2, routed)           1.261    18.105    adc_pll_m0/inst/clk_in1
    MMCME2_ADV_X0Y1      MMCME2_ADV (Prop_mmcme2_adv_CLKIN1_CLKOUT0)
                                                     -7.105    11.000 r  adc_pll_m0/inst/mmcm_adv_inst/CLKOUT0
                         net (fo=1, routed)           1.599    12.599    adc_pll_m0/inst/clk_out1_adc_pll
    BUFGCTRL_X0Y16       BUFG (Prop_bufg_I_O)         0.091    12.690 r  adc_pll_m0/inst/clkout1_buf/O
                         net (fo=113, routed)         1.562    14.252    ad9238_sample_m0/clk_out1
    SLICE_X38Y55         FDCE                                         r  ad9238_sample_m0/wait_cnt_reg[31]/C
                         clock pessimism              0.635    14.887    
                         clock uncertainty           -0.117    14.770    
    SLICE_X38Y55         FDCE (Setup_fdce_C_D)        0.118    14.888    ad9238_sample_m0/wait_cnt_reg[31]
  -------------------------------------------------------------------
                         required time                         14.888    
                         arrival time                          -4.151    
  -------------------------------------------------------------------
                         slack                                 10.737    

Slack (MET) :             10.797ns  (required time - arrival time)
  Source:                 ad9238_sample_m1/wait_cnt_reg[14]/C
                            (rising edge-triggered cell FDCE clocked by clk_out1_adc_pll  {rise@0.000ns fall@7.692ns period=15.385ns})
  Destination:            ad9238_sample_m1/FSM_onehot_state_reg[2]/D
                            (rising edge-triggered cell FDCE clocked by clk_out1_adc_pll  {rise@0.000ns fall@7.692ns period=15.385ns})
  Path Group:             clk_out1_adc_pll
  Path Type:              Setup (Max at Slow Process Corner)
  Requirement:            15.385ns  (clk_out1_adc_pll rise@15.385ns - clk_out1_adc_pll rise@0.000ns)
  Data Path Delay:        4.485ns  (logic 0.952ns (21.225%)  route 3.533ns (78.775%))
  Logic Levels:           4  (LUT4=2 LUT5=1 LUT6=1)
  Clock Path Skew:        -0.065ns (DCD - SCD + CPR)
    Destination Clock Delay (DCD):    -1.133ns = ( 14.252 - 15.385 ) 
    Source Clock Delay      (SCD):    -0.470ns
    Clock Pessimism Removal (CPR):    0.598ns
  Clock Uncertainty:      0.117ns  ((TSJ^2 + DJ^2)^1/2) / 2 + PE
    Total System Jitter     (TSJ):    0.071ns
    Discrete Jitter          (DJ):    0.222ns
    Phase Error              (PE):    0.000ns

    Location             Delay type                Incr(ns)  Path(ns)    Netlist Resource(s)
  -------------------------------------------------------------------    -------------------
                         (clock clk_out1_adc_pll rise edge)
                                                      0.000     0.000 r  
    U18                                               0.000     0.000 r  sys_clk (IN)
                         net (fo=0)                   0.000     0.000    sys_clk
    U18                  IBUF (Prop_ibuf_I_O)         1.530     1.530 r  sys_clk_IBUF_inst/O
                         net (fo=2, routed)           1.394     2.924    adc_pll_m0/inst/clk_in1
    MMCME2_ADV_X0Y1      MMCME2_ADV (Prop_mmcme2_adv_CLKIN1_CLKOUT0)
                                                     -6.996    -4.072 r  adc_pll_m0/inst/mmcm_adv_inst/CLKOUT0
                         net (fo=1, routed)           1.760    -2.312    adc_pll_m0/inst/clk_out1_adc_pll
    BUFGCTRL_X0Y16       BUFG (Prop_bufg_I_O)         0.101    -2.211 r  adc_pll_m0/inst/clkout1_buf/O
                         net (fo=113, routed)         1.741    -0.470    ad9238_sample_m1/clk_out1
    SLICE_X40Y52         FDCE                                         r  ad9238_sample_m1/wait_cnt_reg[14]/C
  -------------------------------------------------------------------    -------------------
    SLICE_X40Y52         FDCE (Prop_fdce_C_Q)         0.456    -0.014 f  ad9238_sample_m1/wait_cnt_reg[14]/Q
                         net (fo=2, routed)           0.817     0.803    ad9238_sample_m1/wait_cnt_reg_n_0_[14]
    SLICE_X40Y52         LUT4 (Prop_lut4_I0_O)        0.124     0.927 r  ad9238_sample_m1/wait_cnt[0]_i_5__0/O
                         net (fo=1, routed)           0.509     1.436    ad9238_sample_m1/wait_cnt[0]_i_5__0_n_0
    SLICE_X40Y51         LUT5 (Prop_lut5_I4_O)        0.124     1.560 r  ad9238_sample_m1/wait_cnt[0]_i_2__0/O
                         net (fo=2, routed)           0.796     2.357    ad9238_sample_m1/wait_cnt[0]_i_2__0_n_0
    SLICE_X42Y51         LUT4 (Prop_lut4_I2_O)        0.124     2.481 r  ad9238_sample_m1/FSM_onehot_state[2]_i_2__0/O
                         net (fo=33, routed)          1.411     3.891    ad9238_sample_m1/FSM_onehot_state[2]_i_2__0_n_0
    SLICE_X38Y56         LUT6 (Prop_lut6_I2_O)        0.124     4.015 r  ad9238_sample_m1/FSM_onehot_state[2]_i_1__0/O
                         net (fo=1, routed)           0.000     4.015    ad9238_sample_m1/FSM_onehot_state[2]_i_1__0_n_0
    SLICE_X38Y56         FDCE                                         r  ad9238_sample_m1/FSM_onehot_state_reg[2]/D
  -------------------------------------------------------------------    -------------------

                         (clock clk_out1_adc_pll rise edge)
                                                     15.385    15.385 r  
    U18                                               0.000    15.385 r  sys_clk (IN)
                         net (fo=0)                   0.000    15.385    sys_clk
    U18                  IBUF (Prop_ibuf_I_O)         1.459    16.844 r  sys_clk_IBUF_inst/O
                         net (fo=2, routed)           1.261    18.105    adc_pll_m0/inst/clk_in1
    MMCME2_ADV_X0Y1      MMCME2_ADV (Prop_mmcme2_adv_CLKIN1_CLKOUT0)
                                                     -7.105    11.000 r  adc_pll_m0/inst/mmcm_adv_inst/CLKOUT0
                         net (fo=1, routed)           1.599    12.599    adc_pll_m0/inst/clk_out1_adc_pll
    BUFGCTRL_X0Y16       BUFG (Prop_bufg_I_O)         0.091    12.690 r  adc_pll_m0/inst/clkout1_buf/O
                         net (fo=113, routed)         1.562    14.252    ad9238_sample_m1/clk_out1
    SLICE_X38Y56         FDCE                                         r  ad9238_sample_m1/FSM_onehot_state_reg[2]/C
                         clock pessimism              0.598    14.850    
                         clock uncertainty           -0.117    14.733    
    SLICE_X38Y56         FDCE (Setup_fdce_C_D)        0.079    14.812    ad9238_sample_m1/FSM_onehot_state_reg[2]
  -------------------------------------------------------------------
                         required time                         14.812    
                         arrival time                          -4.015    
  -------------------------------------------------------------------
                         slack                                 10.797    

Slack (MET) :             10.801ns  (required time - arrival time)
  Source:                 ad9238_sample_m1/wait_cnt_reg[14]/C
                            (rising edge-triggered cell FDCE clocked by clk_out1_adc_pll  {rise@0.000ns fall@7.692ns period=15.385ns})
  Destination:            ad9238_sample_m1/FSM_onehot_state_reg[1]/D
                            (rising edge-triggered cell FDCE clocked by clk_out1_adc_pll  {rise@0.000ns fall@7.692ns period=15.385ns})
  Path Group:             clk_out1_adc_pll
  Path Type:              Setup (Max at Slow Process Corner)
  Requirement:            15.385ns  (clk_out1_adc_pll rise@15.385ns - clk_out1_adc_pll rise@0.000ns)
  Data Path Delay:        4.481ns  (logic 0.952ns (21.244%)  route 3.529ns (78.756%))
  Logic Levels:           4  (LUT4=2 LUT5=1 LUT6=1)
  Clock Path Skew:        -0.065ns (DCD - SCD + CPR)
    Destination Clock Delay (DCD):    -1.133ns = ( 14.252 - 15.385 ) 
    Source Clock Delay      (SCD):    -0.470ns
    Clock Pessimism Removal (CPR):    0.598ns
  Clock Uncertainty:      0.117ns  ((TSJ^2 + DJ^2)^1/2) / 2 + PE
    Total System Jitter     (TSJ):    0.071ns
    Discrete Jitter          (DJ):    0.222ns
    Phase Error              (PE):    0.000ns

    Location             Delay type                Incr(ns)  Path(ns)    Netlist Resource(s)
  -------------------------------------------------------------------    -------------------
                         (clock clk_out1_adc_pll rise edge)
                                                      0.000     0.000 r  
    U18                                               0.000     0.000 r  sys_clk (IN)
                         net (fo=0)                   0.000     0.000    sys_clk
    U18                  IBUF (Prop_ibuf_I_O)         1.530     1.530 r  sys_clk_IBUF_inst/O
                         net (fo=2, routed)           1.394     2.924    adc_pll_m0/inst/clk_in1
    MMCME2_ADV_X0Y1      MMCME2_ADV (Prop_mmcme2_adv_CLKIN1_CLKOUT0)
                                                     -6.996    -4.072 r  adc_pll_m0/inst/mmcm_adv_inst/CLKOUT0
                         net (fo=1, routed)           1.760    -2.312    adc_pll_m0/inst/clk_out1_adc_pll
    BUFGCTRL_X0Y16       BUFG (Prop_bufg_I_O)         0.101    -2.211 r  adc_pll_m0/inst/clkout1_buf/O
                         net (fo=113, routed)         1.741    -0.470    ad9238_sample_m1/clk_out1
    SLICE_X40Y52         FDCE                                         r  ad9238_sample_m1/wait_cnt_reg[14]/C
  -------------------------------------------------------------------    -------------------
    SLICE_X40Y52         FDCE (Prop_fdce_C_Q)         0.456    -0.014 r  ad9238_sample_m1/wait_cnt_reg[14]/Q
                         net (fo=2, routed)           0.817     0.803    ad9238_sample_m1/wait_cnt_reg_n_0_[14]
    SLICE_X40Y52         LUT4 (Prop_lut4_I0_O)        0.124     0.927 f  ad9238_sample_m1/wait_cnt[0]_i_5__0/O
                         net (fo=1, routed)           0.509     1.436    ad9238_sample_m1/wait_cnt[0]_i_5__0_n_0
    SLICE_X40Y51         LUT5 (Prop_lut5_I4_O)        0.124     1.560 f  ad9238_sample_m1/wait_cnt[0]_i_2__0/O
                         net (fo=2, routed)           0.796     2.357    ad9238_sample_m1/wait_cnt[0]_i_2__0_n_0
    SLICE_X42Y51         LUT4 (Prop_lut4_I2_O)        0.124     2.481 f  ad9238_sample_m1/FSM_onehot_state[2]_i_2__0/O
                         net (fo=33, routed)          1.407     3.887    ad9238_sample_m1/FSM_onehot_state[2]_i_2__0_n_0
    SLICE_X38Y56         LUT6 (Prop_lut6_I2_O)        0.124     4.011 r  ad9238_sample_m1/FSM_onehot_state[1]_i_1__0/O
                         net (fo=1, routed)           0.000     4.011    ad9238_sample_m1/FSM_onehot_state[1]_i_1__0_n_0
    SLICE_X38Y56         FDCE                                         r  ad9238_sample_m1/FSM_onehot_state_reg[1]/D
  -------------------------------------------------------------------    -------------------

                         (clock clk_out1_adc_pll rise edge)
                                                     15.385    15.385 r  
    U18                                               0.000    15.385 r  sys_clk (IN)
                         net (fo=0)                   0.000    15.385    sys_clk
    U18                  IBUF (Prop_ibuf_I_O)         1.459    16.844 r  sys_clk_IBUF_inst/O
                         net (fo=2, routed)           1.261    18.105    adc_pll_m0/inst/clk_in1
    MMCME2_ADV_X0Y1      MMCME2_ADV (Prop_mmcme2_adv_CLKIN1_CLKOUT0)
                                                     -7.105    11.000 r  adc_pll_m0/inst/mmcm_adv_inst/CLKOUT0
                         net (fo=1, routed)           1.599    12.599    adc_pll_m0/inst/clk_out1_adc_pll
    BUFGCTRL_X0Y16       BUFG (Prop_bufg_I_O)         0.091    12.690 r  adc_pll_m0/inst/clkout1_buf/O
                         net (fo=113, routed)         1.562    14.252    ad9238_sample_m1/clk_out1
    SLICE_X38Y56         FDCE                                         r  ad9238_sample_m1/FSM_onehot_state_reg[1]/C
                         clock pessimism              0.598    14.850    
                         clock uncertainty           -0.117    14.733    
    SLICE_X38Y56         FDCE (Setup_fdce_C_D)        0.079    14.812    ad9238_sample_m1/FSM_onehot_state_reg[1]
  -------------------------------------------------------------------
                         required time                         14.812    
                         arrival time                          -4.011    
  -------------------------------------------------------------------
                         slack                                 10.801    

Slack (MET) :             10.889ns  (required time - arrival time)
  Source:                 ad9238_sample_m1/wait_cnt_reg[14]/C
                            (rising edge-triggered cell FDCE clocked by clk_out1_adc_pll  {rise@0.000ns fall@7.692ns period=15.385ns})
  Destination:            ad9238_sample_m1/wait_cnt_reg[26]/D
                            (rising edge-triggered cell FDCE clocked by clk_out1_adc_pll  {rise@0.000ns fall@7.692ns period=15.385ns})
  Path Group:             clk_out1_adc_pll
  Path Type:              Setup (Max at Slow Process Corner)
  Requirement:            15.385ns  (clk_out1_adc_pll rise@15.385ns - clk_out1_adc_pll rise@0.000ns)
  Data Path Delay:        4.382ns  (logic 0.952ns (21.725%)  route 3.430ns (78.275%))
  Logic Levels:           4  (LUT2=1 LUT4=2 LUT5=1)
  Clock Path Skew:        -0.026ns (DCD - SCD + CPR)
    Destination Clock Delay (DCD):    -1.132ns = ( 14.253 - 15.385 ) 
    Source Clock Delay      (SCD):    -0.470ns
    Clock Pessimism Removal (CPR):    0.636ns
  Clock Uncertainty:      0.117ns  ((TSJ^2 + DJ^2)^1/2) / 2 + PE
    Total System Jitter     (TSJ):    0.071ns
    Discrete Jitter          (DJ):    0.222ns
    Phase Error              (PE):    0.000ns

    Location             Delay type                Incr(ns)  Path(ns)    Netlist Resource(s)
  -------------------------------------------------------------------    -------------------
                         (clock clk_out1_adc_pll rise edge)
                                                      0.000     0.000 r  
    U18                                               0.000     0.000 r  sys_clk (IN)
                         net (fo=0)                   0.000     0.000    sys_clk
    U18                  IBUF (Prop_ibuf_I_O)         1.530     1.530 r  sys_clk_IBUF_inst/O
                         net (fo=2, routed)           1.394     2.924    adc_pll_m0/inst/clk_in1
    MMCME2_ADV_X0Y1      MMCME2_ADV (Prop_mmcme2_adv_CLKIN1_CLKOUT0)
                                                     -6.996    -4.072 r  adc_pll_m0/inst/mmcm_adv_inst/CLKOUT0
                         net (fo=1, routed)           1.760    -2.312    adc_pll_m0/inst/clk_out1_adc_pll
    BUFGCTRL_X0Y16       BUFG (Prop_bufg_I_O)         0.101    -2.211 r  adc_pll_m0/inst/clkout1_buf/O
                         net (fo=113, routed)         1.741    -0.470    ad9238_sample_m1/clk_out1
    SLICE_X40Y52         FDCE                                         r  ad9238_sample_m1/wait_cnt_reg[14]/C
  -------------------------------------------------------------------    -------------------
    SLICE_X40Y52         FDCE (Prop_fdce_C_Q)         0.456    -0.014 f  ad9238_sample_m1/wait_cnt_reg[14]/Q
                         net (fo=2, routed)           0.817     0.803    ad9238_sample_m1/wait_cnt_reg_n_0_[14]
    SLICE_X40Y52         LUT4 (Prop_lut4_I0_O)        0.124     0.927 r  ad9238_sample_m1/wait_cnt[0]_i_5__0/O
                         net (fo=1, routed)           0.509     1.436    ad9238_sample_m1/wait_cnt[0]_i_5__0_n_0
    SLICE_X40Y51         LUT5 (Prop_lut5_I4_O)        0.124     1.560 r  ad9238_sample_m1/wait_cnt[0]_i_2__0/O
                         net (fo=2, routed)           0.796     2.357    ad9238_sample_m1/wait_cnt[0]_i_2__0_n_0
    SLICE_X42Y51         LUT4 (Prop_lut4_I2_O)        0.124     2.481 r  ad9238_sample_m1/FSM_onehot_state[2]_i_2__0/O
                         net (fo=33, routed)          1.308     3.788    ad9238_sample_m1/FSM_onehot_state[2]_i_2__0_n_0
    SLICE_X40Y55         LUT2 (Prop_lut2_I0_O)        0.124     3.912 r  ad9238_sample_m1/wait_cnt[26]_i_1__0/O
                         net (fo=1, routed)           0.000     3.912    ad9238_sample_m1/wait_cnt__0[26]
    SLICE_X40Y55         FDCE                                         r  ad9238_sample_m1/wait_cnt_reg[26]/D
  -------------------------------------------------------------------    -------------------

                         (clock clk_out1_adc_pll rise edge)
                                                     15.385    15.385 r  
    U18                                               0.000    15.385 r  sys_clk (IN)
                         net (fo=0)                   0.000    15.385    sys_clk
    U18                  IBUF (Prop_ibuf_I_O)         1.459    16.844 r  sys_clk_IBUF_inst/O
                         net (fo=2, routed)           1.261    18.105    adc_pll_m0/inst/clk_in1
    MMCME2_ADV_X0Y1      MMCME2_ADV (Prop_mmcme2_adv_CLKIN1_CLKOUT0)
                                                     -7.105    11.000 r  adc_pll_m0/inst/mmcm_adv_inst/CLKOUT0
                         net (fo=1, routed)           1.599    12.599    adc_pll_m0/inst/clk_out1_adc_pll
    BUFGCTRL_X0Y16       BUFG (Prop_bufg_I_O)         0.091    12.690 r  adc_pll_m0/inst/clkout1_buf/O
                         net (fo=113, routed)         1.563    14.253    ad9238_sample_m1/clk_out1
    SLICE_X40Y55         FDCE                                         r  ad9238_sample_m1/wait_cnt_reg[26]/C
                         clock pessimism              0.636    14.889    
                         clock uncertainty           -0.117    14.772    
    SLICE_X40Y55         FDCE (Setup_fdce_C_D)        0.029    14.801    ad9238_sample_m1/wait_cnt_reg[26]
  -------------------------------------------------------------------
                         required time                         14.801    
                         arrival time                          -3.912    
  -------------------------------------------------------------------
                         slack                                 10.889    

Slack (MET) :             10.909ns  (required time - arrival time)
  Source:                 ad9238_sample_m1/wait_cnt_reg[14]/C
                            (rising edge-triggered cell FDCE clocked by clk_out1_adc_pll  {rise@0.000ns fall@7.692ns period=15.385ns})
  Destination:            ad9238_sample_m1/wait_cnt_reg[29]/D
                            (rising edge-triggered cell FDCE clocked by clk_out1_adc_pll  {rise@0.000ns fall@7.692ns period=15.385ns})
  Path Group:             clk_out1_adc_pll
  Path Type:              Setup (Max at Slow Process Corner)
  Requirement:            15.385ns  (clk_out1_adc_pll rise@15.385ns - clk_out1_adc_pll rise@0.000ns)
  Data Path Delay:        4.408ns  (logic 0.978ns (22.187%)  route 3.430ns (77.813%))
  Logic Levels:           4  (LUT2=1 LUT4=2 LUT5=1)
  Clock Path Skew:        -0.026ns (DCD - SCD + CPR)
    Destination Clock Delay (DCD):    -1.132ns = ( 14.253 - 15.385 ) 
    Source Clock Delay      (SCD):    -0.470ns
    Clock Pessimism Removal (CPR):    0.636ns
  Clock Uncertainty:      0.117ns  ((TSJ^2 + DJ^2)^1/2) / 2 + PE
    Total System Jitter     (TSJ):    0.071ns
    Discrete Jitter          (DJ):    0.222ns
    Phase Error              (PE):    0.000ns

    Location             Delay type                Incr(ns)  Path(ns)    Netlist Resource(s)
  -------------------------------------------------------------------    -------------------
                         (clock clk_out1_adc_pll rise edge)
                                                      0.000     0.000 r  
    U18                                               0.000     0.000 r  sys_clk (IN)
                         net (fo=0)                   0.000     0.000    sys_clk
    U18                  IBUF (Prop_ibuf_I_O)         1.530     1.530 r  sys_clk_IBUF_inst/O
                         net (fo=2, routed)           1.394     2.924    adc_pll_m0/inst/clk_in1
    MMCME2_ADV_X0Y1      MMCME2_ADV (Prop_mmcme2_adv_CLKIN1_CLKOUT0)
                                                     -6.996    -4.072 r  adc_pll_m0/inst/mmcm_adv_inst/CLKOUT0
                         net (fo=1, routed)           1.760    -2.312    adc_pll_m0/inst/clk_out1_adc_pll
    BUFGCTRL_X0Y16       BUFG (Prop_bufg_I_O)         0.101    -2.211 r  adc_pll_m0/inst/clkout1_buf/O
                         net (fo=113, routed)         1.741    -0.470    ad9238_sample_m1/clk_out1
    SLICE_X40Y52         FDCE                                         r  ad9238_sample_m1/wait_cnt_reg[14]/C
  -------------------------------------------------------------------    -------------------
    SLICE_X40Y52         FDCE (Prop_fdce_C_Q)         0.456    -0.014 f  ad9238_sample_m1/wait_cnt_reg[14]/Q
                         net (fo=2, routed)           0.817     0.803    ad9238_sample_m1/wait_cnt_reg_n_0_[14]
    SLICE_X40Y52         LUT4 (Prop_lut4_I0_O)        0.124     0.927 r  ad9238_sample_m1/wait_cnt[0]_i_5__0/O
                         net (fo=1, routed)           0.509     1.436    ad9238_sample_m1/wait_cnt[0]_i_5__0_n_0
    SLICE_X40Y51         LUT5 (Prop_lut5_I4_O)        0.124     1.560 r  ad9238_sample_m1/wait_cnt[0]_i_2__0/O
                         net (fo=2, routed)           0.796     2.357    ad9238_sample_m1/wait_cnt[0]_i_2__0_n_0
    SLICE_X42Y51         LUT4 (Prop_lut4_I2_O)        0.124     2.481 r  ad9238_sample_m1/FSM_onehot_state[2]_i_2__0/O
                         net (fo=33, routed)          1.308     3.788    ad9238_sample_m1/FSM_onehot_state[2]_i_2__0_n_0
    SLICE_X40Y55         LUT2 (Prop_lut2_I0_O)        0.150     3.938 r  ad9238_sample_m1/wait_cnt[29]_i_1__0/O
                         net (fo=1, routed)           0.000     3.938    ad9238_sample_m1/wait_cnt__0[29]
    SLICE_X40Y55         FDCE                                         r  ad9238_sample_m1/wait_cnt_reg[29]/D
  -------------------------------------------------------------------    -------------------

                         (clock clk_out1_adc_pll rise edge)
                                                     15.385    15.385 r  
    U18                                               0.000    15.385 r  sys_clk (IN)
                         net (fo=0)                   0.000    15.385    sys_clk
    U18                  IBUF (Prop_ibuf_I_O)         1.459    16.844 r  sys_clk_IBUF_inst/O
                         net (fo=2, routed)           1.261    18.105    adc_pll_m0/inst/clk_in1
    MMCME2_ADV_X0Y1      MMCME2_ADV (Prop_mmcme2_adv_CLKIN1_CLKOUT0)
                                                     -7.105    11.000 r  adc_pll_m0/inst/mmcm_adv_inst/CLKOUT0
                         net (fo=1, routed)           1.599    12.599    adc_pll_m0/inst/clk_out1_adc_pll
    BUFGCTRL_X0Y16       BUFG (Prop_bufg_I_O)         0.091    12.690 r  adc_pll_m0/inst/clkout1_buf/O
                         net (fo=113, routed)         1.563    14.253    ad9238_sample_m1/clk_out1
    SLICE_X40Y55         FDCE                                         r  ad9238_sample_m1/wait_cnt_reg[29]/C
                         clock pessimism              0.636    14.889    
                         clock uncertainty           -0.117    14.772    
    SLICE_X40Y55         FDCE (Setup_fdce_C_D)        0.075    14.847    ad9238_sample_m1/wait_cnt_reg[29]
  -------------------------------------------------------------------
                         required time                         14.847    
                         arrival time                          -3.938    
  -------------------------------------------------------------------
                         slack                                 10.909    

Slack (MET) :             10.968ns  (required time - arrival time)
  Source:                 ad9238_sample_m1/wait_cnt_reg[14]/C
                            (rising edge-triggered cell FDCE clocked by clk_out1_adc_pll  {rise@0.000ns fall@7.692ns period=15.385ns})
  Destination:            ad9238_sample_m1/wait_cnt_reg[30]/D
                            (rising edge-triggered cell FDCE clocked by clk_out1_adc_pll  {rise@0.000ns fall@7.692ns period=15.385ns})
  Path Group:             clk_out1_adc_pll
  Path Type:              Setup (Max at Slow Process Corner)
  Requirement:            15.385ns  (clk_out1_adc_pll rise@15.385ns - clk_out1_adc_pll rise@0.000ns)
  Data Path Delay:        4.303ns  (logic 0.952ns (22.125%)  route 3.351ns (77.875%))
  Logic Levels:           4  (LUT2=1 LUT4=2 LUT5=1)
  Clock Path Skew:        -0.026ns (DCD - SCD + CPR)
    Destination Clock Delay (DCD):    -1.132ns = ( 14.253 - 15.385 ) 
    Source Clock Delay      (SCD):    -0.470ns
    Clock Pessimism Removal (CPR):    0.636ns
  Clock Uncertainty:      0.117ns  ((TSJ^2 + DJ^2)^1/2) / 2 + PE
    Total System Jitter     (TSJ):    0.071ns
    Discrete Jitter          (DJ):    0.222ns
    Phase Error              (PE):    0.000ns

    Location             Delay type                Incr(ns)  Path(ns)    Netlist Resource(s)
  -------------------------------------------------------------------    -------------------
                         (clock clk_out1_adc_pll rise edge)
                                                      0.000     0.000 r  
    U18                                               0.000     0.000 r  sys_clk (IN)
                         net (fo=0)                   0.000     0.000    sys_clk
    U18                  IBUF (Prop_ibuf_I_O)         1.530     1.530 r  sys_clk_IBUF_inst/O
                         net (fo=2, routed)           1.394     2.924    adc_pll_m0/inst/clk_in1
    MMCME2_ADV_X0Y1      MMCME2_ADV (Prop_mmcme2_adv_CLKIN1_CLKOUT0)
                                                     -6.996    -4.072 r  adc_pll_m0/inst/mmcm_adv_inst/CLKOUT0
                         net (fo=1, routed)           1.760    -2.312    adc_pll_m0/inst/clk_out1_adc_pll
    BUFGCTRL_X0Y16       BUFG (Prop_bufg_I_O)         0.101    -2.211 r  adc_pll_m0/inst/clkout1_buf/O
                         net (fo=113, routed)         1.741    -0.470    ad9238_sample_m1/clk_out1
    SLICE_X40Y52         FDCE                                         r  ad9238_sample_m1/wait_cnt_reg[14]/C
  -------------------------------------------------------------------    -------------------
    SLICE_X40Y52         FDCE (Prop_fdce_C_Q)         0.456    -0.014 f  ad9238_sample_m1/wait_cnt_reg[14]/Q
                         net (fo=2, routed)           0.817     0.803    ad9238_sample_m1/wait_cnt_reg_n_0_[14]
    SLICE_X40Y52         LUT4 (Prop_lut4_I0_O)        0.124     0.927 r  ad9238_sample_m1/wait_cnt[0]_i_5__0/O
                         net (fo=1, routed)           0.509     1.436    ad9238_sample_m1/wait_cnt[0]_i_5__0_n_0
    SLICE_X40Y51         LUT5 (Prop_lut5_I4_O)        0.124     1.560 r  ad9238_sample_m1/wait_cnt[0]_i_2__0/O
                         net (fo=2, routed)           0.796     2.357    ad9238_sample_m1/wait_cnt[0]_i_2__0_n_0
    SLICE_X42Y51         LUT4 (Prop_lut4_I2_O)        0.124     2.481 r  ad9238_sample_m1/FSM_onehot_state[2]_i_2__0/O
                         net (fo=33, routed)          1.228     3.709    ad9238_sample_m1/FSM_onehot_state[2]_i_2__0_n_0
    SLICE_X40Y56         LUT2 (Prop_lut2_I0_O)        0.124     3.833 r  ad9238_sample_m1/wait_cnt[30]_i_1__0/O
                         net (fo=1, routed)           0.000     3.833    ad9238_sample_m1/wait_cnt__0[30]
    SLICE_X40Y56         FDCE                                         r  ad9238_sample_m1/wait_cnt_reg[30]/D
  -------------------------------------------------------------------    -------------------

                         (clock clk_out1_adc_pll rise edge)
                                                     15.385    15.385 r  
    U18                                               0.000    15.385 r  sys_clk (IN)
                         net (fo=0)                   0.000    15.385    sys_clk
    U18                  IBUF (Prop_ibuf_I_O)         1.459    16.844 r  sys_clk_IBUF_inst/O
                         net (fo=2, routed)           1.261    18.105    adc_pll_m0/inst/clk_in1
    MMCME2_ADV_X0Y1      MMCME2_ADV (Prop_mmcme2_adv_CLKIN1_CLKOUT0)
                                                     -7.105    11.000 r  adc_pll_m0/inst/mmcm_adv_inst/CLKOUT0
                         net (fo=1, routed)           1.599    12.599    adc_pll_m0/inst/clk_out1_adc_pll
    BUFGCTRL_X0Y16       BUFG (Prop_bufg_I_O)         0.091    12.690 r  adc_pll_m0/inst/clkout1_buf/O
                         net (fo=113, routed)         1.563    14.253    ad9238_sample_m1/clk_out1
    SLICE_X40Y56         FDCE                                         r  ad9238_sample_m1/wait_cnt_reg[30]/C
                         clock pessimism              0.636    14.889    
                         clock uncertainty           -0.117    14.772    
    SLICE_X40Y56         FDCE (Setup_fdce_C_D)        0.029    14.801    ad9238_sample_m1/wait_cnt_reg[30]
  -------------------------------------------------------------------
                         required time                         14.801    
                         arrival time                          -3.833    
  -------------------------------------------------------------------
                         slack                                 10.968    

Slack (MET) :             11.020ns  (required time - arrival time)
  Source:                 ad9238_sample_m1/wait_cnt_reg[14]/C
                            (rising edge-triggered cell FDCE clocked by clk_out1_adc_pll  {rise@0.000ns fall@7.692ns period=15.385ns})
  Destination:            ad9238_sample_m1/wait_cnt_reg[31]/D
                            (rising edge-triggered cell FDCE clocked by clk_out1_adc_pll  {rise@0.000ns fall@7.692ns period=15.385ns})
  Path Group:             clk_out1_adc_pll
  Path Type:              Setup (Max at Slow Process Corner)
  Requirement:            15.385ns  (clk_out1_adc_pll rise@15.385ns - clk_out1_adc_pll rise@0.000ns)
  Data Path Delay:        4.297ns  (logic 0.946ns (22.016%)  route 3.351ns (77.984%))
  Logic Levels:           4  (LUT2=1 LUT4=2 LUT5=1)
  Clock Path Skew:        -0.026ns (DCD - SCD + CPR)
    Destination Clock Delay (DCD):    -1.132ns = ( 14.253 - 15.385 ) 
    Source Clock Delay      (SCD):    -0.470ns
    Clock Pessimism Removal (CPR):    0.636ns
  Clock Uncertainty:      0.117ns  ((TSJ^2 + DJ^2)^1/2) / 2 + PE
    Total System Jitter     (TSJ):    0.071ns
    Discrete Jitter          (DJ):    0.222ns
    Phase Error              (PE):    0.000ns

    Location             Delay type                Incr(ns)  Path(ns)    Netlist Resource(s)
  -------------------------------------------------------------------    -------------------
                         (clock clk_out1_adc_pll rise edge)
                                                      0.000     0.000 r  
    U18                                               0.000     0.000 r  sys_clk (IN)
                         net (fo=0)                   0.000     0.000    sys_clk
    U18                  IBUF (Prop_ibuf_I_O)         1.530     1.530 r  sys_clk_IBUF_inst/O
                         net (fo=2, routed)           1.394     2.924    adc_pll_m0/inst/clk_in1
    MMCME2_ADV_X0Y1      MMCME2_ADV (Prop_mmcme2_adv_CLKIN1_CLKOUT0)
                                                     -6.996    -4.072 r  adc_pll_m0/inst/mmcm_adv_inst/CLKOUT0
                         net (fo=1, routed)           1.760    -2.312    adc_pll_m0/inst/clk_out1_adc_pll
    BUFGCTRL_X0Y16       BUFG (Prop_bufg_I_O)         0.101    -2.211 r  adc_pll_m0/inst/clkout1_buf/O
                         net (fo=113, routed)         1.741    -0.470    ad9238_sample_m1/clk_out1
    SLICE_X40Y52         FDCE                                         r  ad9238_sample_m1/wait_cnt_reg[14]/C
  -------------------------------------------------------------------    -------------------
    SLICE_X40Y52         FDCE (Prop_fdce_C_Q)         0.456    -0.014 f  ad9238_sample_m1/wait_cnt_reg[14]/Q
                         net (fo=2, routed)           0.817     0.803    ad9238_sample_m1/wait_cnt_reg_n_0_[14]
    SLICE_X40Y52         LUT4 (Prop_lut4_I0_O)        0.124     0.927 r  ad9238_sample_m1/wait_cnt[0]_i_5__0/O
                         net (fo=1, routed)           0.509     1.436    ad9238_sample_m1/wait_cnt[0]_i_5__0_n_0
    SLICE_X40Y51         LUT5 (Prop_lut5_I4_O)        0.124     1.560 r  ad9238_sample_m1/wait_cnt[0]_i_2__0/O
                         net (fo=2, routed)           0.796     2.357    ad9238_sample_m1/wait_cnt[0]_i_2__0_n_0
    SLICE_X42Y51         LUT4 (Prop_lut4_I2_O)        0.124     2.481 r  ad9238_sample_m1/FSM_onehot_state[2]_i_2__0/O
                         net (fo=33, routed)          1.228     3.709    ad9238_sample_m1/FSM_onehot_state[2]_i_2__0_n_0
    SLICE_X40Y56         LUT2 (Prop_lut2_I0_O)        0.118     3.827 r  ad9238_sample_m1/wait_cnt[31]_i_1__0/O
                         net (fo=1, routed)           0.000     3.827    ad9238_sample_m1/wait_cnt__0[31]
    SLICE_X40Y56         FDCE                                         r  ad9238_sample_m1/wait_cnt_reg[31]/D
  -------------------------------------------------------------------    -------------------

                         (clock clk_out1_adc_pll rise edge)
                                                     15.385    15.385 r  
    U18                                               0.000    15.385 r  sys_clk (IN)
                         net (fo=0)                   0.000    15.385    sys_clk
    U18                  IBUF (Prop_ibuf_I_O)         1.459    16.844 r  sys_clk_IBUF_inst/O
                         net (fo=2, routed)           1.261    18.105    adc_pll_m0/inst/clk_in1
    MMCME2_ADV_X0Y1      MMCME2_ADV (Prop_mmcme2_adv_CLKIN1_CLKOUT0)
                                                     -7.105    11.000 r  adc_pll_m0/inst/mmcm_adv_inst/CLKOUT0
                         net (fo=1, routed)           1.599    12.599    adc_pll_m0/inst/clk_out1_adc_pll
    BUFGCTRL_X0Y16       BUFG (Prop_bufg_I_O)         0.091    12.690 r  adc_pll_m0/inst/clkout1_buf/O
                         net (fo=113, routed)         1.563    14.253    ad9238_sample_m1/clk_out1
    SLICE_X40Y56         FDCE                                         r  ad9238_sample_m1/wait_cnt_reg[31]/C
                         clock pessimism              0.636    14.889    
                         clock uncertainty           -0.117    14.772    
    SLICE_X40Y56         FDCE (Setup_fdce_C_D)        0.075    14.847    ad9238_sample_m1/wait_cnt_reg[31]
  -------------------------------------------------------------------
                         required time                         14.847    
                         arrival time                          -3.827    
  -------------------------------------------------------------------
                         slack                                 11.020    

Slack (MET) :             11.049ns  (required time - arrival time)
  Source:                 ad9238_sample_m1/wait_cnt_reg[14]/C
                            (rising edge-triggered cell FDCE clocked by clk_out1_adc_pll  {rise@0.000ns fall@7.692ns period=15.385ns})
  Destination:            ad9238_sample_m1/wait_cnt_reg[22]/D
                            (rising edge-triggered cell FDCE clocked by clk_out1_adc_pll  {rise@0.000ns fall@7.692ns period=15.385ns})
  Path Group:             clk_out1_adc_pll
  Path Type:              Setup (Max at Slow Process Corner)
  Requirement:            15.385ns  (clk_out1_adc_pll rise@15.385ns - clk_out1_adc_pll rise@0.000ns)
  Data Path Delay:        4.222ns  (logic 0.952ns (22.548%)  route 3.270ns (77.452%))
  Logic Levels:           4  (LUT2=1 LUT4=2 LUT5=1)
  Clock Path Skew:        -0.026ns (DCD - SCD + CPR)
    Destination Clock Delay (DCD):    -1.132ns = ( 14.253 - 15.385 ) 
    Source Clock Delay      (SCD):    -0.470ns
    Clock Pessimism Removal (CPR):    0.636ns
  Clock Uncertainty:      0.117ns  ((TSJ^2 + DJ^2)^1/2) / 2 + PE
    Total System Jitter     (TSJ):    0.071ns
    Discrete Jitter          (DJ):    0.222ns
    Phase Error              (PE):    0.000ns

    Location             Delay type                Incr(ns)  Path(ns)    Netlist Resource(s)
  -------------------------------------------------------------------    -------------------
                         (clock clk_out1_adc_pll rise edge)
                                                      0.000     0.000 r  
    U18                                               0.000     0.000 r  sys_clk (IN)
                         net (fo=0)                   0.000     0.000    sys_clk
    U18                  IBUF (Prop_ibuf_I_O)         1.530     1.530 r  sys_clk_IBUF_inst/O
                         net (fo=2, routed)           1.394     2.924    adc_pll_m0/inst/clk_in1
    MMCME2_ADV_X0Y1      MMCME2_ADV (Prop_mmcme2_adv_CLKIN1_CLKOUT0)
                                                     -6.996    -4.072 r  adc_pll_m0/inst/mmcm_adv_inst/CLKOUT0
                         net (fo=1, routed)           1.760    -2.312    adc_pll_m0/inst/clk_out1_adc_pll
    BUFGCTRL_X0Y16       BUFG (Prop_bufg_I_O)         0.101    -2.211 r  adc_pll_m0/inst/clkout1_buf/O
                         net (fo=113, routed)         1.741    -0.470    ad9238_sample_m1/clk_out1
    SLICE_X40Y52         FDCE                                         r  ad9238_sample_m1/wait_cnt_reg[14]/C
  -------------------------------------------------------------------    -------------------
    SLICE_X40Y52         FDCE (Prop_fdce_C_Q)         0.456    -0.014 f  ad9238_sample_m1/wait_cnt_reg[14]/Q
                         net (fo=2, routed)           0.817     0.803    ad9238_sample_m1/wait_cnt_reg_n_0_[14]
    SLICE_X40Y52         LUT4 (Prop_lut4_I0_O)        0.124     0.927 r  ad9238_sample_m1/wait_cnt[0]_i_5__0/O
                         net (fo=1, routed)           0.509     1.436    ad9238_sample_m1/wait_cnt[0]_i_5__0_n_0
    SLICE_X40Y51         LUT5 (Prop_lut5_I4_O)        0.124     1.560 r  ad9238_sample_m1/wait_cnt[0]_i_2__0/O
                         net (fo=2, routed)           0.796     2.357    ad9238_sample_m1/wait_cnt[0]_i_2__0_n_0
    SLICE_X42Y51         LUT4 (Prop_lut4_I2_O)        0.124     2.481 r  ad9238_sample_m1/FSM_onehot_state[2]_i_2__0/O
                         net (fo=33, routed)          1.148     3.628    ad9238_sample_m1/FSM_onehot_state[2]_i_2__0_n_0
    SLICE_X40Y54         LUT2 (Prop_lut2_I0_O)        0.124     3.752 r  ad9238_sample_m1/wait_cnt[22]_i_1__0/O
                         net (fo=1, routed)           0.000     3.752    ad9238_sample_m1/wait_cnt__0[22]
    SLICE_X40Y54         FDCE                                         r  ad9238_sample_m1/wait_cnt_reg[22]/D
  -------------------------------------------------------------------    -------------------

                         (clock clk_out1_adc_pll rise edge)
                                                     15.385    15.385 r  
    U18                                               0.000    15.385 r  sys_clk (IN)
                         net (fo=0)                   0.000    15.385    sys_clk
    U18                  IBUF (Prop_ibuf_I_O)         1.459    16.844 r  sys_clk_IBUF_inst/O
                         net (fo=2, routed)           1.261    18.105    adc_pll_m0/inst/clk_in1
    MMCME2_ADV_X0Y1      MMCME2_ADV (Prop_mmcme2_adv_CLKIN1_CLKOUT0)
                                                     -7.105    11.000 r  adc_pll_m0/inst/mmcm_adv_inst/CLKOUT0
                         net (fo=1, routed)           1.599    12.599    adc_pll_m0/inst/clk_out1_adc_pll
    BUFGCTRL_X0Y16       BUFG (Prop_bufg_I_O)         0.091    12.690 r  adc_pll_m0/inst/clkout1_buf/O
                         net (fo=113, routed)         1.563    14.253    ad9238_sample_m1/clk_out1
    SLICE_X40Y54         FDCE                                         r  ad9238_sample_m1/wait_cnt_reg[22]/C
                         clock pessimism              0.636    14.889    
                         clock uncertainty           -0.117    14.772    
    SLICE_X40Y54         FDCE (Setup_fdce_C_D)        0.029    14.801    ad9238_sample_m1/wait_cnt_reg[22]
  -------------------------------------------------------------------
                         required time                         14.801    
                         arrival time                          -3.752    
  -------------------------------------------------------------------
                         slack                                 11.049    

Slack (MET) :             11.055ns  (required time - arrival time)
  Source:                 ad9238_sample_m0/wait_cnt_reg[1]/C
                            (rising edge-triggered cell FDCE clocked by clk_out1_adc_pll  {rise@0.000ns fall@7.692ns period=15.385ns})
  Destination:            ad9238_sample_m0/wait_cnt_reg[26]/D
                            (rising edge-triggered cell FDCE clocked by clk_out1_adc_pll  {rise@0.000ns fall@7.692ns period=15.385ns})
  Path Group:             clk_out1_adc_pll
  Path Type:              Setup (Max at Slow Process Corner)
  Requirement:            15.385ns  (clk_out1_adc_pll rise@15.385ns - clk_out1_adc_pll rise@0.000ns)
  Data Path Delay:        4.095ns  (logic 2.381ns (58.141%)  route 1.714ns (41.859%))
  Logic Levels:           8  (CARRY4=7 LUT2=1)
  Clock Path Skew:        -0.194ns (DCD - SCD + CPR)
    Destination Clock Delay (DCD):    -1.133ns = ( 14.252 - 15.385 ) 
    Source Clock Delay      (SCD):    -0.455ns
    Clock Pessimism Removal (CPR):    0.484ns
  Clock Uncertainty:      0.117ns  ((TSJ^2 + DJ^2)^1/2) / 2 + PE
    Total System Jitter     (TSJ):    0.071ns
    Discrete Jitter          (DJ):    0.222ns
    Phase Error              (PE):    0.000ns

    Location             Delay type                Incr(ns)  Path(ns)    Netlist Resource(s)
  -------------------------------------------------------------------    -------------------
                         (clock clk_out1_adc_pll rise edge)
                                                      0.000     0.000 r  
    U18                                               0.000     0.000 r  sys_clk (IN)
                         net (fo=0)                   0.000     0.000    sys_clk
    U18                  IBUF (Prop_ibuf_I_O)         1.530     1.530 r  sys_clk_IBUF_inst/O
                         net (fo=2, routed)           1.394     2.924    adc_pll_m0/inst/clk_in1
    MMCME2_ADV_X0Y1      MMCME2_ADV (Prop_mmcme2_adv_CLKIN1_CLKOUT0)
                                                     -6.996    -4.072 r  adc_pll_m0/inst/mmcm_adv_inst/CLKOUT0
                         net (fo=1, routed)           1.760    -2.312    adc_pll_m0/inst/clk_out1_adc_pll
    BUFGCTRL_X0Y16       BUFG (Prop_bufg_I_O)         0.101    -2.211 r  adc_pll_m0/inst/clkout1_buf/O
                         net (fo=113, routed)         1.756    -0.455    ad9238_sample_m0/clk_out1
    SLICE_X38Y49         FDCE                                         r  ad9238_sample_m0/wait_cnt_reg[1]/C
  -------------------------------------------------------------------    -------------------
    SLICE_X38Y49         FDCE (Prop_fdce_C_Q)         0.518     0.063 r  ad9238_sample_m0/wait_cnt_reg[1]/Q
                         net (fo=2, routed)           0.860     0.923    ad9238_sample_m0/wait_cnt[1]
    SLICE_X39Y49         CARRY4 (Prop_carry4_S[0]_CO[3])
                                                      0.656     1.579 r  ad9238_sample_m0/wait_cnt0_carry/CO[3]
                         net (fo=1, routed)           0.001     1.580    ad9238_sample_m0/wait_cnt0_carry_n_0
    SLICE_X39Y50         CARRY4 (Prop_carry4_CI_CO[3])
                                                      0.114     1.694 r  ad9238_sample_m0/wait_cnt0_carry__0/CO[3]
                         net (fo=1, routed)           0.000     1.694    ad9238_sample_m0/wait_cnt0_carry__0_n_0
    SLICE_X39Y51         CARRY4 (Prop_carry4_CI_CO[3])
                                                      0.114     1.808 r  ad9238_sample_m0/wait_cnt0_carry__1/CO[3]
                         net (fo=1, routed)           0.000     1.808    ad9238_sample_m0/wait_cnt0_carry__1_n_0
    SLICE_X39Y52         CARRY4 (Prop_carry4_CI_CO[3])
                                                      0.114     1.922 r  ad9238_sample_m0/wait_cnt0_carry__2/CO[3]
                         net (fo=1, routed)           0.000     1.922    ad9238_sample_m0/wait_cnt0_carry__2_n_0
    SLICE_X39Y53         CARRY4 (Prop_carry4_CI_CO[3])
                                                      0.114     2.036 r  ad9238_sample_m0/wait_cnt0_carry__3/CO[3]
                         net (fo=1, routed)           0.000     2.036    ad9238_sample_m0/wait_cnt0_carry__3_n_0
    SLICE_X39Y54         CARRY4 (Prop_carry4_CI_CO[3])
                                                      0.114     2.150 r  ad9238_sample_m0/wait_cnt0_carry__4/CO[3]
                         net (fo=1, routed)           0.000     2.150    ad9238_sample_m0/wait_cnt0_carry__4_n_0
    SLICE_X39Y55         CARRY4 (Prop_carry4_CI_O[1])
                                                      0.334     2.484 r  ad9238_sample_m0/wait_cnt0_carry__5/O[1]
                         net (fo=1, routed)           0.854     3.337    ad9238_sample_m0/wait_cnt0_carry__5_n_6
    SLICE_X38Y55         LUT2 (Prop_lut2_I1_O)        0.303     3.640 r  ad9238_sample_m0/wait_cnt[26]_i_1/O
                         net (fo=1, routed)           0.000     3.640    ad9238_sample_m0/wait_cnt__0[26]
    SLICE_X38Y55         FDCE                                         r  ad9238_sample_m0/wait_cnt_reg[26]/D
  -------------------------------------------------------------------    -------------------

                         (clock clk_out1_adc_pll rise edge)
                                                     15.385    15.385 r  
    U18                                               0.000    15.385 r  sys_clk (IN)
                         net (fo=0)                   0.000    15.385    sys_clk
    U18                  IBUF (Prop_ibuf_I_O)         1.459    16.844 r  sys_clk_IBUF_inst/O
                         net (fo=2, routed)           1.261    18.105    adc_pll_m0/inst/clk_in1
    MMCME2_ADV_X0Y1      MMCME2_ADV (Prop_mmcme2_adv_CLKIN1_CLKOUT0)
                                                     -7.105    11.000 r  adc_pll_m0/inst/mmcm_adv_inst/CLKOUT0
                         net (fo=1, routed)           1.599    12.599    adc_pll_m0/inst/clk_out1_adc_pll
    BUFGCTRL_X0Y16       BUFG (Prop_bufg_I_O)         0.091    12.690 r  adc_pll_m0/inst/clkout1_buf/O
                         net (fo=113, routed)         1.562    14.252    ad9238_sample_m0/clk_out1
    SLICE_X38Y55         FDCE                                         r  ad9238_sample_m0/wait_cnt_reg[26]/C
                         clock pessimism              0.484    14.735    
                         clock uncertainty           -0.117    14.619    
    SLICE_X38Y55         FDCE (Setup_fdce_C_D)        0.077    14.696    ad9238_sample_m0/wait_cnt_reg[26]
  -------------------------------------------------------------------
                         required time                         14.696    
                         arrival time                          -3.640    
  -------------------------------------------------------------------
                         slack                                 11.055    





Min Delay Paths
--------------------------------------------------------------------------------------
Slack (MET) :             0.144ns  (arrival time - required time)
  Source:                 ad9238_sample_m0/sample_cnt_reg[0]/C
                            (rising edge-triggered cell FDCE clocked by clk_out1_adc_pll  {rise@0.000ns fall@7.692ns period=15.385ns})
  Destination:            wav_display_m0/buffer/U0/inst_blk_mem_gen/gnbram.gnativebmg.native_blk_mem_gen/valid.cstr/ramloop[0].ram.r/prim_noinit.ram/DEVICE_7SERIES.NO_BMM_INFO.SDP.SIMPLE_PRIM18.ram/ADDRARDADDR[3]
                            (rising edge-triggered cell RAMB18E1 clocked by clk_out1_adc_pll  {rise@0.000ns fall@7.692ns period=15.385ns})
  Path Group:             clk_out1_adc_pll
  Path Type:              Hold (Min at Fast Process Corner)
  Requirement:            0.000ns  (clk_out1_adc_pll rise@0.000ns - clk_out1_adc_pll rise@0.000ns)
  Data Path Delay:        0.385ns  (logic 0.164ns (42.599%)  route 0.221ns (57.401%))
  Logic Levels:           0  
  Clock Path Skew:        0.058ns (DCD - SCD - CPR)
    Destination Clock Delay (DCD):    -0.616ns
    Source Clock Delay      (SCD):    -0.431ns
    Clock Pessimism Removal (CPR):    -0.243ns

    Location             Delay type                Incr(ns)  Path(ns)    Netlist Resource(s)
  -------------------------------------------------------------------    -------------------
                         (clock clk_out1_adc_pll rise edge)
                                                      0.000     0.000 r  
    U18                                               0.000     0.000 r  sys_clk (IN)
                         net (fo=0)                   0.000     0.000    sys_clk
    U18                  IBUF (Prop_ibuf_I_O)         0.297     0.297 r  sys_clk_IBUF_inst/O
                         net (fo=2, routed)           0.472     0.770    adc_pll_m0/inst/clk_in1
    MMCME2_ADV_X0Y1      MMCME2_ADV (Prop_mmcme2_adv_CLKIN1_CLKOUT0)
                                                     -2.268    -1.498 r  adc_pll_m0/inst/mmcm_adv_inst/CLKOUT0
                         net (fo=1, routed)           0.482    -1.016    adc_pll_m0/inst/clk_out1_adc_pll
    BUFGCTRL_X0Y16       BUFG (Prop_bufg_I_O)         0.026    -0.990 r  adc_pll_m0/inst/clkout1_buf/O
                         net (fo=113, routed)         0.559    -0.431    ad9238_sample_m0/clk_out1
    SLICE_X34Y53         FDCE                                         r  ad9238_sample_m0/sample_cnt_reg[0]/C
  -------------------------------------------------------------------    -------------------
    SLICE_X34Y53         FDCE (Prop_fdce_C_Q)         0.164    -0.267 r  ad9238_sample_m0/sample_cnt_reg[0]/Q
                         net (fo=9, routed)           0.221    -0.046    wav_display_m0/buffer/U0/inst_blk_mem_gen/gnbram.gnativebmg.native_blk_mem_gen/valid.cstr/ramloop[0].ram.r/prim_noinit.ram/addra[0]
    RAMB18_X2Y21         RAMB18E1                                     r  wav_display_m0/buffer/U0/inst_blk_mem_gen/gnbram.gnativebmg.native_blk_mem_gen/valid.cstr/ramloop[0].ram.r/prim_noinit.ram/DEVICE_7SERIES.NO_BMM_INFO.SDP.SIMPLE_PRIM18.ram/ADDRARDADDR[3]
  -------------------------------------------------------------------    -------------------

                         (clock clk_out1_adc_pll rise edge)
                                                      0.000     0.000 r  
    U18                                               0.000     0.000 r  sys_clk (IN)
                         net (fo=0)                   0.000     0.000    sys_clk
    U18                  IBUF (Prop_ibuf_I_O)         0.486     0.486 r  sys_clk_IBUF_inst/O
                         net (fo=2, routed)           0.517     1.003    adc_pll_m0/inst/clk_in1
    MMCME2_ADV_X0Y1      MMCME2_ADV (Prop_mmcme2_adv_CLKIN1_CLKOUT0)
                                                     -3.047    -2.044 r  adc_pll_m0/inst/mmcm_adv_inst/CLKOUT0
                         net (fo=1, routed)           0.528    -1.516    adc_pll_m0/inst/clk_out1_adc_pll
    BUFGCTRL_X0Y16       BUFG (Prop_bufg_I_O)         0.029    -1.487 r  adc_pll_m0/inst/clkout1_buf/O
                         net (fo=113, routed)         0.871    -0.616    wav_display_m0/buffer/U0/inst_blk_mem_gen/gnbram.gnativebmg.native_blk_mem_gen/valid.cstr/ramloop[0].ram.r/prim_noinit.ram/clka
    RAMB18_X2Y21         RAMB18E1                                     r  wav_display_m0/buffer/U0/inst_blk_mem_gen/gnbram.gnativebmg.native_blk_mem_gen/valid.cstr/ramloop[0].ram.r/prim_noinit.ram/DEVICE_7SERIES.NO_BMM_INFO.SDP.SIMPLE_PRIM18.ram/CLKARDCLK
                         clock pessimism              0.243    -0.373    
    RAMB18_X2Y21         RAMB18E1 (Hold_ramb18e1_CLKARDCLK_ADDRARDADDR[3])
                                                      0.183    -0.190    wav_display_m0/buffer/U0/inst_blk_mem_gen/gnbram.gnativebmg.native_blk_mem_gen/valid.cstr/ramloop[0].ram.r/prim_noinit.ram/DEVICE_7SERIES.NO_BMM_INFO.SDP.SIMPLE_PRIM18.ram
  -------------------------------------------------------------------
                         required time                          0.190    
                         arrival time                          -0.046    
  -------------------------------------------------------------------
                         slack                                  0.144    

Slack (MET) :             0.163ns  (arrival time - required time)
  Source:                 ad9238_sample_m0/sample_cnt_reg[5]/C
                            (rising edge-triggered cell FDCE clocked by clk_out1_adc_pll  {rise@0.000ns fall@7.692ns period=15.385ns})
  Destination:            wav_display_m0/buffer/U0/inst_blk_mem_gen/gnbram.gnativebmg.native_blk_mem_gen/valid.cstr/ramloop[0].ram.r/prim_noinit.ram/DEVICE_7SERIES.NO_BMM_INFO.SDP.SIMPLE_PRIM18.ram/ADDRARDADDR[8]
                            (rising edge-triggered cell RAMB18E1 clocked by clk_out1_adc_pll  {rise@0.000ns fall@7.692ns period=15.385ns})
  Path Group:             clk_out1_adc_pll
  Path Type:              Hold (Min at Fast Process Corner)
  Requirement:            0.000ns  (clk_out1_adc_pll rise@0.000ns - clk_out1_adc_pll rise@0.000ns)
  Data Path Delay:        0.398ns  (logic 0.141ns (35.452%)  route 0.257ns (64.548%))
  Logic Levels:           0  
  Clock Path Skew:        0.051ns (DCD - SCD - CPR)
    Destination Clock Delay (DCD):    -0.616ns
    Source Clock Delay      (SCD):    -0.404ns
    Clock Pessimism Removal (CPR):    -0.263ns

    Location             Delay type                Incr(ns)  Path(ns)    Netlist Resource(s)
  -------------------------------------------------------------------    -------------------
                         (clock clk_out1_adc_pll rise edge)
                                                      0.000     0.000 r  
    U18                                               0.000     0.000 r  sys_clk (IN)
                         net (fo=0)                   0.000     0.000    sys_clk
    U18                  IBUF (Prop_ibuf_I_O)         0.297     0.297 r  sys_clk_IBUF_inst/O
                         net (fo=2, routed)           0.472     0.770    adc_pll_m0/inst/clk_in1
    MMCME2_ADV_X0Y1      MMCME2_ADV (Prop_mmcme2_adv_CLKIN1_CLKOUT0)
                                                     -2.268    -1.498 r  adc_pll_m0/inst/mmcm_adv_inst/CLKOUT0
                         net (fo=1, routed)           0.482    -1.016    adc_pll_m0/inst/clk_out1_adc_pll
    BUFGCTRL_X0Y16       BUFG (Prop_bufg_I_O)         0.026    -0.990 r  adc_pll_m0/inst/clkout1_buf/O
                         net (fo=113, routed)         0.586    -0.404    ad9238_sample_m0/clk_out1
    SLICE_X36Y54         FDCE                                         r  ad9238_sample_m0/sample_cnt_reg[5]/C
  -------------------------------------------------------------------    -------------------
    SLICE_X36Y54         FDCE (Prop_fdce_C_Q)         0.141    -0.263 r  ad9238_sample_m0/sample_cnt_reg[5]/Q
                         net (fo=4, routed)           0.257    -0.007    wav_display_m0/buffer/U0/inst_blk_mem_gen/gnbram.gnativebmg.native_blk_mem_gen/valid.cstr/ramloop[0].ram.r/prim_noinit.ram/addra[5]
    RAMB18_X2Y21         RAMB18E1                                     r  wav_display_m0/buffer/U0/inst_blk_mem_gen/gnbram.gnativebmg.native_blk_mem_gen/valid.cstr/ramloop[0].ram.r/prim_noinit.ram/DEVICE_7SERIES.NO_BMM_INFO.SDP.SIMPLE_PRIM18.ram/ADDRARDADDR[8]
  -------------------------------------------------------------------    -------------------

                         (clock clk_out1_adc_pll rise edge)
                                                      0.000     0.000 r  
    U18                                               0.000     0.000 r  sys_clk (IN)
                         net (fo=0)                   0.000     0.000    sys_clk
    U18                  IBUF (Prop_ibuf_I_O)         0.486     0.486 r  sys_clk_IBUF_inst/O
                         net (fo=2, routed)           0.517     1.003    adc_pll_m0/inst/clk_in1
    MMCME2_ADV_X0Y1      MMCME2_ADV (Prop_mmcme2_adv_CLKIN1_CLKOUT0)
                                                     -3.047    -2.044 r  adc_pll_m0/inst/mmcm_adv_inst/CLKOUT0
                         net (fo=1, routed)           0.528    -1.516    adc_pll_m0/inst/clk_out1_adc_pll
    BUFGCTRL_X0Y16       BUFG (Prop_bufg_I_O)         0.029    -1.487 r  adc_pll_m0/inst/clkout1_buf/O
                         net (fo=113, routed)         0.871    -0.616    wav_display_m0/buffer/U0/inst_blk_mem_gen/gnbram.gnativebmg.native_blk_mem_gen/valid.cstr/ramloop[0].ram.r/prim_noinit.ram/clka
    RAMB18_X2Y21         RAMB18E1                                     r  wav_display_m0/buffer/U0/inst_blk_mem_gen/gnbram.gnativebmg.native_blk_mem_gen/valid.cstr/ramloop[0].ram.r/prim_noinit.ram/DEVICE_7SERIES.NO_BMM_INFO.SDP.SIMPLE_PRIM18.ram/CLKARDCLK
                         clock pessimism              0.263    -0.353    
    RAMB18_X2Y21         RAMB18E1 (Hold_ramb18e1_CLKARDCLK_ADDRARDADDR[8])
                                                      0.183    -0.170    wav_display_m0/buffer/U0/inst_blk_mem_gen/gnbram.gnativebmg.native_blk_mem_gen/valid.cstr/ramloop[0].ram.r/prim_noinit.ram/DEVICE_7SERIES.NO_BMM_INFO.SDP.SIMPLE_PRIM18.ram
  -------------------------------------------------------------------
                         required time                          0.170    
                         arrival time                          -0.007    
  -------------------------------------------------------------------
                         slack                                  0.163    

Slack (MET) :             0.173ns  (arrival time - required time)
  Source:                 ad9238_sample_m1/FSM_onehot_state_reg[0]/C
                            (rising edge-triggered cell FDPE clocked by clk_out1_adc_pll  {rise@0.000ns fall@7.692ns period=15.385ns})
  Destination:            ad9238_sample_m0/FSM_onehot_state_reg[2]/D
                            (rising edge-triggered cell FDCE clocked by clk_out1_adc_pll  {rise@0.000ns fall@7.692ns period=15.385ns})
  Path Group:             clk_out1_adc_pll
  Path Type:              Hold (Min at Fast Process Corner)
  Requirement:            0.000ns  (clk_out1_adc_pll rise@0.000ns - clk_out1_adc_pll rise@0.000ns)
  Data Path Delay:        0.306ns  (logic 0.186ns (60.702%)  route 0.120ns (39.298%))
  Logic Levels:           1  (LUT6=1)
  Clock Path Skew:        0.013ns (DCD - SCD - CPR)
    Destination Clock Delay (DCD):    -0.631ns
    Source Clock Delay      (SCD):    -0.404ns
    Clock Pessimism Removal (CPR):    -0.240ns

    Location             Delay type                Incr(ns)  Path(ns)    Netlist Resource(s)
  -------------------------------------------------------------------    -------------------
                         (clock clk_out1_adc_pll rise edge)
                                                      0.000     0.000 r  
    U18                                               0.000     0.000 r  sys_clk (IN)
                         net (fo=0)                   0.000     0.000    sys_clk
    U18                  IBUF (Prop_ibuf_I_O)         0.297     0.297 r  sys_clk_IBUF_inst/O
                         net (fo=2, routed)           0.472     0.770    adc_pll_m0/inst/clk_in1
    MMCME2_ADV_X0Y1      MMCME2_ADV (Prop_mmcme2_adv_CLKIN1_CLKOUT0)
                                                     -2.268    -1.498 r  adc_pll_m0/inst/mmcm_adv_inst/CLKOUT0
                         net (fo=1, routed)           0.482    -1.016    adc_pll_m0/inst/clk_out1_adc_pll
    BUFGCTRL_X0Y16       BUFG (Prop_bufg_I_O)         0.026    -0.990 r  adc_pll_m0/inst/clkout1_buf/O
                         net (fo=113, routed)         0.586    -0.404    ad9238_sample_m1/clk_out1
    SLICE_X39Y56         FDPE                                         r  ad9238_sample_m1/FSM_onehot_state_reg[0]/C
  -------------------------------------------------------------------    -------------------
    SLICE_X39Y56         FDPE (Prop_fdpe_C_Q)         0.141    -0.263 r  ad9238_sample_m1/FSM_onehot_state_reg[0]/Q
                         net (fo=4, routed)           0.120    -0.143    ad9238_sample_m0/state__0[0]
    SLICE_X38Y56         LUT6 (Prop_lut6_I0_O)        0.045    -0.098 r  ad9238_sample_m0/FSM_onehot_state[2]_i_1/O
                         net (fo=1, routed)           0.000    -0.098    ad9238_sample_m0/FSM_onehot_state[2]_i_1_n_0
    SLICE_X38Y56         FDCE                                         r  ad9238_sample_m0/FSM_onehot_state_reg[2]/D
  -------------------------------------------------------------------    -------------------

                         (clock clk_out1_adc_pll rise edge)
                                                      0.000     0.000 r  
    U18                                               0.000     0.000 r  sys_clk (IN)
                         net (fo=0)                   0.000     0.000    sys_clk
    U18                  IBUF (Prop_ibuf_I_O)         0.486     0.486 r  sys_clk_IBUF_inst/O
                         net (fo=2, routed)           0.517     1.003    adc_pll_m0/inst/clk_in1
    MMCME2_ADV_X0Y1      MMCME2_ADV (Prop_mmcme2_adv_CLKIN1_CLKOUT0)
                                                     -3.047    -2.044 r  adc_pll_m0/inst/mmcm_adv_inst/CLKOUT0
                         net (fo=1, routed)           0.528    -1.516    adc_pll_m0/inst/clk_out1_adc_pll
    BUFGCTRL_X0Y16       BUFG (Prop_bufg_I_O)         0.029    -1.487 r  adc_pll_m0/inst/clkout1_buf/O
                         net (fo=113, routed)         0.856    -0.631    ad9238_sample_m0/clk_out1
    SLICE_X38Y56         FDCE                                         r  ad9238_sample_m0/FSM_onehot_state_reg[2]/C
                         clock pessimism              0.240    -0.391    
    SLICE_X38Y56         FDCE (Hold_fdce_C_D)         0.120    -0.271    ad9238_sample_m0/FSM_onehot_state_reg[2]
  -------------------------------------------------------------------
                         required time                          0.271    
                         arrival time                          -0.098    
  -------------------------------------------------------------------
                         slack                                  0.173    

Slack (MET) :             0.175ns  (arrival time - required time)
  Source:                 ad9238_sample_m0/sample_cnt_reg[3]/C
                            (rising edge-triggered cell FDCE clocked by clk_out1_adc_pll  {rise@0.000ns fall@7.692ns period=15.385ns})
  Destination:            wav_display_m0/buffer/U0/inst_blk_mem_gen/gnbram.gnativebmg.native_blk_mem_gen/valid.cstr/ramloop[0].ram.r/prim_noinit.ram/DEVICE_7SERIES.NO_BMM_INFO.SDP.SIMPLE_PRIM18.ram/ADDRARDADDR[6]
                            (rising edge-triggered cell RAMB18E1 clocked by clk_out1_adc_pll  {rise@0.000ns fall@7.692ns period=15.385ns})
  Path Group:             clk_out1_adc_pll
  Path Type:              Hold (Min at Fast Process Corner)
  Requirement:            0.000ns  (clk_out1_adc_pll rise@0.000ns - clk_out1_adc_pll rise@0.000ns)
  Data Path Delay:        0.409ns  (logic 0.141ns (34.473%)  route 0.268ns (65.527%))
  Logic Levels:           0  
  Clock Path Skew:        0.051ns (DCD - SCD - CPR)
    Destination Clock Delay (DCD):    -0.616ns
    Source Clock Delay      (SCD):    -0.404ns
    Clock Pessimism Removal (CPR):    -0.263ns

    Location             Delay type                Incr(ns)  Path(ns)    Netlist Resource(s)
  -------------------------------------------------------------------    -------------------
                         (clock clk_out1_adc_pll rise edge)
                                                      0.000     0.000 r  
    U18                                               0.000     0.000 r  sys_clk (IN)
                         net (fo=0)                   0.000     0.000    sys_clk
    U18                  IBUF (Prop_ibuf_I_O)         0.297     0.297 r  sys_clk_IBUF_inst/O
                         net (fo=2, routed)           0.472     0.770    adc_pll_m0/inst/clk_in1
    MMCME2_ADV_X0Y1      MMCME2_ADV (Prop_mmcme2_adv_CLKIN1_CLKOUT0)
                                                     -2.268    -1.498 r  adc_pll_m0/inst/mmcm_adv_inst/CLKOUT0
                         net (fo=1, routed)           0.482    -1.016    adc_pll_m0/inst/clk_out1_adc_pll
    BUFGCTRL_X0Y16       BUFG (Prop_bufg_I_O)         0.026    -0.990 r  adc_pll_m0/inst/clkout1_buf/O
                         net (fo=113, routed)         0.586    -0.404    ad9238_sample_m0/clk_out1
    SLICE_X36Y54         FDCE                                         r  ad9238_sample_m0/sample_cnt_reg[3]/C
  -------------------------------------------------------------------    -------------------
    SLICE_X36Y54         FDCE (Prop_fdce_C_Q)         0.141    -0.263 r  ad9238_sample_m0/sample_cnt_reg[3]/Q
                         net (fo=6, routed)           0.268     0.005    wav_display_m0/buffer/U0/inst_blk_mem_gen/gnbram.gnativebmg.native_blk_mem_gen/valid.cstr/ramloop[0].ram.r/prim_noinit.ram/addra[3]
    RAMB18_X2Y21         RAMB18E1                                     r  wav_display_m0/buffer/U0/inst_blk_mem_gen/gnbram.gnativebmg.native_blk_mem_gen/valid.cstr/ramloop[0].ram.r/prim_noinit.ram/DEVICE_7SERIES.NO_BMM_INFO.SDP.SIMPLE_PRIM18.ram/ADDRARDADDR[6]
  -------------------------------------------------------------------    -------------------

                         (clock clk_out1_adc_pll rise edge)
                                                      0.000     0.000 r  
    U18                                               0.000     0.000 r  sys_clk (IN)
                         net (fo=0)                   0.000     0.000    sys_clk
    U18                  IBUF (Prop_ibuf_I_O)         0.486     0.486 r  sys_clk_IBUF_inst/O
                         net (fo=2, routed)           0.517     1.003    adc_pll_m0/inst/clk_in1
    MMCME2_ADV_X0Y1      MMCME2_ADV (Prop_mmcme2_adv_CLKIN1_CLKOUT0)
                                                     -3.047    -2.044 r  adc_pll_m0/inst/mmcm_adv_inst/CLKOUT0
                         net (fo=1, routed)           0.528    -1.516    adc_pll_m0/inst/clk_out1_adc_pll
    BUFGCTRL_X0Y16       BUFG (Prop_bufg_I_O)         0.029    -1.487 r  adc_pll_m0/inst/clkout1_buf/O
                         net (fo=113, routed)         0.871    -0.616    wav_display_m0/buffer/U0/inst_blk_mem_gen/gnbram.gnativebmg.native_blk_mem_gen/valid.cstr/ramloop[0].ram.r/prim_noinit.ram/clka
    RAMB18_X2Y21         RAMB18E1                                     r  wav_display_m0/buffer/U0/inst_blk_mem_gen/gnbram.gnativebmg.native_blk_mem_gen/valid.cstr/ramloop[0].ram.r/prim_noinit.ram/DEVICE_7SERIES.NO_BMM_INFO.SDP.SIMPLE_PRIM18.ram/CLKARDCLK
                         clock pessimism              0.263    -0.353    
    RAMB18_X2Y21         RAMB18E1 (Hold_ramb18e1_CLKARDCLK_ADDRARDADDR[6])
                                                      0.183    -0.170    wav_display_m0/buffer/U0/inst_blk_mem_gen/gnbram.gnativebmg.native_blk_mem_gen/valid.cstr/ramloop[0].ram.r/prim_noinit.ram/DEVICE_7SERIES.NO_BMM_INFO.SDP.SIMPLE_PRIM18.ram
  -------------------------------------------------------------------
                         required time                          0.170    
                         arrival time                           0.005    
  -------------------------------------------------------------------
                         slack                                  0.175    

Slack (MET) :             0.176ns  (arrival time - required time)
  Source:                 ad9238_sample_m1/FSM_onehot_state_reg[0]/C
                            (rising edge-triggered cell FDPE clocked by clk_out1_adc_pll  {rise@0.000ns fall@7.692ns period=15.385ns})
  Destination:            ad9238_sample_m0/FSM_onehot_state_reg[1]/D
                            (rising edge-triggered cell FDCE clocked by clk_out1_adc_pll  {rise@0.000ns fall@7.692ns period=15.385ns})
  Path Group:             clk_out1_adc_pll
  Path Type:              Hold (Min at Fast Process Corner)
  Requirement:            0.000ns  (clk_out1_adc_pll rise@0.000ns - clk_out1_adc_pll rise@0.000ns)
  Data Path Delay:        0.310ns  (logic 0.186ns (59.920%)  route 0.124ns (40.080%))
  Logic Levels:           1  (LUT6=1)
  Clock Path Skew:        0.013ns (DCD - SCD - CPR)
    Destination Clock Delay (DCD):    -0.631ns
    Source Clock Delay      (SCD):    -0.404ns
    Clock Pessimism Removal (CPR):    -0.240ns

    Location             Delay type                Incr(ns)  Path(ns)    Netlist Resource(s)
  -------------------------------------------------------------------    -------------------
                         (clock clk_out1_adc_pll rise edge)
                                                      0.000     0.000 r  
    U18                                               0.000     0.000 r  sys_clk (IN)
                         net (fo=0)                   0.000     0.000    sys_clk
    U18                  IBUF (Prop_ibuf_I_O)         0.297     0.297 r  sys_clk_IBUF_inst/O
                         net (fo=2, routed)           0.472     0.770    adc_pll_m0/inst/clk_in1
    MMCME2_ADV_X0Y1      MMCME2_ADV (Prop_mmcme2_adv_CLKIN1_CLKOUT0)
                                                     -2.268    -1.498 r  adc_pll_m0/inst/mmcm_adv_inst/CLKOUT0
                         net (fo=1, routed)           0.482    -1.016    adc_pll_m0/inst/clk_out1_adc_pll
    BUFGCTRL_X0Y16       BUFG (Prop_bufg_I_O)         0.026    -0.990 r  adc_pll_m0/inst/clkout1_buf/O
                         net (fo=113, routed)         0.586    -0.404    ad9238_sample_m1/clk_out1
    SLICE_X39Y56         FDPE                                         r  ad9238_sample_m1/FSM_onehot_state_reg[0]/C
  -------------------------------------------------------------------    -------------------
    SLICE_X39Y56         FDPE (Prop_fdpe_C_Q)         0.141    -0.263 r  ad9238_sample_m1/FSM_onehot_state_reg[0]/Q
                         net (fo=4, routed)           0.124    -0.139    ad9238_sample_m0/state__0[0]
    SLICE_X38Y56         LUT6 (Prop_lut6_I0_O)        0.045    -0.094 r  ad9238_sample_m0/FSM_onehot_state[1]_i_1/O
                         net (fo=1, routed)           0.000    -0.094    ad9238_sample_m0/FSM_onehot_state[1]_i_1_n_0
    SLICE_X38Y56         FDCE                                         r  ad9238_sample_m0/FSM_onehot_state_reg[1]/D
  -------------------------------------------------------------------    -------------------

                         (clock clk_out1_adc_pll rise edge)
                                                      0.000     0.000 r  
    U18                                               0.000     0.000 r  sys_clk (IN)
                         net (fo=0)                   0.000     0.000    sys_clk
    U18                  IBUF (Prop_ibuf_I_O)         0.486     0.486 r  sys_clk_IBUF_inst/O
                         net (fo=2, routed)           0.517     1.003    adc_pll_m0/inst/clk_in1
    MMCME2_ADV_X0Y1      MMCME2_ADV (Prop_mmcme2_adv_CLKIN1_CLKOUT0)
                                                     -3.047    -2.044 r  adc_pll_m0/inst/mmcm_adv_inst/CLKOUT0
                         net (fo=1, routed)           0.528    -1.516    adc_pll_m0/inst/clk_out1_adc_pll
    BUFGCTRL_X0Y16       BUFG (Prop_bufg_I_O)         0.029    -1.487 r  adc_pll_m0/inst/clkout1_buf/O
                         net (fo=113, routed)         0.856    -0.631    ad9238_sample_m0/clk_out1
    SLICE_X38Y56         FDCE                                         r  ad9238_sample_m0/FSM_onehot_state_reg[1]/C
                         clock pessimism              0.240    -0.391    
    SLICE_X38Y56         FDCE (Hold_fdce_C_D)         0.121    -0.270    ad9238_sample_m0/FSM_onehot_state_reg[1]
  -------------------------------------------------------------------
                         required time                          0.270    
                         arrival time                          -0.094    
  -------------------------------------------------------------------
                         slack                                  0.176    

Slack (MET) :             0.195ns  (arrival time - required time)
  Source:                 ad9238_sample_m1/sample_cnt_reg[0]/C
                            (rising edge-triggered cell FDCE clocked by clk_out1_adc_pll  {rise@0.000ns fall@7.692ns period=15.385ns})
  Destination:            wav_display_m1/buffer/U0/inst_blk_mem_gen/gnbram.gnativebmg.native_blk_mem_gen/valid.cstr/ramloop[0].ram.r/prim_noinit.ram/DEVICE_7SERIES.NO_BMM_INFO.SDP.SIMPLE_PRIM18.ram/ADDRARDADDR[3]
                            (rising edge-triggered cell RAMB18E1 clocked by clk_out1_adc_pll  {rise@0.000ns fall@7.692ns period=15.385ns})
  Path Group:             clk_out1_adc_pll
  Path Type:              Hold (Min at Fast Process Corner)
  Requirement:            0.000ns  (clk_out1_adc_pll rise@0.000ns - clk_out1_adc_pll rise@0.000ns)
  Data Path Delay:        0.426ns  (logic 0.141ns (33.060%)  route 0.285ns (66.940%))
  Logic Levels:           0  
  Clock Path Skew:        0.048ns (DCD - SCD - CPR)
    Destination Clock Delay (DCD):    -0.621ns
    Source Clock Delay      (SCD):    -0.406ns
    Clock Pessimism Removal (CPR):    -0.263ns

    Location             Delay type                Incr(ns)  Path(ns)    Netlist Resource(s)
  -------------------------------------------------------------------    -------------------
                         (clock clk_out1_adc_pll rise edge)
                                                      0.000     0.000 r  
    U18                                               0.000     0.000 r  sys_clk (IN)
                         net (fo=0)                   0.000     0.000    sys_clk
    U18                  IBUF (Prop_ibuf_I_O)         0.297     0.297 r  sys_clk_IBUF_inst/O
                         net (fo=2, routed)           0.472     0.770    adc_pll_m0/inst/clk_in1
    MMCME2_ADV_X0Y1      MMCME2_ADV (Prop_mmcme2_adv_CLKIN1_CLKOUT0)
                                                     -2.268    -1.498 r  adc_pll_m0/inst/mmcm_adv_inst/CLKOUT0
                         net (fo=1, routed)           0.482    -1.016    adc_pll_m0/inst/clk_out1_adc_pll
    BUFGCTRL_X0Y16       BUFG (Prop_bufg_I_O)         0.026    -0.990 r  adc_pll_m0/inst/clkout1_buf/O
                         net (fo=113, routed)         0.584    -0.406    ad9238_sample_m1/clk_out1
    SLICE_X36Y61         FDCE                                         r  ad9238_sample_m1/sample_cnt_reg[0]/C
  -------------------------------------------------------------------    -------------------
    SLICE_X36Y61         FDCE (Prop_fdce_C_Q)         0.141    -0.265 r  ad9238_sample_m1/sample_cnt_reg[0]/Q
                         net (fo=9, routed)           0.285     0.020    wav_display_m1/buffer/U0/inst_blk_mem_gen/gnbram.gnativebmg.native_blk_mem_gen/valid.cstr/ramloop[0].ram.r/prim_noinit.ram/addra[0]
    RAMB18_X2Y24         RAMB18E1                                     r  wav_display_m1/buffer/U0/inst_blk_mem_gen/gnbram.gnativebmg.native_blk_mem_gen/valid.cstr/ramloop[0].ram.r/prim_noinit.ram/DEVICE_7SERIES.NO_BMM_INFO.SDP.SIMPLE_PRIM18.ram/ADDRARDADDR[3]
  -------------------------------------------------------------------    -------------------

                         (clock clk_out1_adc_pll rise edge)
                                                      0.000     0.000 r  
    U18                                               0.000     0.000 r  sys_clk (IN)
                         net (fo=0)                   0.000     0.000    sys_clk
    U18                  IBUF (Prop_ibuf_I_O)         0.486     0.486 r  sys_clk_IBUF_inst/O
                         net (fo=2, routed)           0.517     1.003    adc_pll_m0/inst/clk_in1
    MMCME2_ADV_X0Y1      MMCME2_ADV (Prop_mmcme2_adv_CLKIN1_CLKOUT0)
                                                     -3.047    -2.044 r  adc_pll_m0/inst/mmcm_adv_inst/CLKOUT0
                         net (fo=1, routed)           0.528    -1.516    adc_pll_m0/inst/clk_out1_adc_pll
    BUFGCTRL_X0Y16       BUFG (Prop_bufg_I_O)         0.029    -1.487 r  adc_pll_m0/inst/clkout1_buf/O
                         net (fo=113, routed)         0.866    -0.621    wav_display_m1/buffer/U0/inst_blk_mem_gen/gnbram.gnativebmg.native_blk_mem_gen/valid.cstr/ramloop[0].ram.r/prim_noinit.ram/clka
    RAMB18_X2Y24         RAMB18E1                                     r  wav_display_m1/buffer/U0/inst_blk_mem_gen/gnbram.gnativebmg.native_blk_mem_gen/valid.cstr/ramloop[0].ram.r/prim_noinit.ram/DEVICE_7SERIES.NO_BMM_INFO.SDP.SIMPLE_PRIM18.ram/CLKARDCLK
                         clock pessimism              0.263    -0.358    
    RAMB18_X2Y24         RAMB18E1 (Hold_ramb18e1_CLKARDCLK_ADDRARDADDR[3])
                                                      0.183    -0.175    wav_display_m1/buffer/U0/inst_blk_mem_gen/gnbram.gnativebmg.native_blk_mem_gen/valid.cstr/ramloop[0].ram.r/prim_noinit.ram/DEVICE_7SERIES.NO_BMM_INFO.SDP.SIMPLE_PRIM18.ram
  -------------------------------------------------------------------
                         required time                          0.175    
                         arrival time                           0.020    
  -------------------------------------------------------------------
                         slack                                  0.195    

Slack (MET) :             0.209ns  (arrival time - required time)
  Source:                 ad9238_sample_m0/sample_cnt_reg[2]/C
                            (rising edge-triggered cell FDCE clocked by clk_out1_adc_pll  {rise@0.000ns fall@7.692ns period=15.385ns})
  Destination:            wav_display_m0/buffer/U0/inst_blk_mem_gen/gnbram.gnativebmg.native_blk_mem_gen/valid.cstr/ramloop[0].ram.r/prim_noinit.ram/DEVICE_7SERIES.NO_BMM_INFO.SDP.SIMPLE_PRIM18.ram/ADDRARDADDR[5]
                            (rising edge-triggered cell RAMB18E1 clocked by clk_out1_adc_pll  {rise@0.000ns fall@7.692ns period=15.385ns})
  Path Group:             clk_out1_adc_pll
  Path Type:              Hold (Min at Fast Process Corner)
  Requirement:            0.000ns  (clk_out1_adc_pll rise@0.000ns - clk_out1_adc_pll rise@0.000ns)
  Data Path Delay:        0.397ns  (logic 0.148ns (37.244%)  route 0.249ns (62.756%))
  Logic Levels:           0  
  Clock Path Skew:        0.058ns (DCD - SCD - CPR)
    Destination Clock Delay (DCD):    -0.616ns
    Source Clock Delay      (SCD):    -0.431ns
    Clock Pessimism Removal (CPR):    -0.243ns

    Location             Delay type                Incr(ns)  Path(ns)    Netlist Resource(s)
  -------------------------------------------------------------------    -------------------
                         (clock clk_out1_adc_pll rise edge)
                                                      0.000     0.000 r  
    U18                                               0.000     0.000 r  sys_clk (IN)
                         net (fo=0)                   0.000     0.000    sys_clk
    U18                  IBUF (Prop_ibuf_I_O)         0.297     0.297 r  sys_clk_IBUF_inst/O
                         net (fo=2, routed)           0.472     0.770    adc_pll_m0/inst/clk_in1
    MMCME2_ADV_X0Y1      MMCME2_ADV (Prop_mmcme2_adv_CLKIN1_CLKOUT0)
                                                     -2.268    -1.498 r  adc_pll_m0/inst/mmcm_adv_inst/CLKOUT0
                         net (fo=1, routed)           0.482    -1.016    adc_pll_m0/inst/clk_out1_adc_pll
    BUFGCTRL_X0Y16       BUFG (Prop_bufg_I_O)         0.026    -0.990 r  adc_pll_m0/inst/clkout1_buf/O
                         net (fo=113, routed)         0.559    -0.431    ad9238_sample_m0/clk_out1
    SLICE_X34Y53         FDCE                                         r  ad9238_sample_m0/sample_cnt_reg[2]/C
  -------------------------------------------------------------------    -------------------
    SLICE_X34Y53         FDCE (Prop_fdce_C_Q)         0.148    -0.283 r  ad9238_sample_m0/sample_cnt_reg[2]/Q
                         net (fo=7, routed)           0.249    -0.034    wav_display_m0/buffer/U0/inst_blk_mem_gen/gnbram.gnativebmg.native_blk_mem_gen/valid.cstr/ramloop[0].ram.r/prim_noinit.ram/addra[2]
    RAMB18_X2Y21         RAMB18E1                                     r  wav_display_m0/buffer/U0/inst_blk_mem_gen/gnbram.gnativebmg.native_blk_mem_gen/valid.cstr/ramloop[0].ram.r/prim_noinit.ram/DEVICE_7SERIES.NO_BMM_INFO.SDP.SIMPLE_PRIM18.ram/ADDRARDADDR[5]
  -------------------------------------------------------------------    -------------------

                         (clock clk_out1_adc_pll rise edge)
                                                      0.000     0.000 r  
    U18                                               0.000     0.000 r  sys_clk (IN)
                         net (fo=0)                   0.000     0.000    sys_clk
    U18                  IBUF (Prop_ibuf_I_O)         0.486     0.486 r  sys_clk_IBUF_inst/O
                         net (fo=2, routed)           0.517     1.003    adc_pll_m0/inst/clk_in1
    MMCME2_ADV_X0Y1      MMCME2_ADV (Prop_mmcme2_adv_CLKIN1_CLKOUT0)
                                                     -3.047    -2.044 r  adc_pll_m0/inst/mmcm_adv_inst/CLKOUT0
                         net (fo=1, routed)           0.528    -1.516    adc_pll_m0/inst/clk_out1_adc_pll
    BUFGCTRL_X0Y16       BUFG (Prop_bufg_I_O)         0.029    -1.487 r  adc_pll_m0/inst/clkout1_buf/O
                         net (fo=113, routed)         0.871    -0.616    wav_display_m0/buffer/U0/inst_blk_mem_gen/gnbram.gnativebmg.native_blk_mem_gen/valid.cstr/ramloop[0].ram.r/prim_noinit.ram/clka
    RAMB18_X2Y21         RAMB18E1                                     r  wav_display_m0/buffer/U0/inst_blk_mem_gen/gnbram.gnativebmg.native_blk_mem_gen/valid.cstr/ramloop[0].ram.r/prim_noinit.ram/DEVICE_7SERIES.NO_BMM_INFO.SDP.SIMPLE_PRIM18.ram/CLKARDCLK
                         clock pessimism              0.243    -0.373    
    RAMB18_X2Y21         RAMB18E1 (Hold_ramb18e1_CLKARDCLK_ADDRARDADDR[5])
                                                      0.130    -0.243    wav_display_m0/buffer/U0/inst_blk_mem_gen/gnbram.gnativebmg.native_blk_mem_gen/valid.cstr/ramloop[0].ram.r/prim_noinit.ram/DEVICE_7SERIES.NO_BMM_INFO.SDP.SIMPLE_PRIM18.ram
  -------------------------------------------------------------------
                         required time                          0.243    
                         arrival time                          -0.034    
  -------------------------------------------------------------------
                         slack                                  0.209    

Slack (MET) :             0.215ns  (arrival time - required time)
  Source:                 ad9238_sample_m1/sample_cnt_reg[7]/C
                            (rising edge-triggered cell FDCE clocked by clk_out1_adc_pll  {rise@0.000ns fall@7.692ns period=15.385ns})
  Destination:            ad9238_sample_m1/sample_cnt_reg[10]/D
                            (rising edge-triggered cell FDCE clocked by clk_out1_adc_pll  {rise@0.000ns fall@7.692ns period=15.385ns})
  Path Group:             clk_out1_adc_pll
  Path Type:              Hold (Min at Fast Process Corner)
  Requirement:            0.000ns  (clk_out1_adc_pll rise@0.000ns - clk_out1_adc_pll rise@0.000ns)
  Data Path Delay:        0.335ns  (logic 0.246ns (73.395%)  route 0.089ns (26.605%))
  Logic Levels:           1  (LUT6=1)
  Clock Path Skew:        0.000ns (DCD - SCD - CPR)
    Destination Clock Delay (DCD):    -0.633ns
    Source Clock Delay      (SCD):    -0.406ns
    Clock Pessimism Removal (CPR):    -0.227ns

    Location             Delay type                Incr(ns)  Path(ns)    Netlist Resource(s)
  -------------------------------------------------------------------    -------------------
                         (clock clk_out1_adc_pll rise edge)
                                                      0.000     0.000 r  
    U18                                               0.000     0.000 r  sys_clk (IN)
                         net (fo=0)                   0.000     0.000    sys_clk
    U18                  IBUF (Prop_ibuf_I_O)         0.297     0.297 r  sys_clk_IBUF_inst/O
                         net (fo=2, routed)           0.472     0.770    adc_pll_m0/inst/clk_in1
    MMCME2_ADV_X0Y1      MMCME2_ADV (Prop_mmcme2_adv_CLKIN1_CLKOUT0)
                                                     -2.268    -1.498 r  adc_pll_m0/inst/mmcm_adv_inst/CLKOUT0
                         net (fo=1, routed)           0.482    -1.016    adc_pll_m0/inst/clk_out1_adc_pll
    BUFGCTRL_X0Y16       BUFG (Prop_bufg_I_O)         0.026    -0.990 r  adc_pll_m0/inst/clkout1_buf/O
                         net (fo=113, routed)         0.584    -0.406    ad9238_sample_m1/clk_out1
    SLICE_X38Y61         FDCE                                         r  ad9238_sample_m1/sample_cnt_reg[7]/C
  -------------------------------------------------------------------    -------------------
    SLICE_X38Y61         FDCE (Prop_fdce_C_Q)         0.148    -0.258 r  ad9238_sample_m1/sample_cnt_reg[7]/Q
                         net (fo=8, routed)           0.089    -0.169    ad9238_sample_m1/Q[7]
    SLICE_X38Y61         LUT6 (Prop_lut6_I2_O)        0.098    -0.071 r  ad9238_sample_m1/sample_cnt[10]_i_1__0/O
                         net (fo=1, routed)           0.000    -0.071    ad9238_sample_m1/sample_cnt__0[10]
    SLICE_X38Y61         FDCE                                         r  ad9238_sample_m1/sample_cnt_reg[10]/D
  -------------------------------------------------------------------    -------------------

                         (clock clk_out1_adc_pll rise edge)
                                                      0.000     0.000 r  
    U18                                               0.000     0.000 r  sys_clk (IN)
                         net (fo=0)                   0.000     0.000    sys_clk
    U18                  IBUF (Prop_ibuf_I_O)         0.486     0.486 r  sys_clk_IBUF_inst/O
                         net (fo=2, routed)           0.517     1.003    adc_pll_m0/inst/clk_in1
    MMCME2_ADV_X0Y1      MMCME2_ADV (Prop_mmcme2_adv_CLKIN1_CLKOUT0)
                                                     -3.047    -2.044 r  adc_pll_m0/inst/mmcm_adv_inst/CLKOUT0
                         net (fo=1, routed)           0.528    -1.516    adc_pll_m0/inst/clk_out1_adc_pll
    BUFGCTRL_X0Y16       BUFG (Prop_bufg_I_O)         0.029    -1.487 r  adc_pll_m0/inst/clkout1_buf/O
                         net (fo=113, routed)         0.854    -0.633    ad9238_sample_m1/clk_out1
    SLICE_X38Y61         FDCE                                         r  ad9238_sample_m1/sample_cnt_reg[10]/C
                         clock pessimism              0.227    -0.406    
    SLICE_X38Y61         FDCE (Hold_fdce_C_D)         0.120    -0.286    ad9238_sample_m1/sample_cnt_reg[10]
  -------------------------------------------------------------------
                         required time                          0.286    
                         arrival time                          -0.071    
  -------------------------------------------------------------------
                         slack                                  0.215    

Slack (MET) :             0.221ns  (arrival time - required time)
  Source:                 ad9238_sample_m1/sample_cnt_reg[1]/C
                            (rising edge-triggered cell FDCE clocked by clk_out1_adc_pll  {rise@0.000ns fall@7.692ns period=15.385ns})
  Destination:            ad9238_sample_m1/sample_cnt_reg[5]/D
                            (rising edge-triggered cell FDCE clocked by clk_out1_adc_pll  {rise@0.000ns fall@7.692ns period=15.385ns})
  Path Group:             clk_out1_adc_pll
  Path Type:              Hold (Min at Fast Process Corner)
  Requirement:            0.000ns  (clk_out1_adc_pll rise@0.000ns - clk_out1_adc_pll rise@0.000ns)
  Data Path Delay:        0.358ns  (logic 0.209ns (58.334%)  route 0.149ns (41.666%))
  Logic Levels:           1  (LUT6=1)
  Clock Path Skew:        0.016ns (DCD - SCD - CPR)
    Destination Clock Delay (DCD):    -0.633ns
    Source Clock Delay      (SCD):    -0.406ns
    Clock Pessimism Removal (CPR):    -0.243ns

    Location             Delay type                Incr(ns)  Path(ns)    Netlist Resource(s)
  -------------------------------------------------------------------    -------------------
                         (clock clk_out1_adc_pll rise edge)
                                                      0.000     0.000 r  
    U18                                               0.000     0.000 r  sys_clk (IN)
                         net (fo=0)                   0.000     0.000    sys_clk
    U18                  IBUF (Prop_ibuf_I_O)         0.297     0.297 r  sys_clk_IBUF_inst/O
                         net (fo=2, routed)           0.472     0.770    adc_pll_m0/inst/clk_in1
    MMCME2_ADV_X0Y1      MMCME2_ADV (Prop_mmcme2_adv_CLKIN1_CLKOUT0)
                                                     -2.268    -1.498 r  adc_pll_m0/inst/mmcm_adv_inst/CLKOUT0
                         net (fo=1, routed)           0.482    -1.016    adc_pll_m0/inst/clk_out1_adc_pll
    BUFGCTRL_X0Y16       BUFG (Prop_bufg_I_O)         0.026    -0.990 r  adc_pll_m0/inst/clkout1_buf/O
                         net (fo=113, routed)         0.584    -0.406    ad9238_sample_m1/clk_out1
    SLICE_X38Y61         FDCE                                         r  ad9238_sample_m1/sample_cnt_reg[1]/C
  -------------------------------------------------------------------    -------------------
    SLICE_X38Y61         FDCE (Prop_fdce_C_Q)         0.164    -0.242 r  ad9238_sample_m1/sample_cnt_reg[1]/Q
                         net (fo=7, routed)           0.149    -0.093    ad9238_sample_m1/Q[1]
    SLICE_X38Y60         LUT6 (Prop_lut6_I3_O)        0.045    -0.048 r  ad9238_sample_m1/sample_cnt[5]_i_1__0/O
                         net (fo=1, routed)           0.000    -0.048    ad9238_sample_m1/sample_cnt__0[5]
    SLICE_X38Y60         FDCE                                         r  ad9238_sample_m1/sample_cnt_reg[5]/D
  -------------------------------------------------------------------    -------------------

                         (clock clk_out1_adc_pll rise edge)
                                                      0.000     0.000 r  
    U18                                               0.000     0.000 r  sys_clk (IN)
                         net (fo=0)                   0.000     0.000    sys_clk
    U18                  IBUF (Prop_ibuf_I_O)         0.486     0.486 r  sys_clk_IBUF_inst/O
                         net (fo=2, routed)           0.517     1.003    adc_pll_m0/inst/clk_in1
    MMCME2_ADV_X0Y1      MMCME2_ADV (Prop_mmcme2_adv_CLKIN1_CLKOUT0)
                                                     -3.047    -2.044 r  adc_pll_m0/inst/mmcm_adv_inst/CLKOUT0
                         net (fo=1, routed)           0.528    -1.516    adc_pll_m0/inst/clk_out1_adc_pll
    BUFGCTRL_X0Y16       BUFG (Prop_bufg_I_O)         0.029    -1.487 r  adc_pll_m0/inst/clkout1_buf/O
                         net (fo=113, routed)         0.854    -0.633    ad9238_sample_m1/clk_out1
    SLICE_X38Y60         FDCE                                         r  ad9238_sample_m1/sample_cnt_reg[5]/C
                         clock pessimism              0.243    -0.390    
    SLICE_X38Y60         FDCE (Hold_fdce_C_D)         0.121    -0.269    ad9238_sample_m1/sample_cnt_reg[5]
  -------------------------------------------------------------------
                         required time                          0.269    
                         arrival time                          -0.048    
  -------------------------------------------------------------------
                         slack                                  0.221    

Slack (MET) :             0.226ns  (arrival time - required time)
  Source:                 ad9238_sample_m0/sample_cnt_reg[4]/C
                            (rising edge-triggered cell FDCE clocked by clk_out1_adc_pll  {rise@0.000ns fall@7.692ns period=15.385ns})
  Destination:            ad9238_sample_m0/sample_cnt_reg[5]/D
                            (rising edge-triggered cell FDCE clocked by clk_out1_adc_pll  {rise@0.000ns fall@7.692ns period=15.385ns})
  Path Group:             clk_out1_adc_pll
  Path Type:              Hold (Min at Fast Process Corner)
  Requirement:            0.000ns  (clk_out1_adc_pll rise@0.000ns - clk_out1_adc_pll rise@0.000ns)
  Data Path Delay:        0.318ns  (logic 0.227ns (71.437%)  route 0.091ns (28.563%))
  Logic Levels:           1  (LUT6=1)
  Clock Path Skew:        0.000ns (DCD - SCD - CPR)
    Destination Clock Delay (DCD):    -0.631ns
    Source Clock Delay      (SCD):    -0.404ns
    Clock Pessimism Removal (CPR):    -0.227ns

    Location             Delay type                Incr(ns)  Path(ns)    Netlist Resource(s)
  -------------------------------------------------------------------    -------------------
                         (clock clk_out1_adc_pll rise edge)
                                                      0.000     0.000 r  
    U18                                               0.000     0.000 r  sys_clk (IN)
                         net (fo=0)                   0.000     0.000    sys_clk
    U18                  IBUF (Prop_ibuf_I_O)         0.297     0.297 r  sys_clk_IBUF_inst/O
                         net (fo=2, routed)           0.472     0.770    adc_pll_m0/inst/clk_in1
    MMCME2_ADV_X0Y1      MMCME2_ADV (Prop_mmcme2_adv_CLKIN1_CLKOUT0)
                                                     -2.268    -1.498 r  adc_pll_m0/inst/mmcm_adv_inst/CLKOUT0
                         net (fo=1, routed)           0.482    -1.016    adc_pll_m0/inst/clk_out1_adc_pll
    BUFGCTRL_X0Y16       BUFG (Prop_bufg_I_O)         0.026    -0.990 r  adc_pll_m0/inst/clkout1_buf/O
                         net (fo=113, routed)         0.586    -0.404    ad9238_sample_m0/clk_out1
    SLICE_X36Y54         FDCE                                         r  ad9238_sample_m0/sample_cnt_reg[4]/C
  -------------------------------------------------------------------    -------------------
    SLICE_X36Y54         FDCE (Prop_fdce_C_Q)         0.128    -0.276 r  ad9238_sample_m0/sample_cnt_reg[4]/Q
                         net (fo=5, routed)           0.091    -0.186    ad9238_sample_m0/Q[4]
    SLICE_X36Y54         LUT6 (Prop_lut6_I0_O)        0.099    -0.087 r  ad9238_sample_m0/sample_cnt[5]_i_1/O
                         net (fo=1, routed)           0.000    -0.087    ad9238_sample_m0/sample_cnt__0[5]
    SLICE_X36Y54         FDCE                                         r  ad9238_sample_m0/sample_cnt_reg[5]/D
  -------------------------------------------------------------------    -------------------

                         (clock clk_out1_adc_pll rise edge)
                                                      0.000     0.000 r  
    U18                                               0.000     0.000 r  sys_clk (IN)
                         net (fo=0)                   0.000     0.000    sys_clk
    U18                  IBUF (Prop_ibuf_I_O)         0.486     0.486 r  sys_clk_IBUF_inst/O
                         net (fo=2, routed)           0.517     1.003    adc_pll_m0/inst/clk_in1
    MMCME2_ADV_X0Y1      MMCME2_ADV (Prop_mmcme2_adv_CLKIN1_CLKOUT0)
                                                     -3.047    -2.044 r  adc_pll_m0/inst/mmcm_adv_inst/CLKOUT0
                         net (fo=1, routed)           0.528    -1.516    adc_pll_m0/inst/clk_out1_adc_pll
    BUFGCTRL_X0Y16       BUFG (Prop_bufg_I_O)         0.029    -1.487 r  adc_pll_m0/inst/clkout1_buf/O
                         net (fo=113, routed)         0.856    -0.631    ad9238_sample_m0/clk_out1
    SLICE_X36Y54         FDCE                                         r  ad9238_sample_m0/sample_cnt_reg[5]/C
                         clock pessimism              0.227    -0.404    
    SLICE_X36Y54         FDCE (Hold_fdce_C_D)         0.092    -0.312    ad9238_sample_m0/sample_cnt_reg[5]
  -------------------------------------------------------------------
                         required time                          0.312    
                         arrival time                          -0.087    
  -------------------------------------------------------------------
                         slack                                  0.226    





Pulse Width Checks
--------------------------------------------------------------------------------------
Clock Name:         clk_out1_adc_pll
Waveform(ns):       { 0.000 7.692 }
Period(ns):         15.385
Sources:            { adc_pll_m0/inst/mmcm_adv_inst/CLKOUT0 }

Check Type        Corner  Lib Pin             Reference Pin  Required(ns)  Actual(ns)  Slack(ns)  Location         Pin
Min Period        n/a     RAMB18E1/CLKARDCLK  n/a            2.576         15.385      12.809     RAMB18_X2Y21     wav_display_m0/buffer/U0/inst_blk_mem_gen/gnbram.gnativebmg.native_blk_mem_gen/valid.cstr/ramloop[0].ram.r/prim_noinit.ram/DEVICE_7SERIES.NO_BMM_INFO.SDP.SIMPLE_PRIM18.ram/CLKARDCLK
Min Period        n/a     RAMB18E1/CLKARDCLK  n/a            2.576         15.385      12.809     RAMB18_X2Y24     wav_display_m1/buffer/U0/inst_blk_mem_gen/gnbram.gnativebmg.native_blk_mem_gen/valid.cstr/ramloop[0].ram.r/prim_noinit.ram/DEVICE_7SERIES.NO_BMM_INFO.SDP.SIMPLE_PRIM18.ram/CLKARDCLK
Min Period        n/a     BUFG/I              n/a            2.155         15.385      13.229     BUFGCTRL_X0Y16   adc_pll_m0/inst/clkout1_buf/I
Min Period        n/a     FDCE/C              n/a            1.474         15.385      13.911     ILOGIC_X0Y84     ad9238_sample_m0/adc_data_narrow_reg[0]/C
Min Period        n/a     FDCE/C              n/a            1.474         15.385      13.911     ILOGIC_X0Y83     ad9238_sample_m0/adc_data_narrow_reg[1]/C
Min Period        n/a     FDCE/C              n/a            1.474         15.385      13.911     ILOGIC_X0Y92     ad9238_sample_m0/adc_data_narrow_reg[2]/C
Min Period        n/a     FDCE/C              n/a            1.474         15.385      13.911     ILOGIC_X0Y91     ad9238_sample_m0/adc_data_narrow_reg[3]/C
Min Period        n/a     FDCE/C              n/a            1.474         15.385      13.911     ILOGIC_X0Y90     ad9238_sample_m0/adc_data_narrow_reg[4]/C
Min Period        n/a     FDCE/C              n/a            1.474         15.385      13.911     ILOGIC_X0Y89     ad9238_sample_m0/adc_data_narrow_reg[5]/C
Min Period        n/a     FDCE/C              n/a            1.474         15.385      13.911     ILOGIC_X0Y68     ad9238_sample_m0/adc_data_narrow_reg[6]/C
Max Period        n/a     MMCME2_ADV/CLKOUT0  n/a            213.360       15.385      197.975    MMCME2_ADV_X0Y1  adc_pll_m0/inst/mmcm_adv_inst/CLKOUT0
Low Pulse Width   Slow    FDCE/C              n/a            0.500         7.692       7.192      SLICE_X38Y56     ad9238_sample_m0/FSM_onehot_state_reg[1]/C
Low Pulse Width   Slow    FDCE/C              n/a            0.500         7.692       7.192      SLICE_X38Y56     ad9238_sample_m0/FSM_onehot_state_reg[2]/C
Low Pulse Width   Slow    FDCE/C              n/a            0.500         7.692       7.192      SLICE_X36Y56     ad9238_sample_m0/adc_buf_wr_reg/C
Low Pulse Width   Slow    FDCE/C              n/a            0.500         7.692       7.192      SLICE_X38Y60     ad9238_sample_m1/sample_cnt_reg[4]/C
Low Pulse Width   Fast    FDCE/C              n/a            0.500         7.692       7.192      SLICE_X38Y60     ad9238_sample_m1/sample_cnt_reg[4]/C
Low Pulse Width   Slow    FDCE/C              n/a            0.500         7.692       7.192      SLICE_X38Y60     ad9238_sample_m1/sample_cnt_reg[5]/C
Low Pulse Width   Fast    FDCE/C              n/a            0.500         7.692       7.192      SLICE_X38Y60     ad9238_sample_m1/sample_cnt_reg[5]/C
Low Pulse Width   Slow    FDCE/C              n/a            0.500         7.692       7.192      SLICE_X38Y59     ad9238_sample_m1/sample_cnt_reg[6]/C
Low Pulse Width   Fast    FDCE/C              n/a            0.500         7.692       7.192      SLICE_X38Y59     ad9238_sample_m1/sample_cnt_reg[6]/C
Low Pulse Width   Slow    FDCE/C              n/a            0.500         7.692       7.192      SLICE_X38Y61     ad9238_sample_m1/sample_cnt_reg[7]/C
High Pulse Width  Slow    FDCE/C              n/a            0.500         7.692       7.192      SLICE_X38Y56     ad9238_sample_m0/FSM_onehot_state_reg[1]/C
High Pulse Width  Fast    FDCE/C              n/a            0.500         7.692       7.192      SLICE_X38Y56     ad9238_sample_m0/FSM_onehot_state_reg[1]/C
High Pulse Width  Slow    FDCE/C              n/a            0.500         7.692       7.192      SLICE_X38Y56     ad9238_sample_m0/FSM_onehot_state_reg[2]/C
High Pulse Width  Fast    FDCE/C              n/a            0.500         7.692       7.192      SLICE_X38Y56     ad9238_sample_m0/FSM_onehot_state_reg[2]/C
High Pulse Width  Slow    FDCE/C              n/a            0.500         7.692       7.192      SLICE_X36Y56     ad9238_sample_m0/adc_buf_wr_reg/C
High Pulse Width  Fast    FDCE/C              n/a            0.500         7.692       7.192      SLICE_X36Y56     ad9238_sample_m0/adc_buf_wr_reg/C
High Pulse Width  Slow    FDCE/C              n/a            0.500         7.692       7.192      SLICE_X38Y60     ad9238_sample_m1/sample_cnt_reg[4]/C
High Pulse Width  Fast    FDCE/C              n/a            0.500         7.692       7.192      SLICE_X38Y60     ad9238_sample_m1/sample_cnt_reg[4]/C
High Pulse Width  Slow    FDCE/C              n/a            0.500         7.692       7.192      SLICE_X38Y60     ad9238_sample_m1/sample_cnt_reg[5]/C
High Pulse Width  Fast    FDCE/C              n/a            0.500         7.692       7.192      SLICE_X38Y60     ad9238_sample_m1/sample_cnt_reg[5]/C



---------------------------------------------------------------------------------------------------
From Clock:  clkfbout_adc_pll
  To Clock:  clkfbout_adc_pll

Setup :           NA  Failing Endpoints,  Worst Slack           NA  ,  Total Violation           NA
Hold  :           NA  Failing Endpoints,  Worst Slack           NA  ,  Total Violation           NA
PW    :            0  Failing Endpoints,  Worst Slack       37.845ns,  Total Violation        0.000ns
---------------------------------------------------------------------------------------------------


Pulse Width Checks
--------------------------------------------------------------------------------------
Clock Name:         clkfbout_adc_pll
Waveform(ns):       { 0.000 20.000 }
Period(ns):         40.000
Sources:            { adc_pll_m0/inst/mmcm_adv_inst/CLKFBOUT }

Check Type  Corner  Lib Pin              Reference Pin  Required(ns)  Actual(ns)  Slack(ns)  Location         Pin
Min Period  n/a     BUFG/I               n/a            2.155         40.000      37.845     BUFGCTRL_X0Y17   adc_pll_m0/inst/clkf_buf/I
Min Period  n/a     MMCME2_ADV/CLKFBOUT  n/a            1.249         40.000      38.751     MMCME2_ADV_X0Y1  adc_pll_m0/inst/mmcm_adv_inst/CLKFBOUT
Min Period  n/a     MMCME2_ADV/CLKFBIN   n/a            1.249         40.000      38.751     MMCME2_ADV_X0Y1  adc_pll_m0/inst/mmcm_adv_inst/CLKFBIN
Max Period  n/a     MMCME2_ADV/CLKFBIN   n/a            100.000       40.000      60.000     MMCME2_ADV_X0Y1  adc_pll_m0/inst/mmcm_adv_inst/CLKFBIN
Max Period  n/a     MMCME2_ADV/CLKFBOUT  n/a            213.360       40.000      173.360    MMCME2_ADV_X0Y1  adc_pll_m0/inst/mmcm_adv_inst/CLKFBOUT



---------------------------------------------------------------------------------------------------
From Clock:  video_pll_m0/inst/clk_in1
  To Clock:  video_pll_m0/inst/clk_in1

Setup :           NA  Failing Endpoints,  Worst Slack           NA  ,  Total Violation           NA
Hold  :           NA  Failing Endpoints,  Worst Slack           NA  ,  Total Violation           NA
PW    :            0  Failing Endpoints,  Worst Slack        7.000ns,  Total Violation        0.000ns
---------------------------------------------------------------------------------------------------


Pulse Width Checks
--------------------------------------------------------------------------------------
Clock Name:         video_pll_m0/inst/clk_in1
Waveform(ns):       { 0.000 10.000 }
Period(ns):         20.000
Sources:            { video_pll_m0/inst/clk_in1 }

Check Type        Corner  Lib Pin            Reference Pin  Required(ns)  Actual(ns)  Slack(ns)  Location         Pin
Min Period        n/a     MMCME2_ADV/CLKIN1  n/a            1.249         20.000      18.751     MMCME2_ADV_X0Y0  video_pll_m0/inst/mmcm_adv_inst/CLKIN1
Max Period        n/a     MMCME2_ADV/CLKIN1  n/a            100.000       20.000      80.000     MMCME2_ADV_X0Y0  video_pll_m0/inst/mmcm_adv_inst/CLKIN1
Low Pulse Width   Slow    MMCME2_ADV/CLKIN1  n/a            3.000         10.000      7.000      MMCME2_ADV_X0Y0  video_pll_m0/inst/mmcm_adv_inst/CLKIN1
Low Pulse Width   Fast    MMCME2_ADV/CLKIN1  n/a            3.000         10.000      7.000      MMCME2_ADV_X0Y0  video_pll_m0/inst/mmcm_adv_inst/CLKIN1
High Pulse Width  Slow    MMCME2_ADV/CLKIN1  n/a            3.000         10.000      7.000      MMCME2_ADV_X0Y0  video_pll_m0/inst/mmcm_adv_inst/CLKIN1
High Pulse Width  Fast    MMCME2_ADV/CLKIN1  n/a            3.000         10.000      7.000      MMCME2_ADV_X0Y0  video_pll_m0/inst/mmcm_adv_inst/CLKIN1



---------------------------------------------------------------------------------------------------
From Clock:  clk_out1_video_pll
  To Clock:  clk_out1_video_pll

Setup :            0  Failing Endpoints,  Worst Slack        0.275ns,  Total Violation        0.000ns
Hold  :            0  Failing Endpoints,  Worst Slack        0.116ns,  Total Violation        0.000ns
PW    :            0  Failing Endpoints,  Worst Slack        2.388ns,  Total Violation        0.000ns
---------------------------------------------------------------------------------------------------


Max Delay Paths
--------------------------------------------------------------------------------------
Slack (MET) :             0.275ns  (required time - arrival time)
  Source:                 wav_display_m1/buffer/U0/inst_blk_mem_gen/gnbram.gnativebmg.native_blk_mem_gen/valid.cstr/ramloop[0].ram.r/prim_noinit.ram/DEVICE_7SERIES.NO_BMM_INFO.SDP.SIMPLE_PRIM18.ram/CLKBWRCLK
                            (rising edge-triggered cell RAMB18E1 clocked by clk_out1_video_pll  {rise@0.000ns fall@3.368ns period=6.737ns})
  Destination:            wav_display_m1/v_data_reg[22]/R
                            (rising edge-triggered cell FDRE clocked by clk_out1_video_pll  {rise@0.000ns fall@3.368ns period=6.737ns})
  Path Group:             clk_out1_video_pll
  Path Type:              Setup (Max at Slow Process Corner)
  Requirement:            6.737ns  (clk_out1_video_pll rise@6.737ns - clk_out1_video_pll rise@0.000ns)
  Data Path Delay:        5.623ns  (logic 3.252ns (57.838%)  route 2.371ns (42.162%))
  Logic Levels:           3  (CARRY4=1 LUT2=1 LUT6=1)
  Clock Path Skew:        -0.101ns (DCD - SCD + CPR)
    Destination Clock Delay (DCD):    -2.780ns = ( 3.957 - 6.737 ) 
    Source Clock Delay      (SCD):    -2.162ns
    Clock Pessimism Removal (CPR):    0.517ns
  Clock Uncertainty:      0.214ns  ((TSJ^2 + DJ^2)^1/2) / 2 + PE
    Total System Jitter     (TSJ):    0.071ns
    Discrete Jitter          (DJ):    0.421ns
    Phase Error              (PE):    0.000ns

    Location             Delay type                Incr(ns)  Path(ns)    Netlist Resource(s)
  -------------------------------------------------------------------    -------------------
                         (clock clk_out1_video_pll rise edge)
                                                      0.000     0.000 r  
    U18                  IBUF                         0.000     0.000 r  sys_clk_IBUF_inst/O
                         net (fo=2, routed)           1.285     1.285    video_pll_m0/inst/clk_in1
    MMCME2_ADV_X0Y0      MMCME2_ADV (Prop_mmcme2_adv_CLKIN1_CLKOUT0)
                                                     -7.010    -5.725 r  video_pll_m0/inst/mmcm_adv_inst/CLKOUT0
                         net (fo=1, routed)           1.760    -3.965    video_pll_m0/inst/clk_out1_video_pll
    BUFGCTRL_X0Y0        BUFG (Prop_bufg_I_O)         0.101    -3.864 r  video_pll_m0/inst/clkout1_buf/O
                         net (fo=343, routed)         1.702    -2.162    wav_display_m1/buffer/U0/inst_blk_mem_gen/gnbram.gnativebmg.native_blk_mem_gen/valid.cstr/ramloop[0].ram.r/prim_noinit.ram/clkb
    RAMB18_X2Y24         RAMB18E1                                     r  wav_display_m1/buffer/U0/inst_blk_mem_gen/gnbram.gnativebmg.native_blk_mem_gen/valid.cstr/ramloop[0].ram.r/prim_noinit.ram/DEVICE_7SERIES.NO_BMM_INFO.SDP.SIMPLE_PRIM18.ram/CLKBWRCLK
  -------------------------------------------------------------------    -------------------
    RAMB18_X2Y24         RAMB18E1 (Prop_ramb18e1_CLKBWRCLK_DOBDO[4])
                                                      2.454     0.292 r  wav_display_m1/buffer/U0/inst_blk_mem_gen/gnbram.gnativebmg.native_blk_mem_gen/valid.cstr/ramloop[0].ram.r/prim_noinit.ram/DEVICE_7SERIES.NO_BMM_INFO.SDP.SIMPLE_PRIM18.ram/DOBDO[4]
                         net (fo=1, routed)           1.150     1.443    wav_display_m1/timing_gen_xy_m0/doutb[4]
    SLICE_X35Y59         LUT6 (Prop_lut6_I4_O)        0.124     1.567 r  wav_display_m1/timing_gen_xy_m0/v_data1_carry_i_3/O
                         net (fo=1, routed)           0.000     1.567    wav_display_m1/timing_gen_xy_m0_n_12
    SLICE_X35Y59         CARRY4 (Prop_carry4_S[1]_CO[3])
                                                      0.550     2.117 r  wav_display_m1/v_data1_carry/CO[3]
                         net (fo=3, routed)           0.652     2.769    wav_display_m1/timing_gen_xy_m0/CO[0]
    SLICE_X32Y59         LUT2 (Prop_lut2_I1_O)        0.124     2.893 r  wav_display_m1/timing_gen_xy_m0/v_data[23]_i_1/O
                         net (fo=4, routed)           0.568     3.461    wav_display_m1/timing_gen_xy_m0_n_18
    SLICE_X30Y59         FDRE                                         r  wav_display_m1/v_data_reg[22]/R
  -------------------------------------------------------------------    -------------------

                         (clock clk_out1_video_pll rise edge)
                                                      6.737     6.737 r  
    U18                  IBUF                         0.000     6.737 r  sys_clk_IBUF_inst/O
                         net (fo=2, routed)           1.162     7.899    video_pll_m0/inst/clk_in1
    MMCME2_ADV_X0Y0      MMCME2_ADV (Prop_mmcme2_adv_CLKIN1_CLKOUT0)
                                                     -7.118     0.780 r  video_pll_m0/inst/mmcm_adv_inst/CLKOUT0
                         net (fo=1, routed)           1.599     2.379    video_pll_m0/inst/clk_out1_video_pll
    BUFGCTRL_X0Y0        BUFG (Prop_bufg_I_O)         0.091     2.470 r  video_pll_m0/inst/clkout1_buf/O
                         net (fo=343, routed)         1.487     3.957    wav_display_m1/hs_d1_reg
    SLICE_X30Y59         FDRE                                         r  wav_display_m1/v_data_reg[22]/C
                         clock pessimism              0.517     4.474    
                         clock uncertainty           -0.214     4.260    
    SLICE_X30Y59         FDRE (Setup_fdre_C_R)       -0.524     3.736    wav_display_m1/v_data_reg[22]
  -------------------------------------------------------------------
                         required time                          3.736    
                         arrival time                          -3.461    
  -------------------------------------------------------------------
                         slack                                  0.275    

Slack (MET) :             0.275ns  (required time - arrival time)
  Source:                 wav_display_m1/buffer/U0/inst_blk_mem_gen/gnbram.gnativebmg.native_blk_mem_gen/valid.cstr/ramloop[0].ram.r/prim_noinit.ram/DEVICE_7SERIES.NO_BMM_INFO.SDP.SIMPLE_PRIM18.ram/CLKBWRCLK
                            (rising edge-triggered cell RAMB18E1 clocked by clk_out1_video_pll  {rise@0.000ns fall@3.368ns period=6.737ns})
  Destination:            wav_display_m1/v_data_reg[23]/R
                            (rising edge-triggered cell FDRE clocked by clk_out1_video_pll  {rise@0.000ns fall@3.368ns period=6.737ns})
  Path Group:             clk_out1_video_pll
  Path Type:              Setup (Max at Slow Process Corner)
  Requirement:            6.737ns  (clk_out1_video_pll rise@6.737ns - clk_out1_video_pll rise@0.000ns)
  Data Path Delay:        5.623ns  (logic 3.252ns (57.838%)  route 2.371ns (42.162%))
  Logic Levels:           3  (CARRY4=1 LUT2=1 LUT6=1)
  Clock Path Skew:        -0.101ns (DCD - SCD + CPR)
    Destination Clock Delay (DCD):    -2.780ns = ( 3.957 - 6.737 ) 
    Source Clock Delay      (SCD):    -2.162ns
    Clock Pessimism Removal (CPR):    0.517ns
  Clock Uncertainty:      0.214ns  ((TSJ^2 + DJ^2)^1/2) / 2 + PE
    Total System Jitter     (TSJ):    0.071ns
    Discrete Jitter          (DJ):    0.421ns
    Phase Error              (PE):    0.000ns

    Location             Delay type                Incr(ns)  Path(ns)    Netlist Resource(s)
  -------------------------------------------------------------------    -------------------
                         (clock clk_out1_video_pll rise edge)
                                                      0.000     0.000 r  
    U18                  IBUF                         0.000     0.000 r  sys_clk_IBUF_inst/O
                         net (fo=2, routed)           1.285     1.285    video_pll_m0/inst/clk_in1
    MMCME2_ADV_X0Y0      MMCME2_ADV (Prop_mmcme2_adv_CLKIN1_CLKOUT0)
                                                     -7.010    -5.725 r  video_pll_m0/inst/mmcm_adv_inst/CLKOUT0
                         net (fo=1, routed)           1.760    -3.965    video_pll_m0/inst/clk_out1_video_pll
    BUFGCTRL_X0Y0        BUFG (Prop_bufg_I_O)         0.101    -3.864 r  video_pll_m0/inst/clkout1_buf/O
                         net (fo=343, routed)         1.702    -2.162    wav_display_m1/buffer/U0/inst_blk_mem_gen/gnbram.gnativebmg.native_blk_mem_gen/valid.cstr/ramloop[0].ram.r/prim_noinit.ram/clkb
    RAMB18_X2Y24         RAMB18E1                                     r  wav_display_m1/buffer/U0/inst_blk_mem_gen/gnbram.gnativebmg.native_blk_mem_gen/valid.cstr/ramloop[0].ram.r/prim_noinit.ram/DEVICE_7SERIES.NO_BMM_INFO.SDP.SIMPLE_PRIM18.ram/CLKBWRCLK
  -------------------------------------------------------------------    -------------------
    RAMB18_X2Y24         RAMB18E1 (Prop_ramb18e1_CLKBWRCLK_DOBDO[4])
                                                      2.454     0.292 r  wav_display_m1/buffer/U0/inst_blk_mem_gen/gnbram.gnativebmg.native_blk_mem_gen/valid.cstr/ramloop[0].ram.r/prim_noinit.ram/DEVICE_7SERIES.NO_BMM_INFO.SDP.SIMPLE_PRIM18.ram/DOBDO[4]
                         net (fo=1, routed)           1.150     1.443    wav_display_m1/timing_gen_xy_m0/doutb[4]
    SLICE_X35Y59         LUT6 (Prop_lut6_I4_O)        0.124     1.567 r  wav_display_m1/timing_gen_xy_m0/v_data1_carry_i_3/O
                         net (fo=1, routed)           0.000     1.567    wav_display_m1/timing_gen_xy_m0_n_12
    SLICE_X35Y59         CARRY4 (Prop_carry4_S[1]_CO[3])
                                                      0.550     2.117 r  wav_display_m1/v_data1_carry/CO[3]
                         net (fo=3, routed)           0.652     2.769    wav_display_m1/timing_gen_xy_m0/CO[0]
    SLICE_X32Y59         LUT2 (Prop_lut2_I1_O)        0.124     2.893 r  wav_display_m1/timing_gen_xy_m0/v_data[23]_i_1/O
                         net (fo=4, routed)           0.568     3.461    wav_display_m1/timing_gen_xy_m0_n_18
    SLICE_X30Y59         FDRE                                         r  wav_display_m1/v_data_reg[23]/R
  -------------------------------------------------------------------    -------------------

                         (clock clk_out1_video_pll rise edge)
                                                      6.737     6.737 r  
    U18                  IBUF                         0.000     6.737 r  sys_clk_IBUF_inst/O
                         net (fo=2, routed)           1.162     7.899    video_pll_m0/inst/clk_in1
    MMCME2_ADV_X0Y0      MMCME2_ADV (Prop_mmcme2_adv_CLKIN1_CLKOUT0)
                                                     -7.118     0.780 r  video_pll_m0/inst/mmcm_adv_inst/CLKOUT0
                         net (fo=1, routed)           1.599     2.379    video_pll_m0/inst/clk_out1_video_pll
    BUFGCTRL_X0Y0        BUFG (Prop_bufg_I_O)         0.091     2.470 r  video_pll_m0/inst/clkout1_buf/O
                         net (fo=343, routed)         1.487     3.957    wav_display_m1/hs_d1_reg
    SLICE_X30Y59         FDRE                                         r  wav_display_m1/v_data_reg[23]/C
                         clock pessimism              0.517     4.474    
                         clock uncertainty           -0.214     4.260    
    SLICE_X30Y59         FDRE (Setup_fdre_C_R)       -0.524     3.736    wav_display_m1/v_data_reg[23]
  -------------------------------------------------------------------
                         required time                          3.736    
                         arrival time                          -3.461    
  -------------------------------------------------------------------
                         slack                                  0.275    

Slack (MET) :             0.438ns  (required time - arrival time)
  Source:                 wav_display_m0/buffer/U0/inst_blk_mem_gen/gnbram.gnativebmg.native_blk_mem_gen/valid.cstr/ramloop[0].ram.r/prim_noinit.ram/DEVICE_7SERIES.NO_BMM_INFO.SDP.SIMPLE_PRIM18.ram/CLKBWRCLK
                            (rising edge-triggered cell RAMB18E1 clocked by clk_out1_video_pll  {rise@0.000ns fall@3.368ns period=6.737ns})
  Destination:            wav_display_m0/v_data_reg[14]/R
                            (rising edge-triggered cell FDRE clocked by clk_out1_video_pll  {rise@0.000ns fall@3.368ns period=6.737ns})
  Path Group:             clk_out1_video_pll
  Path Type:              Setup (Max at Slow Process Corner)
  Requirement:            6.737ns  (clk_out1_video_pll rise@6.737ns - clk_out1_video_pll rise@0.000ns)
  Data Path Delay:        5.492ns  (logic 3.235ns (58.899%)  route 2.257ns (41.101%))
  Logic Levels:           3  (CARRY4=1 LUT2=1 LUT6=1)
  Clock Path Skew:        -0.068ns (DCD - SCD + CPR)
    Destination Clock Delay (DCD):    -2.777ns = ( 3.960 - 6.737 ) 
    Source Clock Delay      (SCD):    -2.158ns
    Clock Pessimism Removal (CPR):    0.551ns
  Clock Uncertainty:      0.214ns  ((TSJ^2 + DJ^2)^1/2) / 2 + PE
    Total System Jitter     (TSJ):    0.071ns
    Discrete Jitter          (DJ):    0.421ns
    Phase Error              (PE):    0.000ns

    Location             Delay type                Incr(ns)  Path(ns)    Netlist Resource(s)
  -------------------------------------------------------------------    -------------------
                         (clock clk_out1_video_pll rise edge)
                                                      0.000     0.000 r  
    U18                  IBUF                         0.000     0.000 r  sys_clk_IBUF_inst/O
                         net (fo=2, routed)           1.285     1.285    video_pll_m0/inst/clk_in1
    MMCME2_ADV_X0Y0      MMCME2_ADV (Prop_mmcme2_adv_CLKIN1_CLKOUT0)
                                                     -7.010    -5.725 r  video_pll_m0/inst/mmcm_adv_inst/CLKOUT0
                         net (fo=1, routed)           1.760    -3.965    video_pll_m0/inst/clk_out1_video_pll
    BUFGCTRL_X0Y0        BUFG (Prop_bufg_I_O)         0.101    -3.864 r  video_pll_m0/inst/clkout1_buf/O
                         net (fo=343, routed)         1.706    -2.158    wav_display_m0/buffer/U0/inst_blk_mem_gen/gnbram.gnativebmg.native_blk_mem_gen/valid.cstr/ramloop[0].ram.r/prim_noinit.ram/clkb
    RAMB18_X2Y21         RAMB18E1                                     r  wav_display_m0/buffer/U0/inst_blk_mem_gen/gnbram.gnativebmg.native_blk_mem_gen/valid.cstr/ramloop[0].ram.r/prim_noinit.ram/DEVICE_7SERIES.NO_BMM_INFO.SDP.SIMPLE_PRIM18.ram/CLKBWRCLK
  -------------------------------------------------------------------    -------------------
    RAMB18_X2Y21         RAMB18E1 (Prop_ramb18e1_CLKBWRCLK_DOBDO[3])
                                                      2.454     0.296 r  wav_display_m0/buffer/U0/inst_blk_mem_gen/gnbram.gnativebmg.native_blk_mem_gen/valid.cstr/ramloop[0].ram.r/prim_noinit.ram/DEVICE_7SERIES.NO_BMM_INFO.SDP.SIMPLE_PRIM18.ram/DOBDO[3]
                         net (fo=1, routed)           1.138     1.435    wav_display_m0/timing_gen_xy_m0/doutb[3]
    SLICE_X34Y54         LUT6 (Prop_lut6_I0_O)        0.124     1.559 r  wav_display_m0/timing_gen_xy_m0/v_data1_carry_i_3__0/O
                         net (fo=1, routed)           0.000     1.559    wav_display_m0/timing_gen_xy_m0_n_11
    SLICE_X34Y54         CARRY4 (Prop_carry4_S[1]_CO[3])
                                                      0.533     2.092 r  wav_display_m0/v_data1_carry/CO[3]
                         net (fo=3, routed)           0.774     2.866    wav_display_m0/timing_gen_xy_m0/CO[0]
    SLICE_X33Y56         LUT2 (Prop_lut2_I1_O)        0.124     2.990 r  wav_display_m0/timing_gen_xy_m0/v_data[15]_i_1/O
                         net (fo=4, routed)           0.345     3.335    wav_display_m0/timing_gen_xy_m0_n_16
    SLICE_X34Y56         FDRE                                         r  wav_display_m0/v_data_reg[14]/R
  -------------------------------------------------------------------    -------------------

                         (clock clk_out1_video_pll rise edge)
                                                      6.737     6.737 r  
    U18                  IBUF                         0.000     6.737 r  sys_clk_IBUF_inst/O
                         net (fo=2, routed)           1.162     7.899    video_pll_m0/inst/clk_in1
    MMCME2_ADV_X0Y0      MMCME2_ADV (Prop_mmcme2_adv_CLKIN1_CLKOUT0)
                                                     -7.118     0.780 r  video_pll_m0/inst/mmcm_adv_inst/CLKOUT0
                         net (fo=1, routed)           1.599     2.379    video_pll_m0/inst/clk_out1_video_pll
    BUFGCTRL_X0Y0        BUFG (Prop_bufg_I_O)         0.091     2.470 r  video_pll_m0/inst/clkout1_buf/O
                         net (fo=343, routed)         1.490     3.960    wav_display_m0/i_data_d1_reg[22]_0
    SLICE_X34Y56         FDRE                                         r  wav_display_m0/v_data_reg[14]/C
                         clock pessimism              0.551     4.511    
                         clock uncertainty           -0.214     4.297    
    SLICE_X34Y56         FDRE (Setup_fdre_C_R)       -0.524     3.773    wav_display_m0/v_data_reg[14]
  -------------------------------------------------------------------
                         required time                          3.773    
                         arrival time                          -3.335    
  -------------------------------------------------------------------
                         slack                                  0.438    

Slack (MET) :             0.438ns  (required time - arrival time)
  Source:                 wav_display_m0/buffer/U0/inst_blk_mem_gen/gnbram.gnativebmg.native_blk_mem_gen/valid.cstr/ramloop[0].ram.r/prim_noinit.ram/DEVICE_7SERIES.NO_BMM_INFO.SDP.SIMPLE_PRIM18.ram/CLKBWRCLK
                            (rising edge-triggered cell RAMB18E1 clocked by clk_out1_video_pll  {rise@0.000ns fall@3.368ns period=6.737ns})
  Destination:            wav_display_m0/v_data_reg[15]/R
                            (rising edge-triggered cell FDRE clocked by clk_out1_video_pll  {rise@0.000ns fall@3.368ns period=6.737ns})
  Path Group:             clk_out1_video_pll
  Path Type:              Setup (Max at Slow Process Corner)
  Requirement:            6.737ns  (clk_out1_video_pll rise@6.737ns - clk_out1_video_pll rise@0.000ns)
  Data Path Delay:        5.492ns  (logic 3.235ns (58.899%)  route 2.257ns (41.101%))
  Logic Levels:           3  (CARRY4=1 LUT2=1 LUT6=1)
  Clock Path Skew:        -0.068ns (DCD - SCD + CPR)
    Destination Clock Delay (DCD):    -2.777ns = ( 3.960 - 6.737 ) 
    Source Clock Delay      (SCD):    -2.158ns
    Clock Pessimism Removal (CPR):    0.551ns
  Clock Uncertainty:      0.214ns  ((TSJ^2 + DJ^2)^1/2) / 2 + PE
    Total System Jitter     (TSJ):    0.071ns
    Discrete Jitter          (DJ):    0.421ns
    Phase Error              (PE):    0.000ns

    Location             Delay type                Incr(ns)  Path(ns)    Netlist Resource(s)
  -------------------------------------------------------------------    -------------------
                         (clock clk_out1_video_pll rise edge)
                                                      0.000     0.000 r  
    U18                  IBUF                         0.000     0.000 r  sys_clk_IBUF_inst/O
                         net (fo=2, routed)           1.285     1.285    video_pll_m0/inst/clk_in1
    MMCME2_ADV_X0Y0      MMCME2_ADV (Prop_mmcme2_adv_CLKIN1_CLKOUT0)
                                                     -7.010    -5.725 r  video_pll_m0/inst/mmcm_adv_inst/CLKOUT0
                         net (fo=1, routed)           1.760    -3.965    video_pll_m0/inst/clk_out1_video_pll
    BUFGCTRL_X0Y0        BUFG (Prop_bufg_I_O)         0.101    -3.864 r  video_pll_m0/inst/clkout1_buf/O
                         net (fo=343, routed)         1.706    -2.158    wav_display_m0/buffer/U0/inst_blk_mem_gen/gnbram.gnativebmg.native_blk_mem_gen/valid.cstr/ramloop[0].ram.r/prim_noinit.ram/clkb
    RAMB18_X2Y21         RAMB18E1                                     r  wav_display_m0/buffer/U0/inst_blk_mem_gen/gnbram.gnativebmg.native_blk_mem_gen/valid.cstr/ramloop[0].ram.r/prim_noinit.ram/DEVICE_7SERIES.NO_BMM_INFO.SDP.SIMPLE_PRIM18.ram/CLKBWRCLK
  -------------------------------------------------------------------    -------------------
    RAMB18_X2Y21         RAMB18E1 (Prop_ramb18e1_CLKBWRCLK_DOBDO[3])
                                                      2.454     0.296 r  wav_display_m0/buffer/U0/inst_blk_mem_gen/gnbram.gnativebmg.native_blk_mem_gen/valid.cstr/ramloop[0].ram.r/prim_noinit.ram/DEVICE_7SERIES.NO_BMM_INFO.SDP.SIMPLE_PRIM18.ram/DOBDO[3]
                         net (fo=1, routed)           1.138     1.435    wav_display_m0/timing_gen_xy_m0/doutb[3]
    SLICE_X34Y54         LUT6 (Prop_lut6_I0_O)        0.124     1.559 r  wav_display_m0/timing_gen_xy_m0/v_data1_carry_i_3__0/O
                         net (fo=1, routed)           0.000     1.559    wav_display_m0/timing_gen_xy_m0_n_11
    SLICE_X34Y54         CARRY4 (Prop_carry4_S[1]_CO[3])
                                                      0.533     2.092 r  wav_display_m0/v_data1_carry/CO[3]
                         net (fo=3, routed)           0.774     2.866    wav_display_m0/timing_gen_xy_m0/CO[0]
    SLICE_X33Y56         LUT2 (Prop_lut2_I1_O)        0.124     2.990 r  wav_display_m0/timing_gen_xy_m0/v_data[15]_i_1/O
                         net (fo=4, routed)           0.345     3.335    wav_display_m0/timing_gen_xy_m0_n_16
    SLICE_X34Y56         FDRE                                         r  wav_display_m0/v_data_reg[15]/R
  -------------------------------------------------------------------    -------------------

                         (clock clk_out1_video_pll rise edge)
                                                      6.737     6.737 r  
    U18                  IBUF                         0.000     6.737 r  sys_clk_IBUF_inst/O
                         net (fo=2, routed)           1.162     7.899    video_pll_m0/inst/clk_in1
    MMCME2_ADV_X0Y0      MMCME2_ADV (Prop_mmcme2_adv_CLKIN1_CLKOUT0)
                                                     -7.118     0.780 r  video_pll_m0/inst/mmcm_adv_inst/CLKOUT0
                         net (fo=1, routed)           1.599     2.379    video_pll_m0/inst/clk_out1_video_pll
    BUFGCTRL_X0Y0        BUFG (Prop_bufg_I_O)         0.091     2.470 r  video_pll_m0/inst/clkout1_buf/O
                         net (fo=343, routed)         1.490     3.960    wav_display_m0/i_data_d1_reg[22]_0
    SLICE_X34Y56         FDRE                                         r  wav_display_m0/v_data_reg[15]/C
                         clock pessimism              0.551     4.511    
                         clock uncertainty           -0.214     4.297    
    SLICE_X34Y56         FDRE (Setup_fdre_C_R)       -0.524     3.773    wav_display_m0/v_data_reg[15]
  -------------------------------------------------------------------
                         required time                          3.773    
                         arrival time                          -3.335    
  -------------------------------------------------------------------
                         slack                                  0.438    

Slack (MET) :             0.438ns  (required time - arrival time)
  Source:                 wav_display_m0/buffer/U0/inst_blk_mem_gen/gnbram.gnativebmg.native_blk_mem_gen/valid.cstr/ramloop[0].ram.r/prim_noinit.ram/DEVICE_7SERIES.NO_BMM_INFO.SDP.SIMPLE_PRIM18.ram/CLKBWRCLK
                            (rising edge-triggered cell RAMB18E1 clocked by clk_out1_video_pll  {rise@0.000ns fall@3.368ns period=6.737ns})
  Destination:            wav_display_m0/v_data_reg[4]/R
                            (rising edge-triggered cell FDRE clocked by clk_out1_video_pll  {rise@0.000ns fall@3.368ns period=6.737ns})
  Path Group:             clk_out1_video_pll
  Path Type:              Setup (Max at Slow Process Corner)
  Requirement:            6.737ns  (clk_out1_video_pll rise@6.737ns - clk_out1_video_pll rise@0.000ns)
  Data Path Delay:        5.492ns  (logic 3.235ns (58.899%)  route 2.257ns (41.101%))
  Logic Levels:           3  (CARRY4=1 LUT2=1 LUT6=1)
  Clock Path Skew:        -0.068ns (DCD - SCD + CPR)
    Destination Clock Delay (DCD):    -2.777ns = ( 3.960 - 6.737 ) 
    Source Clock Delay      (SCD):    -2.158ns
    Clock Pessimism Removal (CPR):    0.551ns
  Clock Uncertainty:      0.214ns  ((TSJ^2 + DJ^2)^1/2) / 2 + PE
    Total System Jitter     (TSJ):    0.071ns
    Discrete Jitter          (DJ):    0.421ns
    Phase Error              (PE):    0.000ns

    Location             Delay type                Incr(ns)  Path(ns)    Netlist Resource(s)
  -------------------------------------------------------------------    -------------------
                         (clock clk_out1_video_pll rise edge)
                                                      0.000     0.000 r  
    U18                  IBUF                         0.000     0.000 r  sys_clk_IBUF_inst/O
                         net (fo=2, routed)           1.285     1.285    video_pll_m0/inst/clk_in1
    MMCME2_ADV_X0Y0      MMCME2_ADV (Prop_mmcme2_adv_CLKIN1_CLKOUT0)
                                                     -7.010    -5.725 r  video_pll_m0/inst/mmcm_adv_inst/CLKOUT0
                         net (fo=1, routed)           1.760    -3.965    video_pll_m0/inst/clk_out1_video_pll
    BUFGCTRL_X0Y0        BUFG (Prop_bufg_I_O)         0.101    -3.864 r  video_pll_m0/inst/clkout1_buf/O
                         net (fo=343, routed)         1.706    -2.158    wav_display_m0/buffer/U0/inst_blk_mem_gen/gnbram.gnativebmg.native_blk_mem_gen/valid.cstr/ramloop[0].ram.r/prim_noinit.ram/clkb
    RAMB18_X2Y21         RAMB18E1                                     r  wav_display_m0/buffer/U0/inst_blk_mem_gen/gnbram.gnativebmg.native_blk_mem_gen/valid.cstr/ramloop[0].ram.r/prim_noinit.ram/DEVICE_7SERIES.NO_BMM_INFO.SDP.SIMPLE_PRIM18.ram/CLKBWRCLK
  -------------------------------------------------------------------    -------------------
    RAMB18_X2Y21         RAMB18E1 (Prop_ramb18e1_CLKBWRCLK_DOBDO[3])
                                                      2.454     0.296 r  wav_display_m0/buffer/U0/inst_blk_mem_gen/gnbram.gnativebmg.native_blk_mem_gen/valid.cstr/ramloop[0].ram.r/prim_noinit.ram/DEVICE_7SERIES.NO_BMM_INFO.SDP.SIMPLE_PRIM18.ram/DOBDO[3]
                         net (fo=1, routed)           1.138     1.435    wav_display_m0/timing_gen_xy_m0/doutb[3]
    SLICE_X34Y54         LUT6 (Prop_lut6_I0_O)        0.124     1.559 r  wav_display_m0/timing_gen_xy_m0/v_data1_carry_i_3__0/O
                         net (fo=1, routed)           0.000     1.559    wav_display_m0/timing_gen_xy_m0_n_11
    SLICE_X34Y54         CARRY4 (Prop_carry4_S[1]_CO[3])
                                                      0.533     2.092 r  wav_display_m0/v_data1_carry/CO[3]
                         net (fo=3, routed)           0.774     2.866    wav_display_m0/timing_gen_xy_m0/CO[0]
    SLICE_X33Y56         LUT2 (Prop_lut2_I1_O)        0.124     2.990 r  wav_display_m0/timing_gen_xy_m0/v_data[15]_i_1/O
                         net (fo=4, routed)           0.345     3.335    wav_display_m0/timing_gen_xy_m0_n_16
    SLICE_X34Y56         FDRE                                         r  wav_display_m0/v_data_reg[4]/R
  -------------------------------------------------------------------    -------------------

                         (clock clk_out1_video_pll rise edge)
                                                      6.737     6.737 r  
    U18                  IBUF                         0.000     6.737 r  sys_clk_IBUF_inst/O
                         net (fo=2, routed)           1.162     7.899    video_pll_m0/inst/clk_in1
    MMCME2_ADV_X0Y0      MMCME2_ADV (Prop_mmcme2_adv_CLKIN1_CLKOUT0)
                                                     -7.118     0.780 r  video_pll_m0/inst/mmcm_adv_inst/CLKOUT0
                         net (fo=1, routed)           1.599     2.379    video_pll_m0/inst/clk_out1_video_pll
    BUFGCTRL_X0Y0        BUFG (Prop_bufg_I_O)         0.091     2.470 r  video_pll_m0/inst/clkout1_buf/O
                         net (fo=343, routed)         1.490     3.960    wav_display_m0/i_data_d1_reg[22]_0
    SLICE_X34Y56         FDRE                                         r  wav_display_m0/v_data_reg[4]/C
                         clock pessimism              0.551     4.511    
                         clock uncertainty           -0.214     4.297    
    SLICE_X34Y56         FDRE (Setup_fdre_C_R)       -0.524     3.773    wav_display_m0/v_data_reg[4]
  -------------------------------------------------------------------
                         required time                          3.773    
                         arrival time                          -3.335    
  -------------------------------------------------------------------
                         slack                                  0.438    

Slack (MET) :             0.438ns  (required time - arrival time)
  Source:                 wav_display_m0/buffer/U0/inst_blk_mem_gen/gnbram.gnativebmg.native_blk_mem_gen/valid.cstr/ramloop[0].ram.r/prim_noinit.ram/DEVICE_7SERIES.NO_BMM_INFO.SDP.SIMPLE_PRIM18.ram/CLKBWRCLK
                            (rising edge-triggered cell RAMB18E1 clocked by clk_out1_video_pll  {rise@0.000ns fall@3.368ns period=6.737ns})
  Destination:            wav_display_m0/v_data_reg[7]/R
                            (rising edge-triggered cell FDRE clocked by clk_out1_video_pll  {rise@0.000ns fall@3.368ns period=6.737ns})
  Path Group:             clk_out1_video_pll
  Path Type:              Setup (Max at Slow Process Corner)
  Requirement:            6.737ns  (clk_out1_video_pll rise@6.737ns - clk_out1_video_pll rise@0.000ns)
  Data Path Delay:        5.492ns  (logic 3.235ns (58.899%)  route 2.257ns (41.101%))
  Logic Levels:           3  (CARRY4=1 LUT2=1 LUT6=1)
  Clock Path Skew:        -0.068ns (DCD - SCD + CPR)
    Destination Clock Delay (DCD):    -2.777ns = ( 3.960 - 6.737 ) 
    Source Clock Delay      (SCD):    -2.158ns
    Clock Pessimism Removal (CPR):    0.551ns
  Clock Uncertainty:      0.214ns  ((TSJ^2 + DJ^2)^1/2) / 2 + PE
    Total System Jitter     (TSJ):    0.071ns
    Discrete Jitter          (DJ):    0.421ns
    Phase Error              (PE):    0.000ns

    Location             Delay type                Incr(ns)  Path(ns)    Netlist Resource(s)
  -------------------------------------------------------------------    -------------------
                         (clock clk_out1_video_pll rise edge)
                                                      0.000     0.000 r  
    U18                  IBUF                         0.000     0.000 r  sys_clk_IBUF_inst/O
                         net (fo=2, routed)           1.285     1.285    video_pll_m0/inst/clk_in1
    MMCME2_ADV_X0Y0      MMCME2_ADV (Prop_mmcme2_adv_CLKIN1_CLKOUT0)
                                                     -7.010    -5.725 r  video_pll_m0/inst/mmcm_adv_inst/CLKOUT0
                         net (fo=1, routed)           1.760    -3.965    video_pll_m0/inst/clk_out1_video_pll
    BUFGCTRL_X0Y0        BUFG (Prop_bufg_I_O)         0.101    -3.864 r  video_pll_m0/inst/clkout1_buf/O
                         net (fo=343, routed)         1.706    -2.158    wav_display_m0/buffer/U0/inst_blk_mem_gen/gnbram.gnativebmg.native_blk_mem_gen/valid.cstr/ramloop[0].ram.r/prim_noinit.ram/clkb
    RAMB18_X2Y21         RAMB18E1                                     r  wav_display_m0/buffer/U0/inst_blk_mem_gen/gnbram.gnativebmg.native_blk_mem_gen/valid.cstr/ramloop[0].ram.r/prim_noinit.ram/DEVICE_7SERIES.NO_BMM_INFO.SDP.SIMPLE_PRIM18.ram/CLKBWRCLK
  -------------------------------------------------------------------    -------------------
    RAMB18_X2Y21         RAMB18E1 (Prop_ramb18e1_CLKBWRCLK_DOBDO[3])
                                                      2.454     0.296 r  wav_display_m0/buffer/U0/inst_blk_mem_gen/gnbram.gnativebmg.native_blk_mem_gen/valid.cstr/ramloop[0].ram.r/prim_noinit.ram/DEVICE_7SERIES.NO_BMM_INFO.SDP.SIMPLE_PRIM18.ram/DOBDO[3]
                         net (fo=1, routed)           1.138     1.435    wav_display_m0/timing_gen_xy_m0/doutb[3]
    SLICE_X34Y54         LUT6 (Prop_lut6_I0_O)        0.124     1.559 r  wav_display_m0/timing_gen_xy_m0/v_data1_carry_i_3__0/O
                         net (fo=1, routed)           0.000     1.559    wav_display_m0/timing_gen_xy_m0_n_11
    SLICE_X34Y54         CARRY4 (Prop_carry4_S[1]_CO[3])
                                                      0.533     2.092 r  wav_display_m0/v_data1_carry/CO[3]
                         net (fo=3, routed)           0.774     2.866    wav_display_m0/timing_gen_xy_m0/CO[0]
    SLICE_X33Y56         LUT2 (Prop_lut2_I1_O)        0.124     2.990 r  wav_display_m0/timing_gen_xy_m0/v_data[15]_i_1/O
                         net (fo=4, routed)           0.345     3.335    wav_display_m0/timing_gen_xy_m0_n_16
    SLICE_X34Y56         FDRE                                         r  wav_display_m0/v_data_reg[7]/R
  -------------------------------------------------------------------    -------------------

                         (clock clk_out1_video_pll rise edge)
                                                      6.737     6.737 r  
    U18                  IBUF                         0.000     6.737 r  sys_clk_IBUF_inst/O
                         net (fo=2, routed)           1.162     7.899    video_pll_m0/inst/clk_in1
    MMCME2_ADV_X0Y0      MMCME2_ADV (Prop_mmcme2_adv_CLKIN1_CLKOUT0)
                                                     -7.118     0.780 r  video_pll_m0/inst/mmcm_adv_inst/CLKOUT0
                         net (fo=1, routed)           1.599     2.379    video_pll_m0/inst/clk_out1_video_pll
    BUFGCTRL_X0Y0        BUFG (Prop_bufg_I_O)         0.091     2.470 r  video_pll_m0/inst/clkout1_buf/O
                         net (fo=343, routed)         1.490     3.960    wav_display_m0/i_data_d1_reg[22]_0
    SLICE_X34Y56         FDRE                                         r  wav_display_m0/v_data_reg[7]/C
                         clock pessimism              0.551     4.511    
                         clock uncertainty           -0.214     4.297    
    SLICE_X34Y56         FDRE (Setup_fdre_C_R)       -0.524     3.773    wav_display_m0/v_data_reg[7]
  -------------------------------------------------------------------
                         required time                          3.773    
                         arrival time                          -3.335    
  -------------------------------------------------------------------
                         slack                                  0.438    

Slack (MET) :             0.546ns  (required time - arrival time)
  Source:                 wav_display_m1/buffer/U0/inst_blk_mem_gen/gnbram.gnativebmg.native_blk_mem_gen/valid.cstr/ramloop[0].ram.r/prim_noinit.ram/DEVICE_7SERIES.NO_BMM_INFO.SDP.SIMPLE_PRIM18.ram/CLKBWRCLK
                            (rising edge-triggered cell RAMB18E1 clocked by clk_out1_video_pll  {rise@0.000ns fall@3.368ns period=6.737ns})
  Destination:            wav_display_m1/v_data_reg[14]/R
                            (rising edge-triggered cell FDRE clocked by clk_out1_video_pll  {rise@0.000ns fall@3.368ns period=6.737ns})
  Path Group:             clk_out1_video_pll
  Path Type:              Setup (Max at Slow Process Corner)
  Requirement:            6.737ns  (clk_out1_video_pll rise@6.737ns - clk_out1_video_pll rise@0.000ns)
  Data Path Delay:        5.523ns  (logic 3.252ns (58.884%)  route 2.271ns (41.116%))
  Logic Levels:           3  (CARRY4=1 LUT2=1 LUT6=1)
  Clock Path Skew:        -0.025ns (DCD - SCD + CPR)
    Destination Clock Delay (DCD):    -2.704ns = ( 4.033 - 6.737 ) 
    Source Clock Delay      (SCD):    -2.162ns
    Clock Pessimism Removal (CPR):    0.517ns
  Clock Uncertainty:      0.214ns  ((TSJ^2 + DJ^2)^1/2) / 2 + PE
    Total System Jitter     (TSJ):    0.071ns
    Discrete Jitter          (DJ):    0.421ns
    Phase Error              (PE):    0.000ns

    Location             Delay type                Incr(ns)  Path(ns)    Netlist Resource(s)
  -------------------------------------------------------------------    -------------------
                         (clock clk_out1_video_pll rise edge)
                                                      0.000     0.000 r  
    U18                  IBUF                         0.000     0.000 r  sys_clk_IBUF_inst/O
                         net (fo=2, routed)           1.285     1.285    video_pll_m0/inst/clk_in1
    MMCME2_ADV_X0Y0      MMCME2_ADV (Prop_mmcme2_adv_CLKIN1_CLKOUT0)
                                                     -7.010    -5.725 r  video_pll_m0/inst/mmcm_adv_inst/CLKOUT0
                         net (fo=1, routed)           1.760    -3.965    video_pll_m0/inst/clk_out1_video_pll
    BUFGCTRL_X0Y0        BUFG (Prop_bufg_I_O)         0.101    -3.864 r  video_pll_m0/inst/clkout1_buf/O
                         net (fo=343, routed)         1.702    -2.162    wav_display_m1/buffer/U0/inst_blk_mem_gen/gnbram.gnativebmg.native_blk_mem_gen/valid.cstr/ramloop[0].ram.r/prim_noinit.ram/clkb
    RAMB18_X2Y24         RAMB18E1                                     r  wav_display_m1/buffer/U0/inst_blk_mem_gen/gnbram.gnativebmg.native_blk_mem_gen/valid.cstr/ramloop[0].ram.r/prim_noinit.ram/DEVICE_7SERIES.NO_BMM_INFO.SDP.SIMPLE_PRIM18.ram/CLKBWRCLK
  -------------------------------------------------------------------    -------------------
    RAMB18_X2Y24         RAMB18E1 (Prop_ramb18e1_CLKBWRCLK_DOBDO[4])
                                                      2.454     0.292 r  wav_display_m1/buffer/U0/inst_blk_mem_gen/gnbram.gnativebmg.native_blk_mem_gen/valid.cstr/ramloop[0].ram.r/prim_noinit.ram/DEVICE_7SERIES.NO_BMM_INFO.SDP.SIMPLE_PRIM18.ram/DOBDO[4]
                         net (fo=1, routed)           1.150     1.443    wav_display_m1/timing_gen_xy_m0/doutb[4]
    SLICE_X35Y59         LUT6 (Prop_lut6_I4_O)        0.124     1.567 r  wav_display_m1/timing_gen_xy_m0/v_data1_carry_i_3/O
                         net (fo=1, routed)           0.000     1.567    wav_display_m1/timing_gen_xy_m0_n_12
    SLICE_X35Y59         CARRY4 (Prop_carry4_S[1]_CO[3])
                                                      0.550     2.117 r  wav_display_m1/v_data1_carry/CO[3]
                         net (fo=3, routed)           0.652     2.769    wav_display_m1/timing_gen_xy_m0/CO[0]
    SLICE_X32Y59         LUT2 (Prop_lut2_I1_O)        0.124     2.893 r  wav_display_m1/timing_gen_xy_m0/v_data[23]_i_1/O
                         net (fo=4, routed)           0.469     3.361    wav_display_m1/timing_gen_xy_m0_n_18
    SLICE_X39Y59         FDRE                                         r  wav_display_m1/v_data_reg[14]/R
  -------------------------------------------------------------------    -------------------

                         (clock clk_out1_video_pll rise edge)
                                                      6.737     6.737 r  
    U18                  IBUF                         0.000     6.737 r  sys_clk_IBUF_inst/O
                         net (fo=2, routed)           1.162     7.899    video_pll_m0/inst/clk_in1
    MMCME2_ADV_X0Y0      MMCME2_ADV (Prop_mmcme2_adv_CLKIN1_CLKOUT0)
                                                     -7.118     0.780 r  video_pll_m0/inst/mmcm_adv_inst/CLKOUT0
                         net (fo=1, routed)           1.599     2.379    video_pll_m0/inst/clk_out1_video_pll
    BUFGCTRL_X0Y0        BUFG (Prop_bufg_I_O)         0.091     2.470 r  video_pll_m0/inst/clkout1_buf/O
                         net (fo=343, routed)         1.563     4.033    wav_display_m1/hs_d1_reg
    SLICE_X39Y59         FDRE                                         r  wav_display_m1/v_data_reg[14]/C
                         clock pessimism              0.517     4.550    
                         clock uncertainty           -0.214     4.336    
    SLICE_X39Y59         FDRE (Setup_fdre_C_R)       -0.429     3.907    wav_display_m1/v_data_reg[14]
  -------------------------------------------------------------------
                         required time                          3.907    
                         arrival time                          -3.361    
  -------------------------------------------------------------------
                         slack                                  0.546    

Slack (MET) :             0.546ns  (required time - arrival time)
  Source:                 wav_display_m1/buffer/U0/inst_blk_mem_gen/gnbram.gnativebmg.native_blk_mem_gen/valid.cstr/ramloop[0].ram.r/prim_noinit.ram/DEVICE_7SERIES.NO_BMM_INFO.SDP.SIMPLE_PRIM18.ram/CLKBWRCLK
                            (rising edge-triggered cell RAMB18E1 clocked by clk_out1_video_pll  {rise@0.000ns fall@3.368ns period=6.737ns})
  Destination:            wav_display_m1/v_data_reg[15]/R
                            (rising edge-triggered cell FDRE clocked by clk_out1_video_pll  {rise@0.000ns fall@3.368ns period=6.737ns})
  Path Group:             clk_out1_video_pll
  Path Type:              Setup (Max at Slow Process Corner)
  Requirement:            6.737ns  (clk_out1_video_pll rise@6.737ns - clk_out1_video_pll rise@0.000ns)
  Data Path Delay:        5.523ns  (logic 3.252ns (58.884%)  route 2.271ns (41.116%))
  Logic Levels:           3  (CARRY4=1 LUT2=1 LUT6=1)
  Clock Path Skew:        -0.025ns (DCD - SCD + CPR)
    Destination Clock Delay (DCD):    -2.704ns = ( 4.033 - 6.737 ) 
    Source Clock Delay      (SCD):    -2.162ns
    Clock Pessimism Removal (CPR):    0.517ns
  Clock Uncertainty:      0.214ns  ((TSJ^2 + DJ^2)^1/2) / 2 + PE
    Total System Jitter     (TSJ):    0.071ns
    Discrete Jitter          (DJ):    0.421ns
    Phase Error              (PE):    0.000ns

    Location             Delay type                Incr(ns)  Path(ns)    Netlist Resource(s)
  -------------------------------------------------------------------    -------------------
                         (clock clk_out1_video_pll rise edge)
                                                      0.000     0.000 r  
    U18                  IBUF                         0.000     0.000 r  sys_clk_IBUF_inst/O
                         net (fo=2, routed)           1.285     1.285    video_pll_m0/inst/clk_in1
    MMCME2_ADV_X0Y0      MMCME2_ADV (Prop_mmcme2_adv_CLKIN1_CLKOUT0)
                                                     -7.010    -5.725 r  video_pll_m0/inst/mmcm_adv_inst/CLKOUT0
                         net (fo=1, routed)           1.760    -3.965    video_pll_m0/inst/clk_out1_video_pll
    BUFGCTRL_X0Y0        BUFG (Prop_bufg_I_O)         0.101    -3.864 r  video_pll_m0/inst/clkout1_buf/O
                         net (fo=343, routed)         1.702    -2.162    wav_display_m1/buffer/U0/inst_blk_mem_gen/gnbram.gnativebmg.native_blk_mem_gen/valid.cstr/ramloop[0].ram.r/prim_noinit.ram/clkb
    RAMB18_X2Y24         RAMB18E1                                     r  wav_display_m1/buffer/U0/inst_blk_mem_gen/gnbram.gnativebmg.native_blk_mem_gen/valid.cstr/ramloop[0].ram.r/prim_noinit.ram/DEVICE_7SERIES.NO_BMM_INFO.SDP.SIMPLE_PRIM18.ram/CLKBWRCLK
  -------------------------------------------------------------------    -------------------
    RAMB18_X2Y24         RAMB18E1 (Prop_ramb18e1_CLKBWRCLK_DOBDO[4])
                                                      2.454     0.292 r  wav_display_m1/buffer/U0/inst_blk_mem_gen/gnbram.gnativebmg.native_blk_mem_gen/valid.cstr/ramloop[0].ram.r/prim_noinit.ram/DEVICE_7SERIES.NO_BMM_INFO.SDP.SIMPLE_PRIM18.ram/DOBDO[4]
                         net (fo=1, routed)           1.150     1.443    wav_display_m1/timing_gen_xy_m0/doutb[4]
    SLICE_X35Y59         LUT6 (Prop_lut6_I4_O)        0.124     1.567 r  wav_display_m1/timing_gen_xy_m0/v_data1_carry_i_3/O
                         net (fo=1, routed)           0.000     1.567    wav_display_m1/timing_gen_xy_m0_n_12
    SLICE_X35Y59         CARRY4 (Prop_carry4_S[1]_CO[3])
                                                      0.550     2.117 r  wav_display_m1/v_data1_carry/CO[3]
                         net (fo=3, routed)           0.652     2.769    wav_display_m1/timing_gen_xy_m0/CO[0]
    SLICE_X32Y59         LUT2 (Prop_lut2_I1_O)        0.124     2.893 r  wav_display_m1/timing_gen_xy_m0/v_data[23]_i_1/O
                         net (fo=4, routed)           0.469     3.361    wav_display_m1/timing_gen_xy_m0_n_18
    SLICE_X39Y59         FDRE                                         r  wav_display_m1/v_data_reg[15]/R
  -------------------------------------------------------------------    -------------------

                         (clock clk_out1_video_pll rise edge)
                                                      6.737     6.737 r  
    U18                  IBUF                         0.000     6.737 r  sys_clk_IBUF_inst/O
                         net (fo=2, routed)           1.162     7.899    video_pll_m0/inst/clk_in1
    MMCME2_ADV_X0Y0      MMCME2_ADV (Prop_mmcme2_adv_CLKIN1_CLKOUT0)
                                                     -7.118     0.780 r  video_pll_m0/inst/mmcm_adv_inst/CLKOUT0
                         net (fo=1, routed)           1.599     2.379    video_pll_m0/inst/clk_out1_video_pll
    BUFGCTRL_X0Y0        BUFG (Prop_bufg_I_O)         0.091     2.470 r  video_pll_m0/inst/clkout1_buf/O
                         net (fo=343, routed)         1.563     4.033    wav_display_m1/hs_d1_reg
    SLICE_X39Y59         FDRE                                         r  wav_display_m1/v_data_reg[15]/C
                         clock pessimism              0.517     4.550    
                         clock uncertainty           -0.214     4.336    
    SLICE_X39Y59         FDRE (Setup_fdre_C_R)       -0.429     3.907    wav_display_m1/v_data_reg[15]
  -------------------------------------------------------------------
                         required time                          3.907    
                         arrival time                          -3.361    
  -------------------------------------------------------------------
                         slack                                  0.546    

Slack (MET) :             0.687ns  (required time - arrival time)
  Source:                 wav_display_m0/buffer/U0/inst_blk_mem_gen/gnbram.gnativebmg.native_blk_mem_gen/valid.cstr/ramloop[0].ram.r/prim_noinit.ram/DEVICE_7SERIES.NO_BMM_INFO.SDP.SIMPLE_PRIM18.ram/CLKBWRCLK
                            (rising edge-triggered cell RAMB18E1 clocked by clk_out1_video_pll  {rise@0.000ns fall@3.368ns period=6.737ns})
  Destination:            wav_display_m1/timing_gen_xy_m0/i_data_d1_reg[22]_srl3_srlopt/D
                            (rising edge-triggered cell FDRE clocked by clk_out1_video_pll  {rise@0.000ns fall@3.368ns period=6.737ns})
  Path Group:             clk_out1_video_pll
  Path Type:              Setup (Max at Slow Process Corner)
  Requirement:            6.737ns  (clk_out1_video_pll rise@6.737ns - clk_out1_video_pll rise@0.000ns)
  Data Path Delay:        5.664ns  (logic 3.235ns (57.111%)  route 2.429ns (42.889%))
  Logic Levels:           3  (CARRY4=1 LUT3=1 LUT6=1)
  Clock Path Skew:        -0.104ns (DCD - SCD + CPR)
    Destination Clock Delay (DCD):    -2.779ns = ( 3.958 - 6.737 ) 
    Source Clock Delay      (SCD):    -2.158ns
    Clock Pessimism Removal (CPR):    0.517ns
  Clock Uncertainty:      0.214ns  ((TSJ^2 + DJ^2)^1/2) / 2 + PE
    Total System Jitter     (TSJ):    0.071ns
    Discrete Jitter          (DJ):    0.421ns
    Phase Error              (PE):    0.000ns

    Location             Delay type                Incr(ns)  Path(ns)    Netlist Resource(s)
  -------------------------------------------------------------------    -------------------
                         (clock clk_out1_video_pll rise edge)
                                                      0.000     0.000 r  
    U18                  IBUF                         0.000     0.000 r  sys_clk_IBUF_inst/O
                         net (fo=2, routed)           1.285     1.285    video_pll_m0/inst/clk_in1
    MMCME2_ADV_X0Y0      MMCME2_ADV (Prop_mmcme2_adv_CLKIN1_CLKOUT0)
                                                     -7.010    -5.725 r  video_pll_m0/inst/mmcm_adv_inst/CLKOUT0
                         net (fo=1, routed)           1.760    -3.965    video_pll_m0/inst/clk_out1_video_pll
    BUFGCTRL_X0Y0        BUFG (Prop_bufg_I_O)         0.101    -3.864 r  video_pll_m0/inst/clkout1_buf/O
                         net (fo=343, routed)         1.706    -2.158    wav_display_m0/buffer/U0/inst_blk_mem_gen/gnbram.gnativebmg.native_blk_mem_gen/valid.cstr/ramloop[0].ram.r/prim_noinit.ram/clkb
    RAMB18_X2Y21         RAMB18E1                                     r  wav_display_m0/buffer/U0/inst_blk_mem_gen/gnbram.gnativebmg.native_blk_mem_gen/valid.cstr/ramloop[0].ram.r/prim_noinit.ram/DEVICE_7SERIES.NO_BMM_INFO.SDP.SIMPLE_PRIM18.ram/CLKBWRCLK
  -------------------------------------------------------------------    -------------------
    RAMB18_X2Y21         RAMB18E1 (Prop_ramb18e1_CLKBWRCLK_DOBDO[3])
                                                      2.454     0.296 r  wav_display_m0/buffer/U0/inst_blk_mem_gen/gnbram.gnativebmg.native_blk_mem_gen/valid.cstr/ramloop[0].ram.r/prim_noinit.ram/DEVICE_7SERIES.NO_BMM_INFO.SDP.SIMPLE_PRIM18.ram/DOBDO[3]
                         net (fo=1, routed)           1.138     1.435    wav_display_m0/timing_gen_xy_m0/doutb[3]
    SLICE_X34Y54         LUT6 (Prop_lut6_I0_O)        0.124     1.559 r  wav_display_m0/timing_gen_xy_m0/v_data1_carry_i_3__0/O
                         net (fo=1, routed)           0.000     1.559    wav_display_m0/timing_gen_xy_m0_n_11
    SLICE_X34Y54         CARRY4 (Prop_carry4_S[1]_CO[3])
                                                      0.533     2.092 r  wav_display_m0/v_data1_carry/CO[3]
                         net (fo=3, routed)           0.952     3.043    wav_display_m0/timing_gen_xy_m0/CO[0]
    SLICE_X30Y57         LUT3 (Prop_lut3_I1_O)        0.124     3.167 r  wav_display_m0/timing_gen_xy_m0/i_data_d1_reg[22]_srl3_i_1/O
                         net (fo=1, routed)           0.340     3.507    wav_display_m1/timing_gen_xy_m0/v_data_reg[22]
    SLICE_X31Y57         FDRE                                         r  wav_display_m1/timing_gen_xy_m0/i_data_d1_reg[22]_srl3_srlopt/D
  -------------------------------------------------------------------    -------------------

                         (clock clk_out1_video_pll rise edge)
                                                      6.737     6.737 r  
    U18                  IBUF                         0.000     6.737 r  sys_clk_IBUF_inst/O
                         net (fo=2, routed)           1.162     7.899    video_pll_m0/inst/clk_in1
    MMCME2_ADV_X0Y0      MMCME2_ADV (Prop_mmcme2_adv_CLKIN1_CLKOUT0)
                                                     -7.118     0.780 r  video_pll_m0/inst/mmcm_adv_inst/CLKOUT0
                         net (fo=1, routed)           1.599     2.379    video_pll_m0/inst/clk_out1_video_pll
    BUFGCTRL_X0Y0        BUFG (Prop_bufg_I_O)         0.091     2.470 r  video_pll_m0/inst/clkout1_buf/O
                         net (fo=343, routed)         1.488     3.958    wav_display_m1/timing_gen_xy_m0/hs_d1_reg_0
    SLICE_X31Y57         FDRE                                         r  wav_display_m1/timing_gen_xy_m0/i_data_d1_reg[22]_srl3_srlopt/C
                         clock pessimism              0.517     4.475    
                         clock uncertainty           -0.214     4.261    
    SLICE_X31Y57         FDRE (Setup_fdre_C_D)       -0.067     4.194    wav_display_m1/timing_gen_xy_m0/i_data_d1_reg[22]_srl3_srlopt
  -------------------------------------------------------------------
                         required time                          4.194    
                         arrival time                          -3.507    
  -------------------------------------------------------------------
                         slack                                  0.687    

Slack (MET) :             1.227ns  (required time - arrival time)
  Source:                 wav_display_m1/buffer/U0/inst_blk_mem_gen/gnbram.gnativebmg.native_blk_mem_gen/valid.cstr/ramloop[0].ram.r/prim_noinit.ram/DEVICE_7SERIES.NO_BMM_INFO.SDP.SIMPLE_PRIM18.ram/CLKBWRCLK
                            (rising edge-triggered cell RAMB18E1 clocked by clk_out1_video_pll  {rise@0.000ns fall@3.368ns period=6.737ns})
  Destination:            wav_display_m1/v_data_reg[4]/D
                            (rising edge-triggered cell FDRE clocked by clk_out1_video_pll  {rise@0.000ns fall@3.368ns period=6.737ns})
  Path Group:             clk_out1_video_pll
  Path Type:              Setup (Max at Slow Process Corner)
  Requirement:            6.737ns  (clk_out1_video_pll rise@6.737ns - clk_out1_video_pll rise@0.000ns)
  Data Path Delay:        5.274ns  (logic 3.252ns (61.658%)  route 2.022ns (38.342%))
  Logic Levels:           3  (CARRY4=1 LUT3=1 LUT6=1)
  Clock Path Skew:        -0.099ns (DCD - SCD + CPR)
    Destination Clock Delay (DCD):    -2.778ns = ( 3.959 - 6.737 ) 
    Source Clock Delay      (SCD):    -2.162ns
    Clock Pessimism Removal (CPR):    0.517ns
  Clock Uncertainty:      0.214ns  ((TSJ^2 + DJ^2)^1/2) / 2 + PE
    Total System Jitter     (TSJ):    0.071ns
    Discrete Jitter          (DJ):    0.421ns
    Phase Error              (PE):    0.000ns

    Location             Delay type                Incr(ns)  Path(ns)    Netlist Resource(s)
  -------------------------------------------------------------------    -------------------
                         (clock clk_out1_video_pll rise edge)
                                                      0.000     0.000 r  
    U18                  IBUF                         0.000     0.000 r  sys_clk_IBUF_inst/O
                         net (fo=2, routed)           1.285     1.285    video_pll_m0/inst/clk_in1
    MMCME2_ADV_X0Y0      MMCME2_ADV (Prop_mmcme2_adv_CLKIN1_CLKOUT0)
                                                     -7.010    -5.725 r  video_pll_m0/inst/mmcm_adv_inst/CLKOUT0
                         net (fo=1, routed)           1.760    -3.965    video_pll_m0/inst/clk_out1_video_pll
    BUFGCTRL_X0Y0        BUFG (Prop_bufg_I_O)         0.101    -3.864 r  video_pll_m0/inst/clkout1_buf/O
                         net (fo=343, routed)         1.702    -2.162    wav_display_m1/buffer/U0/inst_blk_mem_gen/gnbram.gnativebmg.native_blk_mem_gen/valid.cstr/ramloop[0].ram.r/prim_noinit.ram/clkb
    RAMB18_X2Y24         RAMB18E1                                     r  wav_display_m1/buffer/U0/inst_blk_mem_gen/gnbram.gnativebmg.native_blk_mem_gen/valid.cstr/ramloop[0].ram.r/prim_noinit.ram/DEVICE_7SERIES.NO_BMM_INFO.SDP.SIMPLE_PRIM18.ram/CLKBWRCLK
  -------------------------------------------------------------------    -------------------
    RAMB18_X2Y24         RAMB18E1 (Prop_ramb18e1_CLKBWRCLK_DOBDO[4])
                                                      2.454     0.292 r  wav_display_m1/buffer/U0/inst_blk_mem_gen/gnbram.gnativebmg.native_blk_mem_gen/valid.cstr/ramloop[0].ram.r/prim_noinit.ram/DEVICE_7SERIES.NO_BMM_INFO.SDP.SIMPLE_PRIM18.ram/DOBDO[4]
                         net (fo=1, routed)           1.150     1.443    wav_display_m1/timing_gen_xy_m0/doutb[4]
    SLICE_X35Y59         LUT6 (Prop_lut6_I4_O)        0.124     1.567 r  wav_display_m1/timing_gen_xy_m0/v_data1_carry_i_3/O
                         net (fo=1, routed)           0.000     1.567    wav_display_m1/timing_gen_xy_m0_n_12
    SLICE_X35Y59         CARRY4 (Prop_carry4_S[1]_CO[3])
                                                      0.550     2.117 r  wav_display_m1/v_data1_carry/CO[3]
                         net (fo=3, routed)           0.872     2.989    wav_display_m1/timing_gen_xy_m0/CO[0]
    SLICE_X30Y56         LUT3 (Prop_lut3_I1_O)        0.124     3.113 r  wav_display_m1/timing_gen_xy_m0/v_data[4]_i_1/O
                         net (fo=1, routed)           0.000     3.113    wav_display_m1/timing_gen_xy_m0_n_17
    SLICE_X30Y56         FDRE                                         r  wav_display_m1/v_data_reg[4]/D
  -------------------------------------------------------------------    -------------------

                         (clock clk_out1_video_pll rise edge)
                                                      6.737     6.737 r  
    U18                  IBUF                         0.000     6.737 r  sys_clk_IBUF_inst/O
                         net (fo=2, routed)           1.162     7.899    video_pll_m0/inst/clk_in1
    MMCME2_ADV_X0Y0      MMCME2_ADV (Prop_mmcme2_adv_CLKIN1_CLKOUT0)
                                                     -7.118     0.780 r  video_pll_m0/inst/mmcm_adv_inst/CLKOUT0
                         net (fo=1, routed)           1.599     2.379    video_pll_m0/inst/clk_out1_video_pll
    BUFGCTRL_X0Y0        BUFG (Prop_bufg_I_O)         0.091     2.470 r  video_pll_m0/inst/clkout1_buf/O
                         net (fo=343, routed)         1.489     3.959    wav_display_m1/hs_d1_reg
    SLICE_X30Y56         FDRE                                         r  wav_display_m1/v_data_reg[4]/C
                         clock pessimism              0.517     4.476    
                         clock uncertainty           -0.214     4.262    
    SLICE_X30Y56         FDRE (Setup_fdre_C_D)        0.077     4.339    wav_display_m1/v_data_reg[4]
  -------------------------------------------------------------------
                         required time                          4.339    
                         arrival time                          -3.113    
  -------------------------------------------------------------------
                         slack                                  1.227    





Min Delay Paths
--------------------------------------------------------------------------------------
Slack (MET) :             0.116ns  (arrival time - required time)
  Source:                 color_bar_m0/hs_reg_d0_reg/C
                            (rising edge-triggered cell FDCE clocked by clk_out1_video_pll  {rise@0.000ns fall@3.368ns period=6.737ns})
  Destination:            wav_display_m1/timing_gen_xy_m0/hs_d0_reg_srl5/D
                            (rising edge-triggered cell SRL16E clocked by clk_out1_video_pll  {rise@0.000ns fall@3.368ns period=6.737ns})
  Path Group:             clk_out1_video_pll
  Path Type:              Hold (Min at Fast Process Corner)
  Requirement:            0.000ns  (clk_out1_video_pll rise@0.000ns - clk_out1_video_pll rise@0.000ns)
  Data Path Delay:        0.529ns  (logic 0.164ns (30.981%)  route 0.365ns (69.019%))
  Logic Levels:           0  
  Clock Path Skew:        0.296ns (DCD - SCD - CPR)
    Destination Clock Delay (DCD):    -1.155ns
    Source Clock Delay      (SCD):    -0.762ns
    Clock Pessimism Removal (CPR):    -0.690ns

    Location             Delay type                Incr(ns)  Path(ns)    Netlist Resource(s)
  -------------------------------------------------------------------    -------------------
                         (clock clk_out1_video_pll rise edge)
                                                      0.000     0.000 r  
    U18                  IBUF                         0.000     0.000 r  sys_clk_IBUF_inst/O
                         net (fo=2, routed)           0.440     0.440    video_pll_m0/inst/clk_in1
    MMCME2_ADV_X0Y0      MMCME2_ADV (Prop_mmcme2_adv_CLKIN1_CLKOUT0)
                                                     -2.271    -1.831 r  video_pll_m0/inst/mmcm_adv_inst/CLKOUT0
                         net (fo=1, routed)           0.482    -1.349    video_pll_m0/inst/clk_out1_video_pll
    BUFGCTRL_X0Y0        BUFG (Prop_bufg_I_O)         0.026    -1.323 r  video_pll_m0/inst/clkout1_buf/O
                         net (fo=343, routed)         0.562    -0.762    color_bar_m0/clk_out1
    SLICE_X34Y51         FDCE                                         r  color_bar_m0/hs_reg_d0_reg/C
  -------------------------------------------------------------------    -------------------
    SLICE_X34Y51         FDCE (Prop_fdce_C_Q)         0.164    -0.598 r  color_bar_m0/hs_reg_d0_reg/Q
                         net (fo=1, routed)           0.365    -0.232    wav_display_m1/timing_gen_xy_m0/hs_reg_d0
    SLICE_X38Y42         SRL16E                                       r  wav_display_m1/timing_gen_xy_m0/hs_d0_reg_srl5/D
  -------------------------------------------------------------------    -------------------

                         (clock clk_out1_video_pll rise edge)
                                                      0.000     0.000 r  
    U18                  IBUF                         0.000     0.000 r  sys_clk_IBUF_inst/O
                         net (fo=2, routed)           0.480     0.480    video_pll_m0/inst/clk_in1
    MMCME2_ADV_X0Y0      MMCME2_ADV (Prop_mmcme2_adv_CLKIN1_CLKOUT0)
                                                     -3.050    -2.570 r  video_pll_m0/inst/mmcm_adv_inst/CLKOUT0
                         net (fo=1, routed)           0.528    -2.042    video_pll_m0/inst/clk_out1_video_pll
    BUFGCTRL_X0Y0        BUFG (Prop_bufg_I_O)         0.029    -2.013 r  video_pll_m0/inst/clkout1_buf/O
                         net (fo=343, routed)         0.858    -1.155    wav_display_m1/timing_gen_xy_m0/hs_d1_reg_0
    SLICE_X38Y42         SRL16E                                       r  wav_display_m1/timing_gen_xy_m0/hs_d0_reg_srl5/CLK
                         clock pessimism              0.690    -0.465    
    SLICE_X38Y42         SRL16E (Hold_srl16e_CLK_D)
                                                      0.117    -0.348    wav_display_m1/timing_gen_xy_m0/hs_d0_reg_srl5
  -------------------------------------------------------------------
                         required time                          0.348    
                         arrival time                          -0.232    
  -------------------------------------------------------------------
                         slack                                  0.116    

Slack (MET) :             0.122ns  (arrival time - required time)
  Source:                 rgb2dvi_m0/U0/LockLostReset/SyncAsyncx/oSyncStages_reg[0]/C
                            (rising edge-triggered cell FDPE clocked by clk_out1_video_pll  {rise@0.000ns fall@3.368ns period=6.737ns})
  Destination:            rgb2dvi_m0/U0/LockLostReset/SyncAsyncx/oSyncStages_reg[1]/D
                            (rising edge-triggered cell FDPE clocked by clk_out1_video_pll  {rise@0.000ns fall@3.368ns period=6.737ns})
  Path Group:             clk_out1_video_pll
  Path Type:              Hold (Min at Fast Process Corner)
  Requirement:            0.000ns  (clk_out1_video_pll rise@0.000ns - clk_out1_video_pll rise@0.000ns)
  Data Path Delay:        0.197ns  (logic 0.141ns (71.611%)  route 0.056ns (28.389%))
  Logic Levels:           0  
  Clock Path Skew:        0.000ns (DCD - SCD - CPR)
    Destination Clock Delay (DCD):    -1.164ns
    Source Clock Delay      (SCD):    -0.742ns
    Clock Pessimism Removal (CPR):    -0.422ns

    Location             Delay type                Incr(ns)  Path(ns)    Netlist Resource(s)
  -------------------------------------------------------------------    -------------------
                         (clock clk_out1_video_pll rise edge)
                                                      0.000     0.000 r  
    U18                  IBUF                         0.000     0.000 r  sys_clk_IBUF_inst/O
                         net (fo=2, routed)           0.440     0.440    video_pll_m0/inst/clk_in1
    MMCME2_ADV_X0Y0      MMCME2_ADV (Prop_mmcme2_adv_CLKIN1_CLKOUT0)
                                                     -2.271    -1.831 r  video_pll_m0/inst/mmcm_adv_inst/CLKOUT0
                         net (fo=1, routed)           0.482    -1.349    video_pll_m0/inst/clk_out1_video_pll
    BUFGCTRL_X0Y0        BUFG (Prop_bufg_I_O)         0.026    -1.323 r  video_pll_m0/inst/clkout1_buf/O
                         net (fo=343, routed)         0.582    -0.742    rgb2dvi_m0/U0/LockLostReset/SyncAsyncx/PixelClk
    SLICE_X43Y21         FDPE                                         r  rgb2dvi_m0/U0/LockLostReset/SyncAsyncx/oSyncStages_reg[0]/C
  -------------------------------------------------------------------    -------------------
    SLICE_X43Y21         FDPE (Prop_fdpe_C_Q)         0.141    -0.601 r  rgb2dvi_m0/U0/LockLostReset/SyncAsyncx/oSyncStages_reg[0]/Q
                         net (fo=1, routed)           0.056    -0.545    rgb2dvi_m0/U0/LockLostReset/SyncAsyncx/oSyncStages[0]
    SLICE_X43Y21         FDPE                                         r  rgb2dvi_m0/U0/LockLostReset/SyncAsyncx/oSyncStages_reg[1]/D
  -------------------------------------------------------------------    -------------------

                         (clock clk_out1_video_pll rise edge)
                                                      0.000     0.000 r  
    U18                  IBUF                         0.000     0.000 r  sys_clk_IBUF_inst/O
                         net (fo=2, routed)           0.480     0.480    video_pll_m0/inst/clk_in1
    MMCME2_ADV_X0Y0      MMCME2_ADV (Prop_mmcme2_adv_CLKIN1_CLKOUT0)
                                                     -3.050    -2.570 r  video_pll_m0/inst/mmcm_adv_inst/CLKOUT0
                         net (fo=1, routed)           0.528    -2.042    video_pll_m0/inst/clk_out1_video_pll
    BUFGCTRL_X0Y0        BUFG (Prop_bufg_I_O)         0.029    -2.013 r  video_pll_m0/inst/clkout1_buf/O
                         net (fo=343, routed)         0.849    -1.164    rgb2dvi_m0/U0/LockLostReset/SyncAsyncx/PixelClk
    SLICE_X43Y21         FDPE                                         r  rgb2dvi_m0/U0/LockLostReset/SyncAsyncx/oSyncStages_reg[1]/C
                         clock pessimism              0.422    -0.742    
    SLICE_X43Y21         FDPE (Hold_fdpe_C_D)         0.075    -0.667    rgb2dvi_m0/U0/LockLostReset/SyncAsyncx/oSyncStages_reg[1]
  -------------------------------------------------------------------
                         required time                          0.667    
                         arrival time                          -0.545    
  -------------------------------------------------------------------
                         slack                                  0.122    

Slack (MET) :             0.151ns  (arrival time - required time)
  Source:                 rgb2dvi_m0/U0/DataEncoders[1].DataEncoder/q_m_2_reg[6]/C
                            (rising edge-triggered cell FDRE clocked by clk_out1_video_pll  {rise@0.000ns fall@3.368ns period=6.737ns})
  Destination:            rgb2dvi_m0/U0/DataEncoders[1].DataEncoder/pDataOutRaw_reg[6]/D
                            (rising edge-triggered cell FDSE clocked by clk_out1_video_pll  {rise@0.000ns fall@3.368ns period=6.737ns})
  Path Group:             clk_out1_video_pll
  Path Type:              Hold (Min at Fast Process Corner)
  Requirement:            0.000ns  (clk_out1_video_pll rise@0.000ns - clk_out1_video_pll rise@0.000ns)
  Data Path Delay:        0.286ns  (logic 0.186ns (64.941%)  route 0.100ns (35.059%))
  Logic Levels:           1  (LUT2=1)
  Clock Path Skew:        0.015ns (DCD - SCD - CPR)
    Destination Clock Delay (DCD):    -1.162ns
    Source Clock Delay      (SCD):    -0.741ns
    Clock Pessimism Removal (CPR):    -0.436ns

    Location             Delay type                Incr(ns)  Path(ns)    Netlist Resource(s)
  -------------------------------------------------------------------    -------------------
                         (clock clk_out1_video_pll rise edge)
                                                      0.000     0.000 r  
    U18                  IBUF                         0.000     0.000 r  sys_clk_IBUF_inst/O
                         net (fo=2, routed)           0.440     0.440    video_pll_m0/inst/clk_in1
    MMCME2_ADV_X0Y0      MMCME2_ADV (Prop_mmcme2_adv_CLKIN1_CLKOUT0)
                                                     -2.271    -1.831 r  video_pll_m0/inst/mmcm_adv_inst/CLKOUT0
                         net (fo=1, routed)           0.482    -1.349    video_pll_m0/inst/clk_out1_video_pll
    BUFGCTRL_X0Y0        BUFG (Prop_bufg_I_O)         0.026    -1.323 r  video_pll_m0/inst/clkout1_buf/O
                         net (fo=343, routed)         0.583    -0.741    rgb2dvi_m0/U0/DataEncoders[1].DataEncoder/PixelClk
    SLICE_X41Y20         FDRE                                         r  rgb2dvi_m0/U0/DataEncoders[1].DataEncoder/q_m_2_reg[6]/C
  -------------------------------------------------------------------    -------------------
    SLICE_X41Y20         FDRE (Prop_fdre_C_Q)         0.141    -0.600 r  rgb2dvi_m0/U0/DataEncoders[1].DataEncoder/q_m_2_reg[6]/Q
                         net (fo=1, routed)           0.100    -0.499    rgb2dvi_m0/U0/DataEncoders[1].DataEncoder/q_m_2_reg_n_0_[6]
    SLICE_X42Y19         LUT2 (Prop_lut2_I0_O)        0.045    -0.454 r  rgb2dvi_m0/U0/DataEncoders[1].DataEncoder/pDataOutRaw[6]_i_1__0/O
                         net (fo=1, routed)           0.000    -0.454    rgb2dvi_m0/U0/DataEncoders[1].DataEncoder/pDataOutRaw[6]_i_1__0_n_0
    SLICE_X42Y19         FDSE                                         r  rgb2dvi_m0/U0/DataEncoders[1].DataEncoder/pDataOutRaw_reg[6]/D
  -------------------------------------------------------------------    -------------------

                         (clock clk_out1_video_pll rise edge)
                                                      0.000     0.000 r  
    U18                  IBUF                         0.000     0.000 r  sys_clk_IBUF_inst/O
                         net (fo=2, routed)           0.480     0.480    video_pll_m0/inst/clk_in1
    MMCME2_ADV_X0Y0      MMCME2_ADV (Prop_mmcme2_adv_CLKIN1_CLKOUT0)
                                                     -3.050    -2.570 r  video_pll_m0/inst/mmcm_adv_inst/CLKOUT0
                         net (fo=1, routed)           0.528    -2.042    video_pll_m0/inst/clk_out1_video_pll
    BUFGCTRL_X0Y0        BUFG (Prop_bufg_I_O)         0.029    -2.013 r  video_pll_m0/inst/clkout1_buf/O
                         net (fo=343, routed)         0.851    -1.162    rgb2dvi_m0/U0/DataEncoders[1].DataEncoder/PixelClk
    SLICE_X42Y19         FDSE                                         r  rgb2dvi_m0/U0/DataEncoders[1].DataEncoder/pDataOutRaw_reg[6]/C
                         clock pessimism              0.436    -0.726    
    SLICE_X42Y19         FDSE (Hold_fdse_C_D)         0.120    -0.606    rgb2dvi_m0/U0/DataEncoders[1].DataEncoder/pDataOutRaw_reg[6]
  -------------------------------------------------------------------
                         required time                          0.606    
                         arrival time                          -0.454    
  -------------------------------------------------------------------
                         slack                                  0.151    

Slack (MET) :             0.156ns  (arrival time - required time)
  Source:                 rgb2dvi_m0/U0/DataEncoders[0].DataEncoder/pDataOut_1_reg[1]/C
                            (rising edge-triggered cell FDRE clocked by clk_out1_video_pll  {rise@0.000ns fall@3.368ns period=6.737ns})
  Destination:            rgb2dvi_m0/U0/DataEncoders[0].DataEncoder/q_m_2_reg[1]/D
                            (rising edge-triggered cell FDRE clocked by clk_out1_video_pll  {rise@0.000ns fall@3.368ns period=6.737ns})
  Path Group:             clk_out1_video_pll
  Path Type:              Hold (Min at Fast Process Corner)
  Requirement:            0.000ns  (clk_out1_video_pll rise@0.000ns - clk_out1_video_pll rise@0.000ns)
  Data Path Delay:        0.261ns  (logic 0.186ns (71.193%)  route 0.075ns (28.807%))
  Logic Levels:           1  (LUT5=1)
  Clock Path Skew:        0.013ns (DCD - SCD - CPR)
    Destination Clock Delay (DCD):    -1.163ns
    Source Clock Delay      (SCD):    -0.741ns
    Clock Pessimism Removal (CPR):    -0.435ns

    Location             Delay type                Incr(ns)  Path(ns)    Netlist Resource(s)
  -------------------------------------------------------------------    -------------------
                         (clock clk_out1_video_pll rise edge)
                                                      0.000     0.000 r  
    U18                  IBUF                         0.000     0.000 r  sys_clk_IBUF_inst/O
                         net (fo=2, routed)           0.440     0.440    video_pll_m0/inst/clk_in1
    MMCME2_ADV_X0Y0      MMCME2_ADV (Prop_mmcme2_adv_CLKIN1_CLKOUT0)
                                                     -2.271    -1.831 r  video_pll_m0/inst/mmcm_adv_inst/CLKOUT0
                         net (fo=1, routed)           0.482    -1.349    video_pll_m0/inst/clk_out1_video_pll
    BUFGCTRL_X0Y0        BUFG (Prop_bufg_I_O)         0.026    -1.323 r  video_pll_m0/inst/clkout1_buf/O
                         net (fo=343, routed)         0.583    -0.741    rgb2dvi_m0/U0/DataEncoders[0].DataEncoder/PixelClk
    SLICE_X36Y18         FDRE                                         r  rgb2dvi_m0/U0/DataEncoders[0].DataEncoder/pDataOut_1_reg[1]/C
  -------------------------------------------------------------------    -------------------
    SLICE_X36Y18         FDRE (Prop_fdre_C_Q)         0.141    -0.600 r  rgb2dvi_m0/U0/DataEncoders[0].DataEncoder/pDataOut_1_reg[1]/Q
                         net (fo=8, routed)           0.075    -0.525    rgb2dvi_m0/U0/DataEncoders[0].DataEncoder/p_0_in
    SLICE_X37Y18         LUT5 (Prop_lut5_I0_O)        0.045    -0.480 r  rgb2dvi_m0/U0/DataEncoders[0].DataEncoder/q_m_2[1]_i_1__0/O
                         net (fo=1, routed)           0.000    -0.480    rgb2dvi_m0/U0/DataEncoders[0].DataEncoder/q_m_2[1]_i_1__0_n_0
    SLICE_X37Y18         FDRE                                         r  rgb2dvi_m0/U0/DataEncoders[0].DataEncoder/q_m_2_reg[1]/D
  -------------------------------------------------------------------    -------------------

                         (clock clk_out1_video_pll rise edge)
                                                      0.000     0.000 r  
    U18                  IBUF                         0.000     0.000 r  sys_clk_IBUF_inst/O
                         net (fo=2, routed)           0.480     0.480    video_pll_m0/inst/clk_in1
    MMCME2_ADV_X0Y0      MMCME2_ADV (Prop_mmcme2_adv_CLKIN1_CLKOUT0)
                                                     -3.050    -2.570 r  video_pll_m0/inst/mmcm_adv_inst/CLKOUT0
                         net (fo=1, routed)           0.528    -2.042    video_pll_m0/inst/clk_out1_video_pll
    BUFGCTRL_X0Y0        BUFG (Prop_bufg_I_O)         0.029    -2.013 r  video_pll_m0/inst/clkout1_buf/O
                         net (fo=343, routed)         0.850    -1.163    rgb2dvi_m0/U0/DataEncoders[0].DataEncoder/PixelClk
    SLICE_X37Y18         FDRE                                         r  rgb2dvi_m0/U0/DataEncoders[0].DataEncoder/q_m_2_reg[1]/C
                         clock pessimism              0.435    -0.728    
    SLICE_X37Y18         FDRE (Hold_fdre_C_D)         0.092    -0.636    rgb2dvi_m0/U0/DataEncoders[0].DataEncoder/q_m_2_reg[1]
  -------------------------------------------------------------------
                         required time                          0.636    
                         arrival time                          -0.480    
  -------------------------------------------------------------------
                         slack                                  0.156    

Slack (MET) :             0.163ns  (arrival time - required time)
  Source:                 wav_display_m0/region_active_reg/C
                            (rising edge-triggered cell FDRE clocked by clk_out1_video_pll  {rise@0.000ns fall@3.368ns period=6.737ns})
  Destination:            wav_display_m1/timing_gen_xy_m0/i_data_d1_reg[23]_srl3_srlopt/D
                            (rising edge-triggered cell FDRE clocked by clk_out1_video_pll  {rise@0.000ns fall@3.368ns period=6.737ns})
  Path Group:             clk_out1_video_pll
  Path Type:              Hold (Min at Fast Process Corner)
  Requirement:            0.000ns  (clk_out1_video_pll rise@0.000ns - clk_out1_video_pll rise@0.000ns)
  Data Path Delay:        0.296ns  (logic 0.186ns (62.765%)  route 0.110ns (37.235%))
  Logic Levels:           1  (LUT3=1)
  Clock Path Skew:        0.013ns (DCD - SCD - CPR)
    Destination Clock Delay (DCD):    -1.183ns
    Source Clock Delay      (SCD):    -0.763ns
    Clock Pessimism Removal (CPR):    -0.433ns

    Location             Delay type                Incr(ns)  Path(ns)    Netlist Resource(s)
  -------------------------------------------------------------------    -------------------
                         (clock clk_out1_video_pll rise edge)
                                                      0.000     0.000 r  
    U18                  IBUF                         0.000     0.000 r  sys_clk_IBUF_inst/O
                         net (fo=2, routed)           0.440     0.440    video_pll_m0/inst/clk_in1
    MMCME2_ADV_X0Y0      MMCME2_ADV (Prop_mmcme2_adv_CLKIN1_CLKOUT0)
                                                     -2.271    -1.831 r  video_pll_m0/inst/mmcm_adv_inst/CLKOUT0
                         net (fo=1, routed)           0.482    -1.349    video_pll_m0/inst/clk_out1_video_pll
    BUFGCTRL_X0Y0        BUFG (Prop_bufg_I_O)         0.026    -1.323 r  video_pll_m0/inst/clkout1_buf/O
                         net (fo=343, routed)         0.561    -0.763    wav_display_m0/i_data_d1_reg[22]_0
    SLICE_X33Y56         FDRE                                         r  wav_display_m0/region_active_reg/C
  -------------------------------------------------------------------    -------------------
    SLICE_X33Y56         FDRE (Prop_fdre_C_Q)         0.141    -0.622 r  wav_display_m0/region_active_reg/Q
                         net (fo=4, routed)           0.110    -0.511    wav_display_m0/timing_gen_xy_m0/region_active
    SLICE_X32Y56         LUT3 (Prop_lut3_I2_O)        0.045    -0.466 r  wav_display_m0/timing_gen_xy_m0/i_data_d1_reg[23]_srl3_i_1/O
                         net (fo=1, routed)           0.000    -0.466    wav_display_m1/timing_gen_xy_m0/v_data_reg[23]
    SLICE_X32Y56         FDRE                                         r  wav_display_m1/timing_gen_xy_m0/i_data_d1_reg[23]_srl3_srlopt/D
  -------------------------------------------------------------------    -------------------

                         (clock clk_out1_video_pll rise edge)
                                                      0.000     0.000 r  
    U18                  IBUF                         0.000     0.000 r  sys_clk_IBUF_inst/O
                         net (fo=2, routed)           0.480     0.480    video_pll_m0/inst/clk_in1
    MMCME2_ADV_X0Y0      MMCME2_ADV (Prop_mmcme2_adv_CLKIN1_CLKOUT0)
                                                     -3.050    -2.570 r  video_pll_m0/inst/mmcm_adv_inst/CLKOUT0
                         net (fo=1, routed)           0.528    -2.042    video_pll_m0/inst/clk_out1_video_pll
    BUFGCTRL_X0Y0        BUFG (Prop_bufg_I_O)         0.029    -2.013 r  video_pll_m0/inst/clkout1_buf/O
                         net (fo=343, routed)         0.830    -1.183    wav_display_m1/timing_gen_xy_m0/hs_d1_reg_0
    SLICE_X32Y56         FDRE                                         r  wav_display_m1/timing_gen_xy_m0/i_data_d1_reg[23]_srl3_srlopt/C
                         clock pessimism              0.433    -0.750    
    SLICE_X32Y56         FDRE (Hold_fdre_C_D)         0.120    -0.630    wav_display_m1/timing_gen_xy_m0/i_data_d1_reg[23]_srl3_srlopt
  -------------------------------------------------------------------
                         required time                          0.630    
                         arrival time                          -0.466    
  -------------------------------------------------------------------
                         slack                                  0.163    

Slack (MET) :             0.174ns  (arrival time - required time)
  Source:                 grid_display_m0/grid_x_reg[0]/C
                            (rising edge-triggered cell FDRE clocked by clk_out1_video_pll  {rise@0.000ns fall@3.368ns period=6.737ns})
  Destination:            grid_display_m0/grid_x_reg[5]/D
                            (rising edge-triggered cell FDRE clocked by clk_out1_video_pll  {rise@0.000ns fall@3.368ns period=6.737ns})
  Path Group:             clk_out1_video_pll
  Path Type:              Hold (Min at Fast Process Corner)
  Requirement:            0.000ns  (clk_out1_video_pll rise@0.000ns - clk_out1_video_pll rise@0.000ns)
  Data Path Delay:        0.278ns  (logic 0.186ns (67.005%)  route 0.092ns (32.995%))
  Logic Levels:           1  (LUT6=1)
  Clock Path Skew:        0.013ns (DCD - SCD - CPR)
    Destination Clock Delay (DCD):    -1.163ns
    Source Clock Delay      (SCD):    -0.742ns
    Clock Pessimism Removal (CPR):    -0.434ns

    Location             Delay type                Incr(ns)  Path(ns)    Netlist Resource(s)
  -------------------------------------------------------------------    -------------------
                         (clock clk_out1_video_pll rise edge)
                                                      0.000     0.000 r  
    U18                  IBUF                         0.000     0.000 r  sys_clk_IBUF_inst/O
                         net (fo=2, routed)           0.440     0.440    video_pll_m0/inst/clk_in1
    MMCME2_ADV_X0Y0      MMCME2_ADV (Prop_mmcme2_adv_CLKIN1_CLKOUT0)
                                                     -2.271    -1.831 r  video_pll_m0/inst/mmcm_adv_inst/CLKOUT0
                         net (fo=1, routed)           0.482    -1.349    video_pll_m0/inst/clk_out1_video_pll
    BUFGCTRL_X0Y0        BUFG (Prop_bufg_I_O)         0.026    -1.323 r  video_pll_m0/inst/clkout1_buf/O
                         net (fo=343, routed)         0.582    -0.742    grid_display_m0/clk_out1
    SLICE_X41Y80         FDRE                                         r  grid_display_m0/grid_x_reg[0]/C
  -------------------------------------------------------------------    -------------------
    SLICE_X41Y80         FDRE (Prop_fdre_C_Q)         0.141    -0.601 r  grid_display_m0/grid_x_reg[0]/Q
                         net (fo=8, routed)           0.092    -0.509    grid_display_m0/grid_x[0]
    SLICE_X40Y80         LUT6 (Prop_lut6_I2_O)        0.045    -0.464 r  grid_display_m0/grid_x[5]_i_1/O
                         net (fo=1, routed)           0.000    -0.464    grid_display_m0/grid_x[5]_i_1_n_0
    SLICE_X40Y80         FDRE                                         r  grid_display_m0/grid_x_reg[5]/D
  -------------------------------------------------------------------    -------------------

                         (clock clk_out1_video_pll rise edge)
                                                      0.000     0.000 r  
    U18                  IBUF                         0.000     0.000 r  sys_clk_IBUF_inst/O
                         net (fo=2, routed)           0.480     0.480    video_pll_m0/inst/clk_in1
    MMCME2_ADV_X0Y0      MMCME2_ADV (Prop_mmcme2_adv_CLKIN1_CLKOUT0)
                                                     -3.050    -2.570 r  video_pll_m0/inst/mmcm_adv_inst/CLKOUT0
                         net (fo=1, routed)           0.528    -2.042    video_pll_m0/inst/clk_out1_video_pll
    BUFGCTRL_X0Y0        BUFG (Prop_bufg_I_O)         0.029    -2.013 r  video_pll_m0/inst/clkout1_buf/O
                         net (fo=343, routed)         0.850    -1.163    grid_display_m0/clk_out1
    SLICE_X40Y80         FDRE                                         r  grid_display_m0/grid_x_reg[5]/C
                         clock pessimism              0.434    -0.729    
    SLICE_X40Y80         FDRE (Hold_fdre_C_D)         0.091    -0.638    grid_display_m0/grid_x_reg[5]
  -------------------------------------------------------------------
                         required time                          0.638    
                         arrival time                          -0.464    
  -------------------------------------------------------------------
                         slack                                  0.174    

Slack (MET) :             0.178ns  (arrival time - required time)
  Source:                 rgb2dvi_m0/U0/DataEncoders[0].DataEncoder/q_m_2_reg[1]/C
                            (rising edge-triggered cell FDRE clocked by clk_out1_video_pll  {rise@0.000ns fall@3.368ns period=6.737ns})
  Destination:            rgb2dvi_m0/U0/DataEncoders[0].DataEncoder/pDataOutRaw_reg[1]/D
                            (rising edge-triggered cell FDRE clocked by clk_out1_video_pll  {rise@0.000ns fall@3.368ns period=6.737ns})
  Path Group:             clk_out1_video_pll
  Path Type:              Hold (Min at Fast Process Corner)
  Requirement:            0.000ns  (clk_out1_video_pll rise@0.000ns - clk_out1_video_pll rise@0.000ns)
  Data Path Delay:        0.305ns  (logic 0.186ns (61.025%)  route 0.119ns (38.975%))
  Logic Levels:           1  (LUT5=1)
  Clock Path Skew:        0.036ns (DCD - SCD - CPR)
    Destination Clock Delay (DCD):    -1.161ns
    Source Clock Delay      (SCD):    -0.741ns
    Clock Pessimism Removal (CPR):    -0.456ns

    Location             Delay type                Incr(ns)  Path(ns)    Netlist Resource(s)
  -------------------------------------------------------------------    -------------------
                         (clock clk_out1_video_pll rise edge)
                                                      0.000     0.000 r  
    U18                  IBUF                         0.000     0.000 r  sys_clk_IBUF_inst/O
                         net (fo=2, routed)           0.440     0.440    video_pll_m0/inst/clk_in1
    MMCME2_ADV_X0Y0      MMCME2_ADV (Prop_mmcme2_adv_CLKIN1_CLKOUT0)
                                                     -2.271    -1.831 r  video_pll_m0/inst/mmcm_adv_inst/CLKOUT0
                         net (fo=1, routed)           0.482    -1.349    video_pll_m0/inst/clk_out1_video_pll
    BUFGCTRL_X0Y0        BUFG (Prop_bufg_I_O)         0.026    -1.323 r  video_pll_m0/inst/clkout1_buf/O
                         net (fo=343, routed)         0.583    -0.741    rgb2dvi_m0/U0/DataEncoders[0].DataEncoder/PixelClk
    SLICE_X37Y18         FDRE                                         r  rgb2dvi_m0/U0/DataEncoders[0].DataEncoder/q_m_2_reg[1]/C
  -------------------------------------------------------------------    -------------------
    SLICE_X37Y18         FDRE (Prop_fdre_C_Q)         0.141    -0.600 r  rgb2dvi_m0/U0/DataEncoders[0].DataEncoder/q_m_2_reg[1]/Q
                         net (fo=1, routed)           0.119    -0.481    rgb2dvi_m0/U0/DataEncoders[0].DataEncoder/q_m_2_reg_n_0_[1]
    SLICE_X40Y18         LUT5 (Prop_lut5_I3_O)        0.045    -0.436 r  rgb2dvi_m0/U0/DataEncoders[0].DataEncoder/pDataOutRaw[1]_i_1__1/O
                         net (fo=1, routed)           0.000    -0.436    rgb2dvi_m0/U0/DataEncoders[0].DataEncoder/pDataOutRaw[1]_i_1__1_n_0
    SLICE_X40Y18         FDRE                                         r  rgb2dvi_m0/U0/DataEncoders[0].DataEncoder/pDataOutRaw_reg[1]/D
  -------------------------------------------------------------------    -------------------

                         (clock clk_out1_video_pll rise edge)
                                                      0.000     0.000 r  
    U18                  IBUF                         0.000     0.000 r  sys_clk_IBUF_inst/O
                         net (fo=2, routed)           0.480     0.480    video_pll_m0/inst/clk_in1
    MMCME2_ADV_X0Y0      MMCME2_ADV (Prop_mmcme2_adv_CLKIN1_CLKOUT0)
                                                     -3.050    -2.570 r  video_pll_m0/inst/mmcm_adv_inst/CLKOUT0
                         net (fo=1, routed)           0.528    -2.042    video_pll_m0/inst/clk_out1_video_pll
    BUFGCTRL_X0Y0        BUFG (Prop_bufg_I_O)         0.029    -2.013 r  video_pll_m0/inst/clkout1_buf/O
                         net (fo=343, routed)         0.852    -1.161    rgb2dvi_m0/U0/DataEncoders[0].DataEncoder/PixelClk
    SLICE_X40Y18         FDRE                                         r  rgb2dvi_m0/U0/DataEncoders[0].DataEncoder/pDataOutRaw_reg[1]/C
                         clock pessimism              0.456    -0.705    
    SLICE_X40Y18         FDRE (Hold_fdre_C_D)         0.091    -0.614    rgb2dvi_m0/U0/DataEncoders[0].DataEncoder/pDataOutRaw_reg[1]
  -------------------------------------------------------------------
                         required time                          0.614    
                         arrival time                          -0.436    
  -------------------------------------------------------------------
                         slack                                  0.178    

Slack (MET) :             0.185ns  (arrival time - required time)
  Source:                 rgb2dvi_m0/U0/DataEncoders[2].DataEncoder/q_m_2_reg[6]/C
                            (rising edge-triggered cell FDRE clocked by clk_out1_video_pll  {rise@0.000ns fall@3.368ns period=6.737ns})
  Destination:            rgb2dvi_m0/U0/DataEncoders[2].DataEncoder/pDataOutRaw_reg[6]/D
                            (rising edge-triggered cell FDSE clocked by clk_out1_video_pll  {rise@0.000ns fall@3.368ns period=6.737ns})
  Path Group:             clk_out1_video_pll
  Path Type:              Hold (Min at Fast Process Corner)
  Requirement:            0.000ns  (clk_out1_video_pll rise@0.000ns - clk_out1_video_pll rise@0.000ns)
  Data Path Delay:        0.320ns  (logic 0.186ns (58.094%)  route 0.134ns (41.906%))
  Logic Levels:           1  (LUT2=1)
  Clock Path Skew:        0.014ns (DCD - SCD - CPR)
    Destination Clock Delay (DCD):    -1.167ns
    Source Clock Delay      (SCD):    -0.745ns
    Clock Pessimism Removal (CPR):    -0.436ns

    Location             Delay type                Incr(ns)  Path(ns)    Netlist Resource(s)
  -------------------------------------------------------------------    -------------------
                         (clock clk_out1_video_pll rise edge)
                                                      0.000     0.000 r  
    U18                  IBUF                         0.000     0.000 r  sys_clk_IBUF_inst/O
                         net (fo=2, routed)           0.440     0.440    video_pll_m0/inst/clk_in1
    MMCME2_ADV_X0Y0      MMCME2_ADV (Prop_mmcme2_adv_CLKIN1_CLKOUT0)
                                                     -2.271    -1.831 r  video_pll_m0/inst/mmcm_adv_inst/CLKOUT0
                         net (fo=1, routed)           0.482    -1.349    video_pll_m0/inst/clk_out1_video_pll
    BUFGCTRL_X0Y0        BUFG (Prop_bufg_I_O)         0.026    -1.323 r  video_pll_m0/inst/clkout1_buf/O
                         net (fo=343, routed)         0.579    -0.745    rgb2dvi_m0/U0/DataEncoders[2].DataEncoder/PixelClk
    SLICE_X41Y24         FDRE                                         r  rgb2dvi_m0/U0/DataEncoders[2].DataEncoder/q_m_2_reg[6]/C
  -------------------------------------------------------------------    -------------------
    SLICE_X41Y24         FDRE (Prop_fdre_C_Q)         0.141    -0.604 r  rgb2dvi_m0/U0/DataEncoders[2].DataEncoder/q_m_2_reg[6]/Q
                         net (fo=1, routed)           0.134    -0.470    rgb2dvi_m0/U0/DataEncoders[2].DataEncoder/q_m_2_reg_n_0_[6]
    SLICE_X42Y23         LUT2 (Prop_lut2_I0_O)        0.045    -0.425 r  rgb2dvi_m0/U0/DataEncoders[2].DataEncoder/pDataOutRaw[6]_i_1__1/O
                         net (fo=1, routed)           0.000    -0.425    rgb2dvi_m0/U0/DataEncoders[2].DataEncoder/pDataOutRaw[6]_i_1__1_n_0
    SLICE_X42Y23         FDSE                                         r  rgb2dvi_m0/U0/DataEncoders[2].DataEncoder/pDataOutRaw_reg[6]/D
  -------------------------------------------------------------------    -------------------

                         (clock clk_out1_video_pll rise edge)
                                                      0.000     0.000 r  
    U18                  IBUF                         0.000     0.000 r  sys_clk_IBUF_inst/O
                         net (fo=2, routed)           0.480     0.480    video_pll_m0/inst/clk_in1
    MMCME2_ADV_X0Y0      MMCME2_ADV (Prop_mmcme2_adv_CLKIN1_CLKOUT0)
                                                     -3.050    -2.570 r  video_pll_m0/inst/mmcm_adv_inst/CLKOUT0
                         net (fo=1, routed)           0.528    -2.042    video_pll_m0/inst/clk_out1_video_pll
    BUFGCTRL_X0Y0        BUFG (Prop_bufg_I_O)         0.029    -2.013 r  video_pll_m0/inst/clkout1_buf/O
                         net (fo=343, routed)         0.846    -1.167    rgb2dvi_m0/U0/DataEncoders[2].DataEncoder/PixelClk
    SLICE_X42Y23         FDSE                                         r  rgb2dvi_m0/U0/DataEncoders[2].DataEncoder/pDataOutRaw_reg[6]/C
                         clock pessimism              0.436    -0.731    
    SLICE_X42Y23         FDSE (Hold_fdse_C_D)         0.121    -0.610    rgb2dvi_m0/U0/DataEncoders[2].DataEncoder/pDataOutRaw_reg[6]
  -------------------------------------------------------------------
                         required time                          0.610    
                         arrival time                          -0.425    
  -------------------------------------------------------------------
                         slack                                  0.185    

Slack (MET) :             0.187ns  (arrival time - required time)
  Source:                 rgb2dvi_m0/U0/DataEncoders[0].DataEncoder/pC1_2_reg/C
                            (rising edge-triggered cell FDRE clocked by clk_out1_video_pll  {rise@0.000ns fall@3.368ns period=6.737ns})
  Destination:            rgb2dvi_m0/U0/DataEncoders[0].DataEncoder/pDataOutRaw_reg[8]/D
                            (rising edge-triggered cell FDSE clocked by clk_out1_video_pll  {rise@0.000ns fall@3.368ns period=6.737ns})
  Path Group:             clk_out1_video_pll
  Path Type:              Hold (Min at Fast Process Corner)
  Requirement:            0.000ns  (clk_out1_video_pll rise@0.000ns - clk_out1_video_pll rise@0.000ns)
  Data Path Delay:        0.323ns  (logic 0.186ns (57.581%)  route 0.137ns (42.419%))
  Logic Levels:           1  (LUT4=1)
  Clock Path Skew:        0.015ns (DCD - SCD - CPR)
    Destination Clock Delay (DCD):    -1.161ns
    Source Clock Delay      (SCD):    -0.740ns
    Clock Pessimism Removal (CPR):    -0.436ns

    Location             Delay type                Incr(ns)  Path(ns)    Netlist Resource(s)
  -------------------------------------------------------------------    -------------------
                         (clock clk_out1_video_pll rise edge)
                                                      0.000     0.000 r  
    U18                  IBUF                         0.000     0.000 r  sys_clk_IBUF_inst/O
                         net (fo=2, routed)           0.440     0.440    video_pll_m0/inst/clk_in1
    MMCME2_ADV_X0Y0      MMCME2_ADV (Prop_mmcme2_adv_CLKIN1_CLKOUT0)
                                                     -2.271    -1.831 r  video_pll_m0/inst/mmcm_adv_inst/CLKOUT0
                         net (fo=1, routed)           0.482    -1.349    video_pll_m0/inst/clk_out1_video_pll
    BUFGCTRL_X0Y0        BUFG (Prop_bufg_I_O)         0.026    -1.323 r  video_pll_m0/inst/clkout1_buf/O
                         net (fo=343, routed)         0.584    -0.740    rgb2dvi_m0/U0/DataEncoders[0].DataEncoder/PixelClk
    SLICE_X40Y19         FDRE                                         r  rgb2dvi_m0/U0/DataEncoders[0].DataEncoder/pC1_2_reg/C
  -------------------------------------------------------------------    -------------------
    SLICE_X40Y19         FDRE (Prop_fdre_C_Q)         0.141    -0.599 r  rgb2dvi_m0/U0/DataEncoders[0].DataEncoder/pC1_2_reg/Q
                         net (fo=11, routed)          0.137    -0.462    rgb2dvi_m0/U0/DataEncoders[0].DataEncoder/pC1_2
    SLICE_X42Y18         LUT4 (Prop_lut4_I1_O)        0.045    -0.417 r  rgb2dvi_m0/U0/DataEncoders[0].DataEncoder/pDataOutRaw[8]_i_1/O
                         net (fo=1, routed)           0.000    -0.417    rgb2dvi_m0/U0/DataEncoders[0].DataEncoder/q_out_20_in[8]
    SLICE_X42Y18         FDSE                                         r  rgb2dvi_m0/U0/DataEncoders[0].DataEncoder/pDataOutRaw_reg[8]/D
  -------------------------------------------------------------------    -------------------

                         (clock clk_out1_video_pll rise edge)
                                                      0.000     0.000 r  
    U18                  IBUF                         0.000     0.000 r  sys_clk_IBUF_inst/O
                         net (fo=2, routed)           0.480     0.480    video_pll_m0/inst/clk_in1
    MMCME2_ADV_X0Y0      MMCME2_ADV (Prop_mmcme2_adv_CLKIN1_CLKOUT0)
                                                     -3.050    -2.570 r  video_pll_m0/inst/mmcm_adv_inst/CLKOUT0
                         net (fo=1, routed)           0.528    -2.042    video_pll_m0/inst/clk_out1_video_pll
    BUFGCTRL_X0Y0        BUFG (Prop_bufg_I_O)         0.029    -2.013 r  video_pll_m0/inst/clkout1_buf/O
                         net (fo=343, routed)         0.852    -1.161    rgb2dvi_m0/U0/DataEncoders[0].DataEncoder/PixelClk
    SLICE_X42Y18         FDSE                                         r  rgb2dvi_m0/U0/DataEncoders[0].DataEncoder/pDataOutRaw_reg[8]/C
                         clock pessimism              0.436    -0.725    
    SLICE_X42Y18         FDSE (Hold_fdse_C_D)         0.121    -0.604    rgb2dvi_m0/U0/DataEncoders[0].DataEncoder/pDataOutRaw_reg[8]
  -------------------------------------------------------------------
                         required time                          0.604    
                         arrival time                          -0.417    
  -------------------------------------------------------------------
                         slack                                  0.187    

Slack (MET) :             0.189ns  (arrival time - required time)
  Source:                 rgb2dvi_m0/U0/DataEncoders[0].DataEncoder/pC1_2_reg/C
                            (rising edge-triggered cell FDRE clocked by clk_out1_video_pll  {rise@0.000ns fall@3.368ns period=6.737ns})
  Destination:            rgb2dvi_m0/U0/DataEncoders[0].DataEncoder/pDataOutRaw_reg[0]/D
                            (rising edge-triggered cell FDRE clocked by clk_out1_video_pll  {rise@0.000ns fall@3.368ns period=6.737ns})
  Path Group:             clk_out1_video_pll
  Path Type:              Hold (Min at Fast Process Corner)
  Requirement:            0.000ns  (clk_out1_video_pll rise@0.000ns - clk_out1_video_pll rise@0.000ns)
  Data Path Delay:        0.325ns  (logic 0.186ns (57.227%)  route 0.139ns (42.773%))
  Logic Levels:           1  (LUT5=1)
  Clock Path Skew:        0.015ns (DCD - SCD - CPR)
    Destination Clock Delay (DCD):    -1.161ns
    Source Clock Delay      (SCD):    -0.740ns
    Clock Pessimism Removal (CPR):    -0.436ns

    Location             Delay type                Incr(ns)  Path(ns)    Netlist Resource(s)
  -------------------------------------------------------------------    -------------------
                         (clock clk_out1_video_pll rise edge)
                                                      0.000     0.000 r  
    U18                  IBUF                         0.000     0.000 r  sys_clk_IBUF_inst/O
                         net (fo=2, routed)           0.440     0.440    video_pll_m0/inst/clk_in1
    MMCME2_ADV_X0Y0      MMCME2_ADV (Prop_mmcme2_adv_CLKIN1_CLKOUT0)
                                                     -2.271    -1.831 r  video_pll_m0/inst/mmcm_adv_inst/CLKOUT0
                         net (fo=1, routed)           0.482    -1.349    video_pll_m0/inst/clk_out1_video_pll
    BUFGCTRL_X0Y0        BUFG (Prop_bufg_I_O)         0.026    -1.323 r  video_pll_m0/inst/clkout1_buf/O
                         net (fo=343, routed)         0.584    -0.740    rgb2dvi_m0/U0/DataEncoders[0].DataEncoder/PixelClk
    SLICE_X40Y19         FDRE                                         r  rgb2dvi_m0/U0/DataEncoders[0].DataEncoder/pC1_2_reg/C
  -------------------------------------------------------------------    -------------------
    SLICE_X40Y19         FDRE (Prop_fdre_C_Q)         0.141    -0.599 f  rgb2dvi_m0/U0/DataEncoders[0].DataEncoder/pC1_2_reg/Q
                         net (fo=11, routed)          0.139    -0.460    rgb2dvi_m0/U0/DataEncoders[0].DataEncoder/pC1_2
    SLICE_X42Y18         LUT5 (Prop_lut5_I1_O)        0.045    -0.415 r  rgb2dvi_m0/U0/DataEncoders[0].DataEncoder/pDataOutRaw[0]_i_1__1/O
                         net (fo=1, routed)           0.000    -0.415    rgb2dvi_m0/U0/DataEncoders[0].DataEncoder/pDataOutRaw[0]_i_1__1_n_0
    SLICE_X42Y18         FDRE                                         r  rgb2dvi_m0/U0/DataEncoders[0].DataEncoder/pDataOutRaw_reg[0]/D
  -------------------------------------------------------------------    -------------------

                         (clock clk_out1_video_pll rise edge)
                                                      0.000     0.000 r  
    U18                  IBUF                         0.000     0.000 r  sys_clk_IBUF_inst/O
                         net (fo=2, routed)           0.480     0.480    video_pll_m0/inst/clk_in1
    MMCME2_ADV_X0Y0      MMCME2_ADV (Prop_mmcme2_adv_CLKIN1_CLKOUT0)
                                                     -3.050    -2.570 r  video_pll_m0/inst/mmcm_adv_inst/CLKOUT0
                         net (fo=1, routed)           0.528    -2.042    video_pll_m0/inst/clk_out1_video_pll
    BUFGCTRL_X0Y0        BUFG (Prop_bufg_I_O)         0.029    -2.013 r  video_pll_m0/inst/clkout1_buf/O
                         net (fo=343, routed)         0.852    -1.161    rgb2dvi_m0/U0/DataEncoders[0].DataEncoder/PixelClk
    SLICE_X42Y18         FDRE                                         r  rgb2dvi_m0/U0/DataEncoders[0].DataEncoder/pDataOutRaw_reg[0]/C
                         clock pessimism              0.436    -0.725    
    SLICE_X42Y18         FDRE (Hold_fdre_C_D)         0.121    -0.604    rgb2dvi_m0/U0/DataEncoders[0].DataEncoder/pDataOutRaw_reg[0]
  -------------------------------------------------------------------
                         required time                          0.604    
                         arrival time                          -0.415    
  -------------------------------------------------------------------
                         slack                                  0.189    





Pulse Width Checks
--------------------------------------------------------------------------------------
Clock Name:         clk_out1_video_pll
Waveform(ns):       { 0.000 3.368 }
Period(ns):         6.737
Sources:            { video_pll_m0/inst/mmcm_adv_inst/CLKOUT0 }

Check Type        Corner  Lib Pin             Reference Pin  Required(ns)  Actual(ns)  Slack(ns)  Location         Pin
Min Period        n/a     RAMB18E1/CLKBWRCLK  n/a            2.576         6.737       4.161      RAMB18_X2Y21     wav_display_m0/buffer/U0/inst_blk_mem_gen/gnbram.gnativebmg.native_blk_mem_gen/valid.cstr/ramloop[0].ram.r/prim_noinit.ram/DEVICE_7SERIES.NO_BMM_INFO.SDP.SIMPLE_PRIM18.ram/CLKBWRCLK
Min Period        n/a     RAMB18E1/CLKBWRCLK  n/a            2.576         6.737       4.161      RAMB18_X2Y24     wav_display_m1/buffer/U0/inst_blk_mem_gen/gnbram.gnativebmg.native_blk_mem_gen/valid.cstr/ramloop[0].ram.r/prim_noinit.ram/DEVICE_7SERIES.NO_BMM_INFO.SDP.SIMPLE_PRIM18.ram/CLKBWRCLK
Min Period        n/a     BUFG/I              n/a            2.155         6.737       4.582      BUFGCTRL_X0Y0    video_pll_m0/inst/clkout1_buf/I
Min Period        n/a     OSERDESE2/CLKDIV    n/a            1.667         6.737       5.070      OLOGIC_X0Y24     rgb2dvi_m0/U0/ClockSerializer/SerializerMaster/CLKDIV
Min Period        n/a     OSERDESE2/CLKDIV    n/a            1.667         6.737       5.070      OLOGIC_X0Y23     rgb2dvi_m0/U0/ClockSerializer/SerializerSlave/CLKDIV
Min Period        n/a     OSERDESE2/CLKDIV    n/a            1.667         6.737       5.070      OLOGIC_X0Y18     rgb2dvi_m0/U0/DataEncoders[0].DataSerializer/SerializerMaster/CLKDIV
Min Period        n/a     OSERDESE2/CLKDIV    n/a            1.667         6.737       5.070      OLOGIC_X0Y17     rgb2dvi_m0/U0/DataEncoders[0].DataSerializer/SerializerSlave/CLKDIV
Min Period        n/a     OSERDESE2/CLKDIV    n/a            1.667         6.737       5.070      OLOGIC_X0Y20     rgb2dvi_m0/U0/DataEncoders[1].DataSerializer/SerializerMaster/CLKDIV
Min Period        n/a     OSERDESE2/CLKDIV    n/a            1.667         6.737       5.070      OLOGIC_X0Y19     rgb2dvi_m0/U0/DataEncoders[1].DataSerializer/SerializerSlave/CLKDIV
Min Period        n/a     OSERDESE2/CLKDIV    n/a            1.667         6.737       5.070      OLOGIC_X0Y22     rgb2dvi_m0/U0/DataEncoders[2].DataSerializer/SerializerMaster/CLKDIV
Max Period        n/a     MMCME2_ADV/CLKOUT0  n/a            213.360       6.737       206.623    MMCME2_ADV_X0Y0  video_pll_m0/inst/mmcm_adv_inst/CLKOUT0
Low Pulse Width   Fast    SRL16E/CLK          n/a            0.980         3.368       2.388      SLICE_X34Y56     wav_display_m0/timing_gen_xy_m0/i_data_d1_reg[14]_srl3/CLK
Low Pulse Width   Fast    SRL16E/CLK          n/a            0.980         3.368       2.388      SLICE_X34Y56     wav_display_m0/timing_gen_xy_m0/i_data_d1_reg[15]_srl3/CLK
Low Pulse Width   Fast    SRL16E/CLK          n/a            0.980         3.368       2.388      SLICE_X34Y56     wav_display_m0/timing_gen_xy_m0/i_data_d1_reg[4]_srl3/CLK
Low Pulse Width   Fast    SRL16E/CLK          n/a            0.980         3.368       2.388      SLICE_X34Y56     wav_display_m0/timing_gen_xy_m0/i_data_d1_reg[7]_srl3/CLK
Low Pulse Width   Slow    SRL16E/CLK          n/a            0.980         3.368       2.388      SLICE_X38Y42     wav_display_m1/timing_gen_xy_m0/hs_d0_reg_srl5/CLK
Low Pulse Width   Slow    SRL16E/CLK          n/a            0.980         3.368       2.388      SLICE_X30Y57     wav_display_m0/timing_gen_xy_m0/i_data_d0_reg[22]_srl2/CLK
Low Pulse Width   Fast    SRL16E/CLK          n/a            0.980         3.368       2.388      SLICE_X30Y57     wav_display_m0/timing_gen_xy_m0/i_data_d0_reg[22]_srl2/CLK
Low Pulse Width   Slow    SRL16E/CLK          n/a            0.980         3.368       2.388      SLICE_X30Y57     wav_display_m0/timing_gen_xy_m0/i_data_d0_reg[23]_srl2/CLK
Low Pulse Width   Fast    SRL16E/CLK          n/a            0.980         3.368       2.388      SLICE_X30Y57     wav_display_m0/timing_gen_xy_m0/i_data_d0_reg[23]_srl2/CLK
Low Pulse Width   Slow    SRL16E/CLK          n/a            0.980         3.368       2.388      SLICE_X34Y56     wav_display_m0/timing_gen_xy_m0/i_data_d1_reg[14]_srl3/CLK
High Pulse Width  Slow    SRL16E/CLK          n/a            0.980         3.368       2.388      SLICE_X30Y57     wav_display_m0/timing_gen_xy_m0/i_data_d0_reg[22]_srl2/CLK
High Pulse Width  Fast    SRL16E/CLK          n/a            0.980         3.368       2.388      SLICE_X30Y57     wav_display_m0/timing_gen_xy_m0/i_data_d0_reg[22]_srl2/CLK
High Pulse Width  Slow    SRL16E/CLK          n/a            0.980         3.368       2.388      SLICE_X30Y57     wav_display_m0/timing_gen_xy_m0/i_data_d0_reg[23]_srl2/CLK
High Pulse Width  Fast    SRL16E/CLK          n/a            0.980         3.368       2.388      SLICE_X30Y57     wav_display_m0/timing_gen_xy_m0/i_data_d0_reg[23]_srl2/CLK
High Pulse Width  Slow    SRL16E/CLK          n/a            0.980         3.368       2.388      SLICE_X34Y56     wav_display_m0/timing_gen_xy_m0/i_data_d1_reg[14]_srl3/CLK
High Pulse Width  Slow    SRL16E/CLK          n/a            0.980         3.368       2.388      SLICE_X34Y56     wav_display_m0/timing_gen_xy_m0/i_data_d1_reg[15]_srl3/CLK
High Pulse Width  Slow    SRL16E/CLK          n/a            0.980         3.368       2.388      SLICE_X34Y56     wav_display_m0/timing_gen_xy_m0/i_data_d1_reg[4]_srl3/CLK
High Pulse Width  Slow    SRL16E/CLK          n/a            0.980         3.368       2.388      SLICE_X34Y56     wav_display_m0/timing_gen_xy_m0/i_data_d1_reg[7]_srl3/CLK
High Pulse Width  Slow    SRL16E/CLK          n/a            0.980         3.368       2.388      SLICE_X38Y42     wav_display_m1/timing_gen_xy_m0/hs_d0_reg_srl5/CLK
High Pulse Width  Fast    SRL16E/CLK          n/a            0.980         3.368       2.388      SLICE_X38Y42     wav_display_m1/timing_gen_xy_m0/hs_d0_reg_srl5/CLK



---------------------------------------------------------------------------------------------------
From Clock:  rgb2dvi_m0/U0/SerialClk
  To Clock:  rgb2dvi_m0/U0/SerialClk

Setup :           NA  Failing Endpoints,  Worst Slack           NA  ,  Total Violation           NA
Hold  :           NA  Failing Endpoints,  Worst Slack           NA  ,  Total Violation           NA
PW    :            8  Failing Endpoints,  Worst Slack       -0.320ns,  Total Violation       -2.557ns
---------------------------------------------------------------------------------------------------


Pulse Width Checks
--------------------------------------------------------------------------------------
Clock Name:         rgb2dvi_m0/U0/SerialClk
Waveform(ns):       { 0.000 0.674 }
Period(ns):         1.347
Sources:            { rgb2dvi_m0/U0/SerialClk }

Check Type  Corner  Lib Pin        Reference Pin  Required(ns)  Actual(ns)  Slack(ns)  Location      Pin
Min Period  n/a     OSERDESE2/CLK  n/a            1.667         1.347       -0.320     OLOGIC_X0Y24  rgb2dvi_m0/U0/ClockSerializer/SerializerMaster/CLK
Min Period  n/a     OSERDESE2/CLK  n/a            1.667         1.347       -0.320     OLOGIC_X0Y23  rgb2dvi_m0/U0/ClockSerializer/SerializerSlave/CLK
Min Period  n/a     OSERDESE2/CLK  n/a            1.667         1.347       -0.320     OLOGIC_X0Y18  rgb2dvi_m0/U0/DataEncoders[0].DataSerializer/SerializerMaster/CLK
Min Period  n/a     OSERDESE2/CLK  n/a            1.667         1.347       -0.320     OLOGIC_X0Y17  rgb2dvi_m0/U0/DataEncoders[0].DataSerializer/SerializerSlave/CLK
Min Period  n/a     OSERDESE2/CLK  n/a            1.667         1.347       -0.320     OLOGIC_X0Y20  rgb2dvi_m0/U0/DataEncoders[1].DataSerializer/SerializerMaster/CLK
Min Period  n/a     OSERDESE2/CLK  n/a            1.667         1.347       -0.320     OLOGIC_X0Y19  rgb2dvi_m0/U0/DataEncoders[1].DataSerializer/SerializerSlave/CLK
Min Period  n/a     OSERDESE2/CLK  n/a            1.667         1.347       -0.320     OLOGIC_X0Y22  rgb2dvi_m0/U0/DataEncoders[2].DataSerializer/SerializerMaster/CLK
Min Period  n/a     OSERDESE2/CLK  n/a            1.667         1.347       -0.320     OLOGIC_X0Y21  rgb2dvi_m0/U0/DataEncoders[2].DataSerializer/SerializerSlave/CLK



---------------------------------------------------------------------------------------------------
From Clock:  clk_out2_video_pll
  To Clock:  clk_out2_video_pll

Setup :           NA  Failing Endpoints,  Worst Slack           NA  ,  Total Violation           NA
Hold  :           NA  Failing Endpoints,  Worst Slack           NA  ,  Total Violation           NA
PW    :            1  Failing Endpoint ,  Worst Slack       -0.808ns,  Total Violation       -0.808ns
---------------------------------------------------------------------------------------------------


Pulse Width Checks
--------------------------------------------------------------------------------------
Clock Name:         clk_out2_video_pll
Waveform(ns):       { 0.000 0.674 }
Period(ns):         1.347
Sources:            { video_pll_m0/inst/mmcm_adv_inst/CLKOUT1 }

Check Type  Corner  Lib Pin             Reference Pin  Required(ns)  Actual(ns)  Slack(ns)  Location         Pin
Min Period  n/a     BUFG/I              n/a            2.155         1.347       -0.808     BUFGCTRL_X0Y1    video_pll_m0/inst/clkout2_buf/I
Min Period  n/a     MMCME2_ADV/CLKOUT1  n/a            1.249         1.347       0.098      MMCME2_ADV_X0Y0  video_pll_m0/inst/mmcm_adv_inst/CLKOUT1
Max Period  n/a     MMCME2_ADV/CLKOUT1  n/a            213.360       1.347       212.013    MMCME2_ADV_X0Y0  video_pll_m0/inst/mmcm_adv_inst/CLKOUT1



---------------------------------------------------------------------------------------------------
From Clock:  clkfbout_video_pll
  To Clock:  clkfbout_video_pll

Setup :           NA  Failing Endpoints,  Worst Slack           NA  ,  Total Violation           NA
Hold  :           NA  Failing Endpoints,  Worst Slack           NA  ,  Total Violation           NA
PW    :            0  Failing Endpoints,  Worst Slack       20.000ns,  Total Violation        0.000ns
---------------------------------------------------------------------------------------------------


Pulse Width Checks
--------------------------------------------------------------------------------------
Clock Name:         clkfbout_video_pll
Waveform(ns):       { 0.000 40.000 }
Period(ns):         80.000
Sources:            { video_pll_m0/inst/mmcm_adv_inst/CLKFBOUT }

Check Type  Corner  Lib Pin              Reference Pin  Required(ns)  Actual(ns)  Slack(ns)  Location         Pin
Min Period  n/a     BUFG/I               n/a            2.155         80.000      77.845     BUFGCTRL_X0Y2    video_pll_m0/inst/clkf_buf/I
Min Period  n/a     MMCME2_ADV/CLKFBOUT  n/a            1.249         80.000      78.751     MMCME2_ADV_X0Y0  video_pll_m0/inst/mmcm_adv_inst/CLKFBOUT
Min Period  n/a     MMCME2_ADV/CLKFBIN   n/a            1.249         80.000      78.751     MMCME2_ADV_X0Y0  video_pll_m0/inst/mmcm_adv_inst/CLKFBIN
Max Period  n/a     MMCME2_ADV/CLKFBIN   n/a            100.000       80.000      20.000     MMCME2_ADV_X0Y0  video_pll_m0/inst/mmcm_adv_inst/CLKFBIN
Max Period  n/a     MMCME2_ADV/CLKFBOUT  n/a            213.360       80.000      133.360    MMCME2_ADV_X0Y0  video_pll_m0/inst/mmcm_adv_inst/CLKFBOUT



