#-----------------------------------------------------------
# Vivado v2020.1 (64-bit)
# SW Build 2902540 on Wed May 27 19:54:49 MDT 2020
# IP Build 2902112 on Wed May 27 22:43:36 MDT 2020
# Start of session at: Sat Nov 23 09:52:37 2024
# Process ID: 24220
# Current directory: E:/AX7010_2023.1-course_s1_fpga-18_ad9238_hdmi/vivado_ad9238
# Command line: vivado.exe -gui_launcher_event rodinguilauncherevent16848 E:\AX7010_2023.1-course_s1_fpga-18_ad9238_hdmi\vivado_ad9238\vivado_ad9238.xpr
# Log file: E:/AX7010_2023.1-course_s1_fpga-18_ad9238_hdmi/vivado_ad9238/vivado.log
# Journal file: E:/AX7010_2023.1-course_s1_fpga-18_ad9238_hdmi/vivado_ad9238\vivado.jou
#-----------------------------------------------------------
start_gui
open_project E:/AX7010_2023.1-course_s1_fpga-18_ad9238_hdmi/vivado_ad9238/vivado_ad9238.xpr
Scanning sources...
Finished scanning sources
INFO: [IP_Flow 19-234] Refreshing IP repositories
INFO: [IP_Flow 19-1700] Loaded user IP repository 'e:/AX7010_2023.1-course_s1_fpga-18_ad9238_hdmi/auto_create_project/my_ip'.
INFO: [IP_Flow 19-2313] Loaded Vivado IP repository 'D:/Vivado/Vivado/2020.1/data/ip'.
update_compile_order -fileset sources_1
reset_run synth_1
WARNING: [Vivado 12-1017] Problems encountered:
1. Failed to delete one or more files in run directory E:/AX7010_2023.1-course_s1_fpga-18_ad9238_hdmi/vivado_ad9238/vivado_ad9238.runs/synth_1

launch_runs impl_1 -jobs 16
[Sat Nov 23 09:53:33 2024] Launched synth_1...
Run output will be captured here: E:/AX7010_2023.1-course_s1_fpga-18_ad9238_hdmi/vivado_ad9238/vivado_ad9238.runs/synth_1/runme.log
[Sat Nov 23 09:53:34 2024] Launched impl_1...
Run output will be captured here: E:/AX7010_2023.1-course_s1_fpga-18_ad9238_hdmi/vivado_ad9238/vivado_ad9238.runs/impl_1/runme.log
launch_runs impl_1 -to_step write_bitstream -jobs 16
[Sat Nov 23 09:54:53 2024] Launched impl_1...
Run output will be captured here: E:/AX7010_2023.1-course_s1_fpga-18_ad9238_hdmi/vivado_ad9238/vivado_ad9238.runs/impl_1/runme.log
open_hw_manager
connect_hw_server -allow_non_jtag
INFO: [Labtools 27-2285] Connecting to hw_server url TCP:localhost:3121
INFO: [Labtools 27-2222] Launching hw_server...
INFO: [Labtools 27-2221] Launch Output:

****** Xilinx hw_server v2020.1
  **** Build date : May 27 2020 at 20:24:38
    ** Copyright 1986-2020 Xilinx, Inc. All Rights Reserved.


INFO: [Labtools 27-3415] Connecting to cs_server url TCP:localhost:3042
INFO: [Labtools 27-3417] Launching cs_server...
INFO: [Labtools 27-2221] Launch Output:


****** Xilinx cs_server v2020.1.0
  **** Build date : May 14 2020-09:10:29
    ** Copyright 2017-2020 Xilinx, Inc. All Rights Reserved.



connect_hw_server: Time (s): cpu = 00:00:01 ; elapsed = 00:00:08 . Memory (MB): peak = 1025.504 ; gain = 0.000
open_hw_target
INFO: [Labtoolstcl 44-466] Opening hw_target localhost:3121/xilinx_tcf/Digilent/210512180081
open_hw_target: Time (s): cpu = 00:00:03 ; elapsed = 00:00:05 . Memory (MB): peak = 2266.242 ; gain = 1240.738
set_property PROGRAM.FILE {E:/AX7010_2023.1-course_s1_fpga-18_ad9238_hdmi/vivado_ad9238/vivado_ad9238.runs/impl_1/top.bit} [get_hw_devices xc7z010_1]
current_hw_device [get_hw_devices xc7z010_1]
refresh_hw_device -update_hw_probes false [lindex [get_hw_devices xc7z010_1] 0]
INFO: [Labtools 27-2302] Device xc7z010 (JTAG device index = 1) is programmed with a design that has 1 ILA core(s).
set_property PROBES.FILE {} [get_hw_devices xc7z010_1]
set_property FULL_PROBES.FILE {} [get_hw_devices xc7z010_1]
set_property PROGRAM.FILE {E:/AX7010_2023.1-course_s1_fpga-18_ad9238_hdmi/vivado_ad9238/vivado_ad9238.runs/impl_1/top.bit} [get_hw_devices xc7z010_1]
program_hw_devices [get_hw_devices xc7z010_1]
INFO: [Labtools 27-3164] End of startup status: HIGH
refresh_hw_device [lindex [get_hw_devices xc7z010_1] 0]
INFO: [Labtools 27-1434] Device xc7z010 (JTAG device index = 1) is programmed with a design that has no supported debug core(s) in it.
open_run synth_1 -name synth_1
Design is defaulting to impl run constrset: constrs_1
Design is defaulting to synth run part: xc7z010clg400-1
INFO: [Device 21-403] Loading part xc7z010clg400-1
INFO: [Project 1-454] Reading design checkpoint 'e:/AX7010_2023.1-course_s1_fpga-18_ad9238_hdmi/vivado_ad9238/vivado_ad9238.srcs/sources_1/ip/adc_pll/adc_pll.dcp' for cell 'adc_pll_m0'
INFO: [Project 1-454] Reading design checkpoint 'e:/AX7010_2023.1-course_s1_fpga-18_ad9238_hdmi/vivado_ad9238/vivado_ad9238.srcs/sources_1/ip/rgb2dvi_0/rgb2dvi_0.dcp' for cell 'rgb2dvi_m0'
INFO: [Project 1-454] Reading design checkpoint 'e:/AX7010_2023.1-course_s1_fpga-18_ad9238_hdmi/vivado_ad9238/vivado_ad9238.srcs/sources_1/ip/video_pll/video_pll.dcp' for cell 'video_pll_m0'
INFO: [Project 1-454] Reading design checkpoint 'e:/AX7010_2023.1-course_s1_fpga-18_ad9238_hdmi/vivado_ad9238/vivado_ad9238.srcs/sources_1/ip/dpram2048x8/dpram2048x8.dcp' for cell 'wav_display_m0/buffer'
Netlist sorting complete. Time (s): cpu = 00:00:00 ; elapsed = 00:00:00.009 . Memory (MB): peak = 2592.715 ; gain = 0.000
INFO: [Netlist 29-17] Analyzing 57 Unisim elements for replacement
INFO: [Netlist 29-28] Unisim Transformation completed in 0 CPU seconds
INFO: [Project 1-479] Netlist was created with Vivado 2020.1
INFO: [Project 1-570] Preparing netlist for logic optimization
INFO: [Opt 31-140] Inserted 1 IBUFs to IO ports without IO buffers.
WARNING: [Opt 31-35] Removing redundant IBUF, video_pll_m0/inst/clkin1_ibufg, from the path connected to top-level port: sys_clk 
Resolution: The tool has removed redundant IBUF. To resolve this warning, check for redundant IBUF in the input design.
WARNING: [Constraints 18-550] Could not create 'IBUF_LOW_PWR' constraint because net 'video_pll_m0/clk_in1' is not directly connected to top level port. Synthesis is ignored for IBUF_LOW_PWR but preserved for implementation.
Parsing XDC File [e:/AX7010_2023.1-course_s1_fpga-18_ad9238_hdmi/vivado_ad9238/vivado_ad9238.srcs/sources_1/ip/rgb2dvi_0/src/rgb2dvi.xdc] for cell 'rgb2dvi_m0/U0'
Finished Parsing XDC File [e:/AX7010_2023.1-course_s1_fpga-18_ad9238_hdmi/vivado_ad9238/vivado_ad9238.srcs/sources_1/ip/rgb2dvi_0/src/rgb2dvi.xdc] for cell 'rgb2dvi_m0/U0'
Parsing XDC File [e:/AX7010_2023.1-course_s1_fpga-18_ad9238_hdmi/vivado_ad9238/vivado_ad9238.srcs/sources_1/ip/adc_pll/adc_pll_board.xdc] for cell 'adc_pll_m0/inst'
Finished Parsing XDC File [e:/AX7010_2023.1-course_s1_fpga-18_ad9238_hdmi/vivado_ad9238/vivado_ad9238.srcs/sources_1/ip/adc_pll/adc_pll_board.xdc] for cell 'adc_pll_m0/inst'
Parsing XDC File [e:/AX7010_2023.1-course_s1_fpga-18_ad9238_hdmi/vivado_ad9238/vivado_ad9238.srcs/sources_1/ip/adc_pll/adc_pll.xdc] for cell 'adc_pll_m0/inst'
Finished Parsing XDC File [e:/AX7010_2023.1-course_s1_fpga-18_ad9238_hdmi/vivado_ad9238/vivado_ad9238.srcs/sources_1/ip/adc_pll/adc_pll.xdc] for cell 'adc_pll_m0/inst'
Parsing XDC File [e:/AX7010_2023.1-course_s1_fpga-18_ad9238_hdmi/vivado_ad9238/vivado_ad9238.srcs/sources_1/ip/video_pll/video_pll_board.xdc] for cell 'video_pll_m0/inst'
Finished Parsing XDC File [e:/AX7010_2023.1-course_s1_fpga-18_ad9238_hdmi/vivado_ad9238/vivado_ad9238.srcs/sources_1/ip/video_pll/video_pll_board.xdc] for cell 'video_pll_m0/inst'
Parsing XDC File [e:/AX7010_2023.1-course_s1_fpga-18_ad9238_hdmi/vivado_ad9238/vivado_ad9238.srcs/sources_1/ip/video_pll/video_pll.xdc] for cell 'video_pll_m0/inst'
INFO: [Timing 38-35] Done setting XDC timing constraints. [e:/AX7010_2023.1-course_s1_fpga-18_ad9238_hdmi/vivado_ad9238/vivado_ad9238.srcs/sources_1/ip/video_pll/video_pll.xdc:57]
INFO: [Timing 38-2] Deriving generated clocks [e:/AX7010_2023.1-course_s1_fpga-18_ad9238_hdmi/vivado_ad9238/vivado_ad9238.srcs/sources_1/ip/video_pll/video_pll.xdc:57]
get_clocks: Time (s): cpu = 00:00:06 ; elapsed = 00:00:06 . Memory (MB): peak = 3272.070 ; gain = 566.316
Finished Parsing XDC File [e:/AX7010_2023.1-course_s1_fpga-18_ad9238_hdmi/vivado_ad9238/vivado_ad9238.srcs/sources_1/ip/video_pll/video_pll.xdc] for cell 'video_pll_m0/inst'
Parsing XDC File [E:/AX7010_2023.1-course_s1_fpga-18_ad9238_hdmi/vivado_ad9238/vivado_ad9238.srcs/constrs_1/new/ad9238_hdmi.xdc]
Finished Parsing XDC File [E:/AX7010_2023.1-course_s1_fpga-18_ad9238_hdmi/vivado_ad9238/vivado_ad9238.srcs/constrs_1/new/ad9238_hdmi.xdc]
Parsing XDC File [e:/AX7010_2023.1-course_s1_fpga-18_ad9238_hdmi/vivado_ad9238/vivado_ad9238.srcs/sources_1/ip/rgb2dvi_0/src/rgb2dvi_clocks.xdc] for cell 'rgb2dvi_m0/U0'
Finished Parsing XDC File [e:/AX7010_2023.1-course_s1_fpga-18_ad9238_hdmi/vivado_ad9238/vivado_ad9238.srcs/sources_1/ip/rgb2dvi_0/src/rgb2dvi_clocks.xdc] for cell 'rgb2dvi_m0/U0'
Parsing XDC File [e:/AX7010_2023.1-course_s1_fpga-18_ad9238_hdmi/vivado_ad9238/vivado_ad9238.srcs/sources_1/ip/adc_pll/adc_pll_late.xdc] for cell 'adc_pll_m0/inst'
Finished Parsing XDC File [e:/AX7010_2023.1-course_s1_fpga-18_ad9238_hdmi/vivado_ad9238/vivado_ad9238.srcs/sources_1/ip/adc_pll/adc_pll_late.xdc] for cell 'adc_pll_m0/inst'
INFO: [Opt 31-138] Pushed 0 inverter(s) to 0 load pin(s).
Netlist sorting complete. Time (s): cpu = 00:00:00 ; elapsed = 00:00:00.001 . Memory (MB): peak = 3272.070 ; gain = 0.000
INFO: [Project 1-111] Unisim Transformation Summary:
No Unisim elements were transformed.

open_run: Time (s): cpu = 00:00:13 ; elapsed = 00:00:15 . Memory (MB): peak = 3336.297 ; gain = 1004.301
WARNING: [IP_Flow 19-4067] Ignoring invalid widget type specified checkbox.Providing a default widget
WARNING: [IP_Flow 19-4067] Ignoring invalid widget type specified checkbox.Providing a default widget
WARNING: [IP_Flow 19-4067] Ignoring invalid widget type specified checkbox.Providing a default widget
create_ip -name ila -vendor xilinx.com -library ip -version 6.2 -module_name ila_0 -dir e:/AX7010_2023.1-course_s1_fpga-18_ad9238_hdmi/vivado_ad9238/vivado_ad9238.srcs/sources_1/ip
set_property -dict [list CONFIG.C_PROBE0_WIDTH {12}] [get_ips ila_0]
generate_target {instantiation_template} [get_files e:/AX7010_2023.1-course_s1_fpga-18_ad9238_hdmi/vivado_ad9238/vivado_ad9238.srcs/sources_1/ip/ila_0/ila_0.xci]
INFO: [IP_Flow 19-1686] Generating 'Instantiation Template' target for IP 'ila_0'...
generate_target all [get_files  e:/AX7010_2023.1-course_s1_fpga-18_ad9238_hdmi/vivado_ad9238/vivado_ad9238.srcs/sources_1/ip/ila_0/ila_0.xci]
INFO: [IP_Flow 19-1686] Generating 'Synthesis' target for IP 'ila_0'...
WARNING: [IP_Flow 19-4994] Overwriting existing constraint file 'e:/AX7010_2023.1-course_s1_fpga-18_ad9238_hdmi/vivado_ad9238/vivado_ad9238.srcs/sources_1/ip/ila_0/ila_0_ooc.xdc'
INFO: [IP_Flow 19-1686] Generating 'Simulation' target for IP 'ila_0'...
INFO: [IP_Flow 19-1686] Generating 'Implementation' target for IP 'ila_0'...
INFO: [IP_Flow 19-1686] Generating 'Change Log' target for IP 'ila_0'...
catch { config_ip_cache -export [get_ips -all ila_0] }
export_ip_user_files -of_objects [get_files e:/AX7010_2023.1-course_s1_fpga-18_ad9238_hdmi/vivado_ad9238/vivado_ad9238.srcs/sources_1/ip/ila_0/ila_0.xci] -no_script -sync -force -quiet
create_ip_run [get_files -of_objects [get_fileset sources_1] e:/AX7010_2023.1-course_s1_fpga-18_ad9238_hdmi/vivado_ad9238/vivado_ad9238.srcs/sources_1/ip/ila_0/ila_0.xci]
launch_runs ila_0_synth_1 -jobs 16
[Sat Nov 23 10:00:32 2024] Launched ila_0_synth_1...
Run output will be captured here: E:/AX7010_2023.1-course_s1_fpga-18_ad9238_hdmi/vivado_ad9238/vivado_ad9238.runs/ila_0_synth_1/runme.log
export_simulation -of_objects [get_files e:/AX7010_2023.1-course_s1_fpga-18_ad9238_hdmi/vivado_ad9238/vivado_ad9238.srcs/sources_1/ip/ila_0/ila_0.xci] -directory E:/AX7010_2023.1-course_s1_fpga-18_ad9238_hdmi/vivado_ad9238/vivado_ad9238.ip_user_files/sim_scripts -ip_user_files_dir E:/AX7010_2023.1-course_s1_fpga-18_ad9238_hdmi/vivado_ad9238/vivado_ad9238.ip_user_files -ipstatic_source_dir E:/AX7010_2023.1-course_s1_fpga-18_ad9238_hdmi/vivado_ad9238/vivado_ad9238.ip_user_files/ipstatic -lib_map_path [list {modelsim=E:/AX7010_2023.1-course_s1_fpga-18_ad9238_hdmi/vivado_ad9238/vivado_ad9238.cache/compile_simlib/modelsim} {questa=E:/AX7010_2023.1-course_s1_fpga-18_ad9238_hdmi/vivado_ad9238/vivado_ad9238.cache/compile_simlib/questa} {riviera=E:/AX7010_2023.1-course_s1_fpga-18_ad9238_hdmi/vivado_ad9238/vivado_ad9238.cache/compile_simlib/riviera} {activehdl=E:/AX7010_2023.1-course_s1_fpga-18_ad9238_hdmi/vivado_ad9238/vivado_ad9238.cache/compile_simlib/activehdl}] -use_ip_compiled_libs -force -quiet
wait_on_run ila_0_synth_1
[Sat Nov 23 10:00:58 2024] Waiting for ila_0_synth_1 to finish...
[Sat Nov 23 10:01:03 2024] Waiting for ila_0_synth_1 to finish...
[Sat Nov 23 10:01:08 2024] Waiting for ila_0_synth_1 to finish...
[Sat Nov 23 10:01:13 2024] Waiting for ila_0_synth_1 to finish...
[Sat Nov 23 10:01:23 2024] Waiting for ila_0_synth_1 to finish...
[Sat Nov 23 10:01:33 2024] Waiting for ila_0_synth_1 to finish...

*** Running vivado
    with args -log ila_0.vds -m64 -product Vivado -mode batch -messageDb vivado.pb -notrace -source ila_0.tcl



****** Vivado v2020.1 (64-bit)
  **** SW Build 2902540 on Wed May 27 19:54:49 MDT 2020
  **** IP Build 2902112 on Wed May 27 22:43:36 MDT 2020
    ** Copyright 1986-2020 Xilinx, Inc. All Rights Reserved.

source ila_0.tcl -notrace
INFO: [IP_Flow 19-234] Refreshing IP repositories
INFO: [IP_Flow 19-1700] Loaded user IP repository 'e:/AX7010_2023.1-course_s1_fpga-18_ad9238_hdmi/auto_create_project/my_ip'.
INFO: [IP_Flow 19-2313] Loaded Vivado IP repository 'D:/Vivado/Vivado/2020.1/data/ip'.
WARNING: [IP_Flow 19-4995] The host OS only allows 260 characters in a normal path. The IP cache path is more than 80 characters. If you experience issues with IP caching, please consider changing the IP cache to a location with a shorter path. Alternately consider using the OS subst command to map part of the path to a drive letter. 
Current IP cache path is e:/AX7010_2023.1-course_s1_fpga-18_ad9238_hdmi/vivado_ad9238/vivado_ad9238.cache/ip 
Command: synth_design -top ila_0 -part xc7z010clg400-1 -mode out_of_context
Starting synth_design
Attempting to get a license for feature 'Synthesis' and/or device 'xc7z010'
INFO: [Common 17-349] Got license for feature 'Synthesis' and/or device 'xc7z010'
INFO: [Device 21-403] Loading part xc7z010clg400-1
INFO: [Synth 8-7079] Multithreading enabled for synth_design using a maximum of 2 processes.
INFO: [Synth 8-7078] Launching helper process for spawning children vivado processes
INFO: [Synth 8-7075] Helper process launched with PID 20988
---------------------------------------------------------------------------------
Starting RTL Elaboration : Time (s): cpu = 00:00:05 ; elapsed = 00:00:07 . Memory (MB): peak = 1026.895 ; gain = 0.000
---------------------------------------------------------------------------------
INFO: [Synth 8-6157] synthesizing module 'ila_0' [e:/AX7010_2023.1-course_s1_fpga-18_ad9238_hdmi/vivado_ad9238/vivado_ad9238.srcs/sources_1/ip/ila_0/synth/ila_0.v:84]
INFO: [Synth 8-6157] synthesizing module 'CFGLUT5' [D:/Vivado/Vivado/2020.1/scripts/rt/data/unisim_comp.v:1524]
INFO: [Synth 8-6155] done synthesizing module 'CFGLUT5' (8#1) [D:/Vivado/Vivado/2020.1/scripts/rt/data/unisim_comp.v:1524]
INFO: [Synth 8-6157] synthesizing module 'CARRY4' [D:/Vivado/Vivado/2020.1/scripts/rt/data/unisim_comp.v:1487]
INFO: [Synth 8-6155] done synthesizing module 'CARRY4' (9#1) [D:/Vivado/Vivado/2020.1/scripts/rt/data/unisim_comp.v:1487]
INFO: [Synth 8-6157] synthesizing module 'SRLC32E' [D:/Vivado/Vivado/2020.1/scripts/rt/data/unisim_comp.v:78209]
INFO: [Synth 8-6155] done synthesizing module 'SRLC32E' (19#1) [D:/Vivado/Vivado/2020.1/scripts/rt/data/unisim_comp.v:78209]
INFO: [Synth 8-6157] synthesizing module 'SRL16E' [D:/Vivado/Vivado/2020.1/scripts/rt/data/unisim_comp.v:78059]
INFO: [Synth 8-6155] done synthesizing module 'SRL16E' (21#1) [D:/Vivado/Vivado/2020.1/scripts/rt/data/unisim_comp.v:78059]
INFO: [Synth 8-6157] synthesizing module 'SRLC16E' [D:/Vivado/Vivado/2020.1/scripts/rt/data/unisim_comp.v:78148]
INFO: [Synth 8-6155] done synthesizing module 'SRLC16E' (23#1) [D:/Vivado/Vivado/2020.1/scripts/rt/data/unisim_comp.v:78148]
INFO: [Synth 8-6157] synthesizing module 'FDRE' [D:/Vivado/Vivado/2020.1/scripts/rt/data/unisim_comp.v:13724]
INFO: [Synth 8-6155] done synthesizing module 'FDRE' (28#1) [D:/Vivado/Vivado/2020.1/scripts/rt/data/unisim_comp.v:13724]
WARNING: [Synth 8-7071] port 'clk_nobuf' of module 'ila_v6_2_11_ila' is unconnected for instance 'inst' [e:/AX7010_2023.1-course_s1_fpga-18_ad9238_hdmi/vivado_ad9238/vivado_ad9238.srcs/sources_1/ip/ila_0/synth/ila_0.v:3209]
WARNING: [Synth 8-7071] port 'clkdiv_out' of module 'ila_v6_2_11_ila' is unconnected for instance 'inst' [e:/AX7010_2023.1-course_s1_fpga-18_ad9238_hdmi/vivado_ad9238/vivado_ad9238.srcs/sources_1/ip/ila_0/synth/ila_0.v:3209]
WARNING: [Synth 8-7071] port 'trig_in' of module 'ila_v6_2_11_ila' is unconnected for instance 'inst' [e:/AX7010_2023.1-course_s1_fpga-18_ad9238_hdmi/vivado_ad9238/vivado_ad9238.srcs/sources_1/ip/ila_0/synth/ila_0.v:3209]
WARNING: [Synth 8-7071] port 'trig_in_ack' of module 'ila_v6_2_11_ila' is unconnected for instance 'inst' [e:/AX7010_2023.1-course_s1_fpga-18_ad9238_hdmi/vivado_ad9238/vivado_ad9238.srcs/sources_1/ip/ila_0/synth/ila_0.v:3209]
WARNING: [Synth 8-7071] port 'trig_out' of module 'ila_v6_2_11_ila' is unconnected for instance 'inst' [e:/AX7010_2023.1-course_s1_fpga-18_ad9238_hdmi/vivado_ad9238/vivado_ad9238.srcs/sources_1/ip/ila_0/synth/ila_0.v:3209]
WARNING: [Synth 8-7071] port 'trig_out_ack' of module 'ila_v6_2_11_ila' is unconnected for instance 'inst' [e:/AX7010_2023.1-course_s1_fpga-18_ad9238_hdmi/vivado_ad9238/vivado_ad9238.srcs/sources_1/ip/ila_0/synth/ila_0.v:3209]
WARNING: [Synth 8-7023] instance 'inst' of module 'ila_v6_2_11_ila' has 1033 connections declared, but only 1027 given [e:/AX7010_2023.1-course_s1_fpga-18_ad9238_hdmi/vivado_ad9238/vivado_ad9238.srcs/sources_1/ip/ila_0/synth/ila_0.v:3209]
INFO: [Synth 8-6155] done synthesizing module 'ila_0' (46#1) [e:/AX7010_2023.1-course_s1_fpga-18_ad9238_hdmi/vivado_ad9238/vivado_ad9238.srcs/sources_1/ip/ila_0/synth/ila_0.v:84]
---------------------------------------------------------------------------------
Finished RTL Elaboration : Time (s): cpu = 00:00:23 ; elapsed = 00:00:28 . Memory (MB): peak = 1317.133 ; gain = 290.238
---------------------------------------------------------------------------------
---------------------------------------------------------------------------------
Start Handling Custom Attributes
---------------------------------------------------------------------------------
---------------------------------------------------------------------------------
Finished Handling Custom Attributes : Time (s): cpu = 00:00:24 ; elapsed = 00:00:28 . Memory (MB): peak = 1317.133 ; gain = 290.238
---------------------------------------------------------------------------------
---------------------------------------------------------------------------------
Finished RTL Optimization Phase 1 : Time (s): cpu = 00:00:24 ; elapsed = 00:00:28 . Memory (MB): peak = 1317.133 ; gain = 290.238
---------------------------------------------------------------------------------
Netlist sorting complete. Time (s): cpu = 00:00:00 ; elapsed = 00:00:00.062 . Memory (MB): peak = 1317.133 ; gain = 0.000
INFO: [Netlist 29-17] Analyzing 56 Unisim elements for replacement
INFO: [Netlist 29-28] Unisim Transformation completed in 0 CPU seconds
INFO: [Project 1-570] Preparing netlist for logic optimization

Processing XDC Constraints
Initializing timing engine
Parsing XDC File [e:/AX7010_2023.1-course_s1_fpga-18_ad9238_hdmi/vivado_ad9238/vivado_ad9238.srcs/sources_1/ip/ila_0/ila_0_ooc.xdc] for cell 'inst'
Finished Parsing XDC File [e:/AX7010_2023.1-course_s1_fpga-18_ad9238_hdmi/vivado_ad9238/vivado_ad9238.srcs/sources_1/ip/ila_0/ila_0_ooc.xdc] for cell 'inst'
Parsing XDC File [e:/AX7010_2023.1-course_s1_fpga-18_ad9238_hdmi/vivado_ad9238/vivado_ad9238.srcs/sources_1/ip/ila_0/ila_v6_2/constraints/ila.xdc] for cell 'inst'
Finished Parsing XDC File [e:/AX7010_2023.1-course_s1_fpga-18_ad9238_hdmi/vivado_ad9238/vivado_ad9238.srcs/sources_1/ip/ila_0/ila_v6_2/constraints/ila.xdc] for cell 'inst'
Parsing XDC File [E:/AX7010_2023.1-course_s1_fpga-18_ad9238_hdmi/vivado_ad9238/vivado_ad9238.runs/ila_0_synth_1/dont_touch.xdc]
Finished Parsing XDC File [E:/AX7010_2023.1-course_s1_fpga-18_ad9238_hdmi/vivado_ad9238/vivado_ad9238.runs/ila_0_synth_1/dont_touch.xdc]
Completed Processing XDC Constraints

Netlist sorting complete. Time (s): cpu = 00:00:00 ; elapsed = 00:00:00.001 . Memory (MB): peak = 1317.133 ; gain = 0.000
INFO: [Project 1-111] Unisim Transformation Summary:
  A total of 41 instances were transformed.
  CFGLUT5 => CFGLUT5 (SRL16E, SRLC32E): 36 instances
  CFGLUT5 => SRLC32E: 5 instances

Constraint Validation Runtime : Time (s): cpu = 00:00:00 ; elapsed = 00:00:00.108 . Memory (MB): peak = 1317.133 ; gain = 0.000
---------------------------------------------------------------------------------
Finished Constraint Validation : Time (s): cpu = 00:00:29 ; elapsed = 00:00:34 . Memory (MB): peak = 1317.133 ; gain = 290.238
---------------------------------------------------------------------------------
---------------------------------------------------------------------------------
Start Loading Part and Timing Information
---------------------------------------------------------------------------------
Loading part: xc7z010clg400-1
---------------------------------------------------------------------------------
Finished Loading Part and Timing Information : Time (s): cpu = 00:00:29 ; elapsed = 00:00:34 . Memory (MB): peak = 1317.133 ; gain = 290.238
---------------------------------------------------------------------------------
---------------------------------------------------------------------------------
Start Applying 'set_property' XDC Constraints
---------------------------------------------------------------------------------
Applied set_property DONT_TOUCH = true for inst. (constraint file  E:/AX7010_2023.1-course_s1_fpga-18_ad9238_hdmi/vivado_ad9238/vivado_ad9238.runs/ila_0_synth_1/dont_touch.xdc, line 9).
---------------------------------------------------------------------------------
Finished applying 'set_property' XDC Constraints : Time (s): cpu = 00:00:29 ; elapsed = 00:00:34 . Memory (MB): peak = 1317.133 ; gain = 290.238
---------------------------------------------------------------------------------
INFO: [Synth 8-802] inferred FSM for state register 'current_state_reg' in module 'xsdbs_v1_0_2_reg_p2s__parameterized1'
INFO: [Synth 8-802] inferred FSM for state register 'current_state_reg' in module 'xsdbs_v1_0_2_reg_p2s'
INFO: [Synth 8-802] inferred FSM for state register 'current_state_reg' in module 'xsdbs_v1_0_2_reg_p2s__parameterized0'
---------------------------------------------------------------------------------------------------
                   State |                     New Encoding |                Previous Encoding 
---------------------------------------------------------------------------------------------------
*
                    IDLE |                             0001 |                             0001
                     REG |                             0010 |                             0010
                     P2S |                             0100 |                             0100
                     S2P |                             1000 |                             1000
---------------------------------------------------------------------------------------------------
INFO: [Synth 8-3898] No Re-encoding of one hot register 'current_state_reg' in module 'xsdbs_v1_0_2_reg_p2s__parameterized1'
---------------------------------------------------------------------------------------------------
                   State |                     New Encoding |                Previous Encoding 
---------------------------------------------------------------------------------------------------
*
                    IDLE |                             0001 |                             0001
                     REG |                             0010 |                             0010
                     P2S |                             0100 |                             0100
                     S2P |                             1000 |                             1000
---------------------------------------------------------------------------------------------------
INFO: [Synth 8-3898] No Re-encoding of one hot register 'current_state_reg' in module 'xsdbs_v1_0_2_reg_p2s'
---------------------------------------------------------------------------------------------------
                   State |                     New Encoding |                Previous Encoding 
---------------------------------------------------------------------------------------------------
*
                    IDLE |                             0001 |                             0001
                     REG |                             0010 |                             0010
                     P2S |                             0100 |                             0100
                     S2P |                             1000 |                             1000
---------------------------------------------------------------------------------------------------
INFO: [Synth 8-3898] No Re-encoding of one hot register 'current_state_reg' in module 'xsdbs_v1_0_2_reg_p2s__parameterized0'
---------------------------------------------------------------------------------
Finished RTL Optimization Phase 2 : Time (s): cpu = 00:00:30 ; elapsed = 00:00:35 . Memory (MB): peak = 1317.133 ; gain = 290.238
---------------------------------------------------------------------------------
---------------------------------------------------------------------------------
Start RTL Component Statistics 
---------------------------------------------------------------------------------
---------------------------------------------------------------------------------
Finished RTL Component Statistics 
---------------------------------------------------------------------------------
---------------------------------------------------------------------------------
Start Part Resource Summary
---------------------------------------------------------------------------------
Part Resources:
DSPs: 80 (col length:40)
BRAMs: 120 (col length: RAMB18 40 RAMB36 20)
---------------------------------------------------------------------------------
Finished Part Resource Summary
---------------------------------------------------------------------------------
---------------------------------------------------------------------------------
Start Cross Boundary and Area Optimization
---------------------------------------------------------------------------------
---------------------------------------------------------------------------------
Finished Cross Boundary and Area Optimization : Time (s): cpu = 00:00:33 ; elapsed = 00:00:39 . Memory (MB): peak = 1317.133 ; gain = 290.238
---------------------------------------------------------------------------------
---------------------------------------------------------------------------------
Start Applying XDC Timing Constraints
---------------------------------------------------------------------------------
---------------------------------------------------------------------------------
Finished Applying XDC Timing Constraints : Time (s): cpu = 00:00:39 ; elapsed = 00:00:45 . Memory (MB): peak = 1317.133 ; gain = 290.238
---------------------------------------------------------------------------------
---------------------------------------------------------------------------------
Start Timing Optimization
---------------------------------------------------------------------------------
---------------------------------------------------------------------------------
Finished Timing Optimization : Time (s): cpu = 00:00:39 ; elapsed = 00:00:45 . Memory (MB): peak = 1317.133 ; gain = 290.238
---------------------------------------------------------------------------------
---------------------------------------------------------------------------------
Start Technology Mapping
---------------------------------------------------------------------------------
---------------------------------------------------------------------------------
Finished Technology Mapping : Time (s): cpu = 00:00:39 ; elapsed = 00:00:46 . Memory (MB): peak = 1317.133 ; gain = 290.238
---------------------------------------------------------------------------------
---------------------------------------------------------------------------------
Start IO Insertion
---------------------------------------------------------------------------------
---------------------------------------------------------------------------------
Start Flattening Before IO Insertion
---------------------------------------------------------------------------------
---------------------------------------------------------------------------------
Finished Flattening Before IO Insertion
---------------------------------------------------------------------------------
---------------------------------------------------------------------------------
Start Final Netlist Cleanup
---------------------------------------------------------------------------------
---------------------------------------------------------------------------------
Finished Final Netlist Cleanup
---------------------------------------------------------------------------------
INFO: [Synth 8-3295] tying undriven pin dummy_inferred:in0 to constant 0
INFO: [Synth 8-3295] tying undriven pin inst:sl_iport0[36] to constant 0
INFO: [Synth 8-3295] tying undriven pin inst:sl_iport0[35] to constant 0
INFO: [Synth 8-3295] tying undriven pin inst:sl_iport0[34] to constant 0
INFO: [Synth 8-3295] tying undriven pin inst:sl_iport0[33] to constant 0
INFO: [Synth 8-3295] tying undriven pin inst:sl_iport0[32] to constant 0
INFO: [Synth 8-3295] tying undriven pin inst:sl_iport0[31] to constant 0
INFO: [Synth 8-3295] tying undriven pin inst:sl_iport0[30] to constant 0
INFO: [Synth 8-3295] tying undriven pin inst:sl_iport0[29] to constant 0
INFO: [Synth 8-3295] tying undriven pin inst:sl_iport0[28] to constant 0
INFO: [Synth 8-3295] tying undriven pin inst:sl_iport0[27] to constant 0
INFO: [Synth 8-3295] tying undriven pin inst:sl_iport0[26] to constant 0
INFO: [Synth 8-3295] tying undriven pin inst:sl_iport0[25] to constant 0
INFO: [Synth 8-3295] tying undriven pin inst:sl_iport0[24] to constant 0
INFO: [Synth 8-3295] tying undriven pin inst:sl_iport0[23] to constant 0
INFO: [Synth 8-3295] tying undriven pin inst:sl_iport0[22] to constant 0
INFO: [Synth 8-3295] tying undriven pin inst:sl_iport0[21] to constant 0
INFO: [Synth 8-3295] tying undriven pin inst:sl_iport0[20] to constant 0
INFO: [Synth 8-3295] tying undriven pin inst:sl_iport0[19] to constant 0
INFO: [Synth 8-3295] tying undriven pin inst:sl_iport0[18] to constant 0
INFO: [Synth 8-3295] tying undriven pin inst:sl_iport0[17] to constant 0
INFO: [Synth 8-3295] tying undriven pin inst:sl_iport0[16] to constant 0
INFO: [Synth 8-3295] tying undriven pin inst:sl_iport0[15] to constant 0
INFO: [Synth 8-3295] tying undriven pin inst:sl_iport0[14] to constant 0
INFO: [Synth 8-3295] tying undriven pin inst:sl_iport0[13] to constant 0
INFO: [Synth 8-3295] tying undriven pin inst:sl_iport0[12] to constant 0
INFO: [Synth 8-3295] tying undriven pin inst:sl_iport0[11] to constant 0
INFO: [Synth 8-3295] tying undriven pin inst:sl_iport0[10] to constant 0
INFO: [Synth 8-3295] tying undriven pin inst:sl_iport0[9] to constant 0
INFO: [Synth 8-3295] tying undriven pin inst:sl_iport0[8] to constant 0
INFO: [Synth 8-3295] tying undriven pin inst:sl_iport0[7] to constant 0
INFO: [Synth 8-3295] tying undriven pin inst:sl_iport0[6] to constant 0
INFO: [Synth 8-3295] tying undriven pin inst:sl_iport0[5] to constant 0
INFO: [Synth 8-3295] tying undriven pin inst:sl_iport0[4] to constant 0
INFO: [Synth 8-3295] tying undriven pin inst:sl_iport0[3] to constant 0
INFO: [Synth 8-3295] tying undriven pin inst:sl_iport0[2] to constant 0
INFO: [Synth 8-3295] tying undriven pin inst:sl_iport0[1] to constant 0
INFO: [Synth 8-3295] tying undriven pin inst:sl_iport0[0] to constant 0
INFO: [Synth 8-3295] tying undriven pin inst:trig_in to constant 0
INFO: [Synth 8-3295] tying undriven pin inst:trig_out_ack to constant 0
---------------------------------------------------------------------------------
Finished IO Insertion : Time (s): cpu = 00:00:41 ; elapsed = 00:00:48 . Memory (MB): peak = 1317.133 ; gain = 290.238
---------------------------------------------------------------------------------
---------------------------------------------------------------------------------
Start Renaming Generated Instances
---------------------------------------------------------------------------------
---------------------------------------------------------------------------------
Finished Renaming Generated Instances : Time (s): cpu = 00:00:41 ; elapsed = 00:00:48 . Memory (MB): peak = 1317.133 ; gain = 290.238
---------------------------------------------------------------------------------
---------------------------------------------------------------------------------
Start Rebuilding User Hierarchy
---------------------------------------------------------------------------------
---------------------------------------------------------------------------------
Finished Rebuilding User Hierarchy : Time (s): cpu = 00:00:41 ; elapsed = 00:00:48 . Memory (MB): peak = 1317.133 ; gain = 290.238
---------------------------------------------------------------------------------
---------------------------------------------------------------------------------
Start Renaming Generated Ports
---------------------------------------------------------------------------------
---------------------------------------------------------------------------------
Finished Renaming Generated Ports : Time (s): cpu = 00:00:41 ; elapsed = 00:00:48 . Memory (MB): peak = 1317.133 ; gain = 290.238
---------------------------------------------------------------------------------
---------------------------------------------------------------------------------
Start Handling Custom Attributes
---------------------------------------------------------------------------------
---------------------------------------------------------------------------------
Finished Handling Custom Attributes : Time (s): cpu = 00:00:41 ; elapsed = 00:00:48 . Memory (MB): peak = 1317.133 ; gain = 290.238
---------------------------------------------------------------------------------
---------------------------------------------------------------------------------
Start Renaming Generated Nets
---------------------------------------------------------------------------------
---------------------------------------------------------------------------------
Finished Renaming Generated Nets : Time (s): cpu = 00:00:41 ; elapsed = 00:00:48 . Memory (MB): peak = 1317.133 ; gain = 290.238
---------------------------------------------------------------------------------
---------------------------------------------------------------------------------
Start Writing Synthesis Report
---------------------------------------------------------------------------------

Report BlackBoxes: 
+-+--------------+----------+
| |BlackBox name |Instances |
+-+--------------+----------+
+-+--------------+----------+

Report Cell Usage: 
+------+---------+------+
|      |Cell     |Count |
+------+---------+------+
|1     |CARRY4   |    14|
|2     |CFGLUT5  |    41|
|3     |LUT1     |    28|
|4     |LUT2     |    37|
|5     |LUT3     |    82|
|6     |LUT4     |    62|
|7     |LUT5     |    79|
|8     |LUT6     |   321|
|9     |MUXF7    |     2|
|10    |RAMB18E1 |     1|
|11    |SRL16E   |    16|
|12    |SRLC16E  |     2|
|13    |SRLC32E  |    17|
|14    |FDRE     |  1096|
|15    |FDSE     |    10|
+------+---------+------+
---------------------------------------------------------------------------------
Finished Writing Synthesis Report : Time (s): cpu = 00:00:41 ; elapsed = 00:00:48 . Memory (MB): peak = 1317.133 ; gain = 290.238
---------------------------------------------------------------------------------
Synthesis finished with 0 errors, 0 critical warnings and 0 warnings.
Synthesis Optimization Runtime : Time (s): cpu = 00:00:15 ; elapsed = 00:00:45 . Memory (MB): peak = 1317.133 ; gain = 290.238
Synthesis Optimization Complete : Time (s): cpu = 00:00:41 ; elapsed = 00:00:48 . Memory (MB): peak = 1317.133 ; gain = 290.238
INFO: [Project 1-571] Translating synthesized netlist
Netlist sorting complete. Time (s): cpu = 00:00:00 ; elapsed = 00:00:00.025 . Memory (MB): peak = 1317.133 ; gain = 0.000
INFO: [Netlist 29-17] Analyzing 58 Unisim elements for replacement
INFO: [Netlist 29-28] Unisim Transformation completed in 0 CPU seconds
INFO: [Project 1-570] Preparing netlist for logic optimization
INFO: [Opt 31-138] Pushed 0 inverter(s) to 0 load pin(s).
Netlist sorting complete. Time (s): cpu = 00:00:00 ; elapsed = 00:00:00.001 . Memory (MB): peak = 1317.133 ; gain = 0.000
INFO: [Project 1-111] Unisim Transformation Summary:
  A total of 41 instances were transformed.
  CFGLUT5 => CFGLUT5 (SRL16E, SRLC32E): 36 instances
  CFGLUT5 => SRLC32E: 5 instances

INFO: [Common 17-83] Releasing license: Synthesis
79 Infos, 8 Warnings, 0 Critical Warnings and 0 Errors encountered.
synth_design completed successfully
synth_design: Time (s): cpu = 00:00:45 ; elapsed = 00:00:53 . Memory (MB): peak = 1317.133 ; gain = 290.238
INFO: [Common 17-1381] The checkpoint 'E:/AX7010_2023.1-course_s1_fpga-18_ad9238_hdmi/vivado_ad9238/vivado_ad9238.runs/ila_0_synth_1/ila_0.dcp' has been generated.
WARNING: [Common 17-576] 'use_project_ipc' is deprecated. This option is deprecated and no longer used.
INFO: [Coretcl 2-1648] Added synthesis output to IP cache for IP ila_0, cache-ID = d4098b808098ea58
INFO: [Coretcl 2-1174] Renamed 104 cell refs.
INFO: [Common 17-1381] The checkpoint 'E:/AX7010_2023.1-course_s1_fpga-18_ad9238_hdmi/vivado_ad9238/vivado_ad9238.runs/ila_0_synth_1/ila_0.dcp' has been generated.
INFO: [runtcl-4] Executing : report_utilization -file ila_0_utilization_synth.rpt -pb ila_0_utilization_synth.pb
INFO: [Common 17-206] Exiting Vivado at Sat Nov 23 10:01:33 2024...
[Sat Nov 23 10:01:38 2024] ila_0_synth_1 finished
wait_on_run: Time (s): cpu = 00:00:00 ; elapsed = 00:00:40 . Memory (MB): peak = 3388.012 ; gain = 4.867
refresh_design
INFO: [Project 1-454] Reading design checkpoint 'e:/AX7010_2023.1-course_s1_fpga-18_ad9238_hdmi/vivado_ad9238/vivado_ad9238.srcs/sources_1/ip/adc_pll/adc_pll.dcp' for cell 'adc_pll_m0'
INFO: [Project 1-454] Reading design checkpoint 'e:/AX7010_2023.1-course_s1_fpga-18_ad9238_hdmi/vivado_ad9238/vivado_ad9238.srcs/sources_1/ip/rgb2dvi_0/rgb2dvi_0.dcp' for cell 'rgb2dvi_m0'
INFO: [Project 1-454] Reading design checkpoint 'e:/AX7010_2023.1-course_s1_fpga-18_ad9238_hdmi/vivado_ad9238/vivado_ad9238.srcs/sources_1/ip/video_pll/video_pll.dcp' for cell 'video_pll_m0'
INFO: [Project 1-454] Reading design checkpoint 'e:/AX7010_2023.1-course_s1_fpga-18_ad9238_hdmi/vivado_ad9238/vivado_ad9238.srcs/sources_1/ip/dpram2048x8/dpram2048x8.dcp' for cell 'wav_display_m0/buffer'
Netlist sorting complete. Time (s): cpu = 00:00:00 ; elapsed = 00:00:00.009 . Memory (MB): peak = 3402.855 ; gain = 0.000
INFO: [Netlist 29-17] Analyzing 57 Unisim elements for replacement
INFO: [Netlist 29-28] Unisim Transformation completed in 0 CPU seconds
INFO: [Project 1-479] Netlist was created with Vivado 2020.1
INFO: [Project 1-570] Preparing netlist for logic optimization
INFO: [Opt 31-140] Inserted 1 IBUFs to IO ports without IO buffers.
WARNING: [Opt 31-35] Removing redundant IBUF, video_pll_m0/inst/clkin1_ibufg, from the path connected to top-level port: sys_clk 
Resolution: The tool has removed redundant IBUF. To resolve this warning, check for redundant IBUF in the input design.
WARNING: [Constraints 18-550] Could not create 'IBUF_LOW_PWR' constraint because net 'video_pll_m0/clk_in1' is not directly connected to top level port. Synthesis is ignored for IBUF_LOW_PWR but preserved for implementation.
Parsing XDC File [e:/AX7010_2023.1-course_s1_fpga-18_ad9238_hdmi/vivado_ad9238/vivado_ad9238.srcs/sources_1/ip/rgb2dvi_0/src/rgb2dvi.xdc] for cell 'rgb2dvi_m0/U0'
Finished Parsing XDC File [e:/AX7010_2023.1-course_s1_fpga-18_ad9238_hdmi/vivado_ad9238/vivado_ad9238.srcs/sources_1/ip/rgb2dvi_0/src/rgb2dvi.xdc] for cell 'rgb2dvi_m0/U0'
Parsing XDC File [e:/AX7010_2023.1-course_s1_fpga-18_ad9238_hdmi/vivado_ad9238/vivado_ad9238.srcs/sources_1/ip/adc_pll/adc_pll_board.xdc] for cell 'adc_pll_m0/inst'
Finished Parsing XDC File [e:/AX7010_2023.1-course_s1_fpga-18_ad9238_hdmi/vivado_ad9238/vivado_ad9238.srcs/sources_1/ip/adc_pll/adc_pll_board.xdc] for cell 'adc_pll_m0/inst'
Parsing XDC File [e:/AX7010_2023.1-course_s1_fpga-18_ad9238_hdmi/vivado_ad9238/vivado_ad9238.srcs/sources_1/ip/adc_pll/adc_pll.xdc] for cell 'adc_pll_m0/inst'
Finished Parsing XDC File [e:/AX7010_2023.1-course_s1_fpga-18_ad9238_hdmi/vivado_ad9238/vivado_ad9238.srcs/sources_1/ip/adc_pll/adc_pll.xdc] for cell 'adc_pll_m0/inst'
Parsing XDC File [e:/AX7010_2023.1-course_s1_fpga-18_ad9238_hdmi/vivado_ad9238/vivado_ad9238.srcs/sources_1/ip/video_pll/video_pll_board.xdc] for cell 'video_pll_m0/inst'
Finished Parsing XDC File [e:/AX7010_2023.1-course_s1_fpga-18_ad9238_hdmi/vivado_ad9238/vivado_ad9238.srcs/sources_1/ip/video_pll/video_pll_board.xdc] for cell 'video_pll_m0/inst'
Parsing XDC File [e:/AX7010_2023.1-course_s1_fpga-18_ad9238_hdmi/vivado_ad9238/vivado_ad9238.srcs/sources_1/ip/video_pll/video_pll.xdc] for cell 'video_pll_m0/inst'
INFO: [Timing 38-35] Done setting XDC timing constraints. [e:/AX7010_2023.1-course_s1_fpga-18_ad9238_hdmi/vivado_ad9238/vivado_ad9238.srcs/sources_1/ip/video_pll/video_pll.xdc:57]
INFO: [Timing 38-2] Deriving generated clocks [e:/AX7010_2023.1-course_s1_fpga-18_ad9238_hdmi/vivado_ad9238/vivado_ad9238.srcs/sources_1/ip/video_pll/video_pll.xdc:57]
Finished Parsing XDC File [e:/AX7010_2023.1-course_s1_fpga-18_ad9238_hdmi/vivado_ad9238/vivado_ad9238.srcs/sources_1/ip/video_pll/video_pll.xdc] for cell 'video_pll_m0/inst'
CRITICAL WARNING: [Designutils 20-1280] Could not find module 'ila_0'. The XDC file e:/AX7010_2023.1-course_s1_fpga-18_ad9238_hdmi/vivado_ad9238/vivado_ad9238.srcs/sources_1/ip/ila_0/ila_v6_2/constraints/ila_impl.xdc will not be read for any cell of this module.
CRITICAL WARNING: [Designutils 20-1280] Could not find module 'ila_0'. The XDC file e:/AX7010_2023.1-course_s1_fpga-18_ad9238_hdmi/vivado_ad9238/vivado_ad9238.srcs/sources_1/ip/ila_0/ila_v6_2/constraints/ila.xdc will not be read for any cell of this module.
Parsing XDC File [E:/AX7010_2023.1-course_s1_fpga-18_ad9238_hdmi/vivado_ad9238/vivado_ad9238.srcs/constrs_1/new/ad9238_hdmi.xdc]
Finished Parsing XDC File [E:/AX7010_2023.1-course_s1_fpga-18_ad9238_hdmi/vivado_ad9238/vivado_ad9238.srcs/constrs_1/new/ad9238_hdmi.xdc]
Parsing XDC File [e:/AX7010_2023.1-course_s1_fpga-18_ad9238_hdmi/vivado_ad9238/vivado_ad9238.srcs/sources_1/ip/rgb2dvi_0/src/rgb2dvi_clocks.xdc] for cell 'rgb2dvi_m0/U0'
Finished Parsing XDC File [e:/AX7010_2023.1-course_s1_fpga-18_ad9238_hdmi/vivado_ad9238/vivado_ad9238.srcs/sources_1/ip/rgb2dvi_0/src/rgb2dvi_clocks.xdc] for cell 'rgb2dvi_m0/U0'
Parsing XDC File [e:/AX7010_2023.1-course_s1_fpga-18_ad9238_hdmi/vivado_ad9238/vivado_ad9238.srcs/sources_1/ip/adc_pll/adc_pll_late.xdc] for cell 'adc_pll_m0/inst'
Finished Parsing XDC File [e:/AX7010_2023.1-course_s1_fpga-18_ad9238_hdmi/vivado_ad9238/vivado_ad9238.srcs/sources_1/ip/adc_pll/adc_pll_late.xdc] for cell 'adc_pll_m0/inst'
INFO: [Opt 31-138] Pushed 0 inverter(s) to 0 load pin(s).
reset_run impl_1 -prev_step 
launch_runs impl_1 -to_step write_bitstream -jobs 16
WARNING: [Vivado 12-872] Run step 'Design Initialization' is out-of-date.
[Sat Nov 23 10:03:11 2024] Launched impl_1...
Run output will be captured here: E:/AX7010_2023.1-course_s1_fpga-18_ad9238_hdmi/vivado_ad9238/vivado_ad9238.runs/impl_1/runme.log
reset_run synth_1
WARNING: [Vivado 12-1017] Problems encountered:
1. Failed to delete one or more files in run directory E:/AX7010_2023.1-course_s1_fpga-18_ad9238_hdmi/vivado_ad9238/vivado_ad9238.runs/synth_1

launch_runs impl_1 -jobs 16
WARNING: [Project 1-478] Design 'synth_1' is stale and will not be used when launching 'impl_1'
[Sat Nov 23 10:03:46 2024] Launched synth_1...
Run output will be captured here: E:/AX7010_2023.1-course_s1_fpga-18_ad9238_hdmi/vivado_ad9238/vivado_ad9238.runs/synth_1/runme.log
[Sat Nov 23 10:03:46 2024] Launched impl_1...
Run output will be captured here: E:/AX7010_2023.1-course_s1_fpga-18_ad9238_hdmi/vivado_ad9238/vivado_ad9238.runs/impl_1/runme.log
ERROR: [Labtoolstcl 44-513] HW Target shutdown. Closing target: localhost:3121/xilinx_tcf/Digilent/210512180081
WARNING: [IP_Flow 19-4067] Ignoring invalid widget type specified checkbox.Providing a default widget
set_property -dict [list CONFIG.C_PROBE1_WIDTH {24} CONFIG.C_NUM_OF_PROBES {2}] [get_ips ila_0]
generate_target all [get_files  e:/AX7010_2023.1-course_s1_fpga-18_ad9238_hdmi/vivado_ad9238/vivado_ad9238.srcs/sources_1/ip/ila_0/ila_0.xci]
INFO: [IP_Flow 19-1686] Generating 'Instantiation Template' target for IP 'ila_0'...
INFO: [IP_Flow 19-1686] Generating 'Synthesis' target for IP 'ila_0'...
WARNING: [IP_Flow 19-4994] Overwriting existing constraint file 'e:/AX7010_2023.1-course_s1_fpga-18_ad9238_hdmi/vivado_ad9238/vivado_ad9238.srcs/sources_1/ip/ila_0/ila_0_ooc.xdc'
INFO: [IP_Flow 19-1686] Generating 'Simulation' target for IP 'ila_0'...
INFO: [IP_Flow 19-1686] Generating 'Implementation' target for IP 'ila_0'...
INFO: [IP_Flow 19-1686] Generating 'Change Log' target for IP 'ila_0'...
catch { config_ip_cache -export [get_ips -all ila_0] }
export_ip_user_files -of_objects [get_files e:/AX7010_2023.1-course_s1_fpga-18_ad9238_hdmi/vivado_ad9238/vivado_ad9238.srcs/sources_1/ip/ila_0/ila_0.xci] -no_script -sync -force -quiet
reset_run ila_0_synth_1
launch_runs ila_0_synth_1 -jobs 16
[Sat Nov 23 12:43:52 2024] Launched ila_0_synth_1...
Run output will be captured here: E:/AX7010_2023.1-course_s1_fpga-18_ad9238_hdmi/vivado_ad9238/vivado_ad9238.runs/ila_0_synth_1/runme.log
export_simulation -of_objects [get_files e:/AX7010_2023.1-course_s1_fpga-18_ad9238_hdmi/vivado_ad9238/vivado_ad9238.srcs/sources_1/ip/ila_0/ila_0.xci] -directory E:/AX7010_2023.1-course_s1_fpga-18_ad9238_hdmi/vivado_ad9238/vivado_ad9238.ip_user_files/sim_scripts -ip_user_files_dir E:/AX7010_2023.1-course_s1_fpga-18_ad9238_hdmi/vivado_ad9238/vivado_ad9238.ip_user_files -ipstatic_source_dir E:/AX7010_2023.1-course_s1_fpga-18_ad9238_hdmi/vivado_ad9238/vivado_ad9238.ip_user_files/ipstatic -lib_map_path [list {modelsim=E:/AX7010_2023.1-course_s1_fpga-18_ad9238_hdmi/vivado_ad9238/vivado_ad9238.cache/compile_simlib/modelsim} {questa=E:/AX7010_2023.1-course_s1_fpga-18_ad9238_hdmi/vivado_ad9238/vivado_ad9238.cache/compile_simlib/questa} {riviera=E:/AX7010_2023.1-course_s1_fpga-18_ad9238_hdmi/vivado_ad9238/vivado_ad9238.cache/compile_simlib/riviera} {activehdl=E:/AX7010_2023.1-course_s1_fpga-18_ad9238_hdmi/vivado_ad9238/vivado_ad9238.cache/compile_simlib/activehdl}] -use_ip_compiled_libs -force -quiet
refresh_design
INFO: [Project 1-454] Reading design checkpoint 'e:/AX7010_2023.1-course_s1_fpga-18_ad9238_hdmi/vivado_ad9238/vivado_ad9238.srcs/sources_1/ip/adc_pll/adc_pll.dcp' for cell 'adc_pll_m0'
INFO: [Project 1-454] Reading design checkpoint 'e:/AX7010_2023.1-course_s1_fpga-18_ad9238_hdmi/vivado_ad9238/vivado_ad9238.srcs/sources_1/ip/rgb2dvi_0/rgb2dvi_0.dcp' for cell 'rgb2dvi_m0'
INFO: [Project 1-454] Reading design checkpoint 'e:/AX7010_2023.1-course_s1_fpga-18_ad9238_hdmi/vivado_ad9238/vivado_ad9238.srcs/sources_1/ip/video_pll/video_pll.dcp' for cell 'video_pll_m0'
INFO: [Project 1-454] Reading design checkpoint 'e:/AX7010_2023.1-course_s1_fpga-18_ad9238_hdmi/vivado_ad9238/vivado_ad9238.srcs/sources_1/ip/dpram2048x8/dpram2048x8.dcp' for cell 'wav_display_m0/buffer'
Netlist sorting complete. Time (s): cpu = 00:00:00 ; elapsed = 00:00:00.010 . Memory (MB): peak = 3832.281 ; gain = 0.000
INFO: [Netlist 29-17] Analyzing 57 Unisim elements for replacement
INFO: [Netlist 29-28] Unisim Transformation completed in 0 CPU seconds
INFO: [Project 1-479] Netlist was created with Vivado 2020.1
INFO: [Project 1-570] Preparing netlist for logic optimization
INFO: [Opt 31-140] Inserted 1 IBUFs to IO ports without IO buffers.
WARNING: [Opt 31-35] Removing redundant IBUF, video_pll_m0/inst/clkin1_ibufg, from the path connected to top-level port: sys_clk 
Resolution: The tool has removed redundant IBUF. To resolve this warning, check for redundant IBUF in the input design.
WARNING: [Constraints 18-550] Could not create 'IBUF_LOW_PWR' constraint because net 'video_pll_m0/clk_in1' is not directly connected to top level port. Synthesis is ignored for IBUF_LOW_PWR but preserved for implementation.
Parsing XDC File [e:/AX7010_2023.1-course_s1_fpga-18_ad9238_hdmi/vivado_ad9238/vivado_ad9238.srcs/sources_1/ip/rgb2dvi_0/src/rgb2dvi.xdc] for cell 'rgb2dvi_m0/U0'
Finished Parsing XDC File [e:/AX7010_2023.1-course_s1_fpga-18_ad9238_hdmi/vivado_ad9238/vivado_ad9238.srcs/sources_1/ip/rgb2dvi_0/src/rgb2dvi.xdc] for cell 'rgb2dvi_m0/U0'
Parsing XDC File [e:/AX7010_2023.1-course_s1_fpga-18_ad9238_hdmi/vivado_ad9238/vivado_ad9238.srcs/sources_1/ip/adc_pll/adc_pll_board.xdc] for cell 'adc_pll_m0/inst'
Finished Parsing XDC File [e:/AX7010_2023.1-course_s1_fpga-18_ad9238_hdmi/vivado_ad9238/vivado_ad9238.srcs/sources_1/ip/adc_pll/adc_pll_board.xdc] for cell 'adc_pll_m0/inst'
Parsing XDC File [e:/AX7010_2023.1-course_s1_fpga-18_ad9238_hdmi/vivado_ad9238/vivado_ad9238.srcs/sources_1/ip/adc_pll/adc_pll.xdc] for cell 'adc_pll_m0/inst'
Finished Parsing XDC File [e:/AX7010_2023.1-course_s1_fpga-18_ad9238_hdmi/vivado_ad9238/vivado_ad9238.srcs/sources_1/ip/adc_pll/adc_pll.xdc] for cell 'adc_pll_m0/inst'
Parsing XDC File [e:/AX7010_2023.1-course_s1_fpga-18_ad9238_hdmi/vivado_ad9238/vivado_ad9238.srcs/sources_1/ip/video_pll/video_pll_board.xdc] for cell 'video_pll_m0/inst'
Finished Parsing XDC File [e:/AX7010_2023.1-course_s1_fpga-18_ad9238_hdmi/vivado_ad9238/vivado_ad9238.srcs/sources_1/ip/video_pll/video_pll_board.xdc] for cell 'video_pll_m0/inst'
Parsing XDC File [e:/AX7010_2023.1-course_s1_fpga-18_ad9238_hdmi/vivado_ad9238/vivado_ad9238.srcs/sources_1/ip/video_pll/video_pll.xdc] for cell 'video_pll_m0/inst'
INFO: [Timing 38-35] Done setting XDC timing constraints. [e:/AX7010_2023.1-course_s1_fpga-18_ad9238_hdmi/vivado_ad9238/vivado_ad9238.srcs/sources_1/ip/video_pll/video_pll.xdc:57]
INFO: [Timing 38-2] Deriving generated clocks [e:/AX7010_2023.1-course_s1_fpga-18_ad9238_hdmi/vivado_ad9238/vivado_ad9238.srcs/sources_1/ip/video_pll/video_pll.xdc:57]
Finished Parsing XDC File [e:/AX7010_2023.1-course_s1_fpga-18_ad9238_hdmi/vivado_ad9238/vivado_ad9238.srcs/sources_1/ip/video_pll/video_pll.xdc] for cell 'video_pll_m0/inst'
CRITICAL WARNING: [Designutils 20-1280] Could not find module 'ila_0'. The XDC file e:/AX7010_2023.1-course_s1_fpga-18_ad9238_hdmi/vivado_ad9238/vivado_ad9238.srcs/sources_1/ip/ila_0/ila_v6_2/constraints/ila_impl.xdc will not be read for any cell of this module.
CRITICAL WARNING: [Designutils 20-1280] Could not find module 'ila_0'. The XDC file e:/AX7010_2023.1-course_s1_fpga-18_ad9238_hdmi/vivado_ad9238/vivado_ad9238.srcs/sources_1/ip/ila_0/ila_v6_2/constraints/ila.xdc will not be read for any cell of this module.
Parsing XDC File [E:/AX7010_2023.1-course_s1_fpga-18_ad9238_hdmi/vivado_ad9238/vivado_ad9238.srcs/constrs_1/new/ad9238_hdmi.xdc]
Finished Parsing XDC File [E:/AX7010_2023.1-course_s1_fpga-18_ad9238_hdmi/vivado_ad9238/vivado_ad9238.srcs/constrs_1/new/ad9238_hdmi.xdc]
Parsing XDC File [e:/AX7010_2023.1-course_s1_fpga-18_ad9238_hdmi/vivado_ad9238/vivado_ad9238.srcs/sources_1/ip/rgb2dvi_0/src/rgb2dvi_clocks.xdc] for cell 'rgb2dvi_m0/U0'
Finished Parsing XDC File [e:/AX7010_2023.1-course_s1_fpga-18_ad9238_hdmi/vivado_ad9238/vivado_ad9238.srcs/sources_1/ip/rgb2dvi_0/src/rgb2dvi_clocks.xdc] for cell 'rgb2dvi_m0/U0'
Parsing XDC File [e:/AX7010_2023.1-course_s1_fpga-18_ad9238_hdmi/vivado_ad9238/vivado_ad9238.srcs/sources_1/ip/adc_pll/adc_pll_late.xdc] for cell 'adc_pll_m0/inst'
Finished Parsing XDC File [e:/AX7010_2023.1-course_s1_fpga-18_ad9238_hdmi/vivado_ad9238/vivado_ad9238.srcs/sources_1/ip/adc_pll/adc_pll_late.xdc] for cell 'adc_pll_m0/inst'
INFO: [Opt 31-138] Pushed 0 inverter(s) to 0 load pin(s).
add_files -norecurse {E:/AX7010_2023.1-course_s1_fpga-18_ad9238_hdmi/vivado_ad9238/vivado_ad9238.srcs/sources_1/ADS1256/ADS1256_SPI.v E:/AX7010_2023.1-course_s1_fpga-18_ad9238_hdmi/vivado_ad9238/vivado_ad9238.srcs/sources_1/ADS1256/ADS1256.v E:/AX7010_2023.1-course_s1_fpga-18_ad9238_hdmi/vivado_ad9238/vivado_ad9238.srcs/sources_1/ADS1256/clkdiv.v}
update_compile_order -fileset sources_1
reset_run synth_1
WARNING: [Vivado 12-1017] Problems encountered:
1. Failed to delete one or more files in run directory E:/AX7010_2023.1-course_s1_fpga-18_ad9238_hdmi/vivado_ad9238/vivado_ad9238.runs/synth_1

launch_runs synth_1 -jobs 16
[Sat Nov 23 12:47:04 2024] Launched synth_1...
Run output will be captured here: E:/AX7010_2023.1-course_s1_fpga-18_ad9238_hdmi/vivado_ad9238/vivado_ad9238.runs/synth_1/runme.log
close_design
open_run synth_1 -name synth_1
Design is defaulting to impl run constrset: constrs_1
Design is defaulting to synth run part: xc7z010clg400-1
INFO: [Project 1-454] Reading design checkpoint 'e:/AX7010_2023.1-course_s1_fpga-18_ad9238_hdmi/vivado_ad9238/vivado_ad9238.srcs/sources_1/ip/adc_pll/adc_pll.dcp' for cell 'adc_pll_m0'
INFO: [Project 1-454] Reading design checkpoint 'e:/AX7010_2023.1-course_s1_fpga-18_ad9238_hdmi/vivado_ad9238/vivado_ad9238.srcs/sources_1/ip/ila_0/ila_0.dcp' for cell 'ila_0_m0'
INFO: [Project 1-454] Reading design checkpoint 'e:/AX7010_2023.1-course_s1_fpga-18_ad9238_hdmi/vivado_ad9238/vivado_ad9238.srcs/sources_1/ip/rgb2dvi_0/rgb2dvi_0.dcp' for cell 'rgb2dvi_m0'
INFO: [Project 1-454] Reading design checkpoint 'e:/AX7010_2023.1-course_s1_fpga-18_ad9238_hdmi/vivado_ad9238/vivado_ad9238.srcs/sources_1/ip/video_pll/video_pll.dcp' for cell 'video_pll_m0'
INFO: [Project 1-454] Reading design checkpoint 'e:/AX7010_2023.1-course_s1_fpga-18_ad9238_hdmi/vivado_ad9238/vivado_ad9238.srcs/sources_1/ip/dpram2048x8/dpram2048x8.dcp' for cell 'wav_display_m0/buffer'
Netlist sorting complete. Time (s): cpu = 00:00:00 ; elapsed = 00:00:00.035 . Memory (MB): peak = 4450.324 ; gain = 0.000
INFO: [Netlist 29-17] Analyzing 151 Unisim elements for replacement
INFO: [Netlist 29-28] Unisim Transformation completed in 0 CPU seconds
INFO: [Project 1-479] Netlist was created with Vivado 2020.1
INFO: [Project 1-570] Preparing netlist for logic optimization
WARNING: [Opt 31-35] Removing redundant IBUF, video_pll_m0/inst/clkin1_ibufg, from the path connected to top-level port: sys_clk 
Resolution: The tool has removed redundant IBUF. To resolve this warning, check for redundant IBUF in the input design.
WARNING: [Constraints 18-550] Could not create 'IBUF_LOW_PWR' constraint because net 'video_pll_m0/clk_in1' is not directly connected to top level port. Synthesis is ignored for IBUF_LOW_PWR but preserved for implementation.
INFO: [Chipscope 16-324] Core: ila_0_m0 UUID: f02c237a-d00d-5d2d-87b6-ff6fb718bb09 
Parsing XDC File [e:/AX7010_2023.1-course_s1_fpga-18_ad9238_hdmi/vivado_ad9238/vivado_ad9238.srcs/sources_1/ip/rgb2dvi_0/src/rgb2dvi.xdc] for cell 'rgb2dvi_m0/U0'
Finished Parsing XDC File [e:/AX7010_2023.1-course_s1_fpga-18_ad9238_hdmi/vivado_ad9238/vivado_ad9238.srcs/sources_1/ip/rgb2dvi_0/src/rgb2dvi.xdc] for cell 'rgb2dvi_m0/U0'
Parsing XDC File [e:/AX7010_2023.1-course_s1_fpga-18_ad9238_hdmi/vivado_ad9238/vivado_ad9238.srcs/sources_1/ip/adc_pll/adc_pll_board.xdc] for cell 'adc_pll_m0/inst'
Finished Parsing XDC File [e:/AX7010_2023.1-course_s1_fpga-18_ad9238_hdmi/vivado_ad9238/vivado_ad9238.srcs/sources_1/ip/adc_pll/adc_pll_board.xdc] for cell 'adc_pll_m0/inst'
Parsing XDC File [e:/AX7010_2023.1-course_s1_fpga-18_ad9238_hdmi/vivado_ad9238/vivado_ad9238.srcs/sources_1/ip/adc_pll/adc_pll.xdc] for cell 'adc_pll_m0/inst'
Finished Parsing XDC File [e:/AX7010_2023.1-course_s1_fpga-18_ad9238_hdmi/vivado_ad9238/vivado_ad9238.srcs/sources_1/ip/adc_pll/adc_pll.xdc] for cell 'adc_pll_m0/inst'
Parsing XDC File [e:/AX7010_2023.1-course_s1_fpga-18_ad9238_hdmi/vivado_ad9238/vivado_ad9238.srcs/sources_1/ip/video_pll/video_pll_board.xdc] for cell 'video_pll_m0/inst'
Finished Parsing XDC File [e:/AX7010_2023.1-course_s1_fpga-18_ad9238_hdmi/vivado_ad9238/vivado_ad9238.srcs/sources_1/ip/video_pll/video_pll_board.xdc] for cell 'video_pll_m0/inst'
Parsing XDC File [e:/AX7010_2023.1-course_s1_fpga-18_ad9238_hdmi/vivado_ad9238/vivado_ad9238.srcs/sources_1/ip/video_pll/video_pll.xdc] for cell 'video_pll_m0/inst'
INFO: [Timing 38-35] Done setting XDC timing constraints. [e:/AX7010_2023.1-course_s1_fpga-18_ad9238_hdmi/vivado_ad9238/vivado_ad9238.srcs/sources_1/ip/video_pll/video_pll.xdc:57]
INFO: [Timing 38-2] Deriving generated clocks [e:/AX7010_2023.1-course_s1_fpga-18_ad9238_hdmi/vivado_ad9238/vivado_ad9238.srcs/sources_1/ip/video_pll/video_pll.xdc:57]
Finished Parsing XDC File [e:/AX7010_2023.1-course_s1_fpga-18_ad9238_hdmi/vivado_ad9238/vivado_ad9238.srcs/sources_1/ip/video_pll/video_pll.xdc] for cell 'video_pll_m0/inst'
Parsing XDC File [e:/AX7010_2023.1-course_s1_fpga-18_ad9238_hdmi/vivado_ad9238/vivado_ad9238.srcs/sources_1/ip/ila_0/ila_v6_2/constraints/ila_impl.xdc] for cell 'ila_0_m0/inst'
Finished Parsing XDC File [e:/AX7010_2023.1-course_s1_fpga-18_ad9238_hdmi/vivado_ad9238/vivado_ad9238.srcs/sources_1/ip/ila_0/ila_v6_2/constraints/ila_impl.xdc] for cell 'ila_0_m0/inst'
Parsing XDC File [e:/AX7010_2023.1-course_s1_fpga-18_ad9238_hdmi/vivado_ad9238/vivado_ad9238.srcs/sources_1/ip/ila_0/ila_v6_2/constraints/ila.xdc] for cell 'ila_0_m0/inst'
Finished Parsing XDC File [e:/AX7010_2023.1-course_s1_fpga-18_ad9238_hdmi/vivado_ad9238/vivado_ad9238.srcs/sources_1/ip/ila_0/ila_v6_2/constraints/ila.xdc] for cell 'ila_0_m0/inst'
Parsing XDC File [E:/AX7010_2023.1-course_s1_fpga-18_ad9238_hdmi/vivado_ad9238/vivado_ad9238.srcs/constrs_1/new/ad9238_hdmi.xdc]
Finished Parsing XDC File [E:/AX7010_2023.1-course_s1_fpga-18_ad9238_hdmi/vivado_ad9238/vivado_ad9238.srcs/constrs_1/new/ad9238_hdmi.xdc]
Parsing XDC File [e:/AX7010_2023.1-course_s1_fpga-18_ad9238_hdmi/vivado_ad9238/vivado_ad9238.srcs/sources_1/ip/rgb2dvi_0/src/rgb2dvi_clocks.xdc] for cell 'rgb2dvi_m0/U0'
Finished Parsing XDC File [e:/AX7010_2023.1-course_s1_fpga-18_ad9238_hdmi/vivado_ad9238/vivado_ad9238.srcs/sources_1/ip/rgb2dvi_0/src/rgb2dvi_clocks.xdc] for cell 'rgb2dvi_m0/U0'
Parsing XDC File [e:/AX7010_2023.1-course_s1_fpga-18_ad9238_hdmi/vivado_ad9238/vivado_ad9238.srcs/sources_1/ip/adc_pll/adc_pll_late.xdc] for cell 'adc_pll_m0/inst'
Finished Parsing XDC File [e:/AX7010_2023.1-course_s1_fpga-18_ad9238_hdmi/vivado_ad9238/vivado_ad9238.srcs/sources_1/ip/adc_pll/adc_pll_late.xdc] for cell 'adc_pll_m0/inst'
INFO: [Opt 31-138] Pushed 0 inverter(s) to 0 load pin(s).
Netlist sorting complete. Time (s): cpu = 00:00:00 ; elapsed = 00:00:00.001 . Memory (MB): peak = 4450.324 ; gain = 0.000
INFO: [Project 1-111] Unisim Transformation Summary:
  A total of 48 instances were transformed.
  CFGLUT5 => CFGLUT5 (SRL16E, SRLC32E): 48 instances

place_ports CS H16
place_ports DRDY G15
place_ports MISO H15
place_ports MOSI J14
startgroup
set_property package_pin "" [get_ports [list  CS]]
place_ports SCLK H16
endgroup
startgroup
set_property package_pin "" [get_ports [list  DRDY]]
place_ports MOSI G15
endgroup
place_ports DRDY J14
place_ports CS K14
set_property IOSTANDARD LVCMOS33 [get_ports [list CS]]
set_property IOSTANDARD LVCMOS33 [get_ports [list DRDY]]
set_property IOSTANDARD LVCMOS33 [get_ports [list MISO]]
set_property IOSTANDARD LVCMOS33 [get_ports [list MOSI]]
set_property IOSTANDARD LVCMOS33 [get_ports [list SCLK]]
set_property target_constrs_file E:/AX7010_2023.1-course_s1_fpga-18_ad9238_hdmi/vivado_ad9238/vivado_ad9238.srcs/constrs_1/new/ad9238_hdmi.xdc [current_fileset -constrset]
save_constraints -force
reorder_files -fileset constrs_1 -after E:/AX7010_2023.1-course_s1_fpga-18_ad9238_hdmi/vivado_ad9238/vivado_ad9238.srcs/constrs_1/new/ad9238_hdmi.xdc E:/AX7010_2023.1-course_s1_fpga-18_ad9238_hdmi/vivado_ad9238/vivado_ad9238.srcs/constrs_1/new/ad9238_hdmi.xdc
launch_runs impl_1 -jobs 16
INFO: [Timing 38-480] Writing timing data to binary archive.
Writing placer database...
Writing XDEF routing.
Writing XDEF routing logical nets.
Writing XDEF routing special nets.
Write XDEF Complete: Time (s): cpu = 00:00:00 ; elapsed = 00:00:00.035 . Memory (MB): peak = 4450.324 ; gain = 0.000
[Sat Nov 23 12:56:02 2024] Launched impl_1...
Run output will be captured here: E:/AX7010_2023.1-course_s1_fpga-18_ad9238_hdmi/vivado_ad9238/vivado_ad9238.runs/impl_1/runme.log
launch_runs impl_1 -to_step write_bitstream -jobs 16
[Sat Nov 23 12:57:47 2024] Launched impl_1...
Run output will be captured here: E:/AX7010_2023.1-course_s1_fpga-18_ad9238_hdmi/vivado_ad9238/vivado_ad9238.runs/impl_1/runme.log
INFO: [Labtoolstcl 44-466] Opening hw_target localhost:3121/xilinx_tcf/Digilent/210512180081
WARNING: [Labtoolstcl 44-129] No matching hw_ila_data was found.
INFO: [Labtools 27-1434] Device xc7z010 (JTAG device index = 1) is programmed with a design that has no supported debug core(s) in it.
WARNING: [Labtoolstcl 44-129] No matching hw_ila_data was found.
set_property PROBES.FILE {E:/AX7010_2023.1-course_s1_fpga-18_ad9238_hdmi/vivado_ad9238/vivado_ad9238.runs/impl_1/top.ltx} [get_hw_devices xc7z010_1]
set_property FULL_PROBES.FILE {E:/AX7010_2023.1-course_s1_fpga-18_ad9238_hdmi/vivado_ad9238/vivado_ad9238.runs/impl_1/top.ltx} [get_hw_devices xc7z010_1]
set_property PROGRAM.FILE {E:/AX7010_2023.1-course_s1_fpga-18_ad9238_hdmi/vivado_ad9238/vivado_ad9238.runs/impl_1/top.bit} [get_hw_devices xc7z010_1]
program_hw_devices [get_hw_devices xc7z010_1]
INFO: [Labtools 27-3164] End of startup status: HIGH
refresh_hw_device [lindex [get_hw_devices xc7z010_1] 0]
INFO: [Labtools 27-2302] Device xc7z010 (JTAG device index = 1) is programmed with a design that has 1 ILA core(s).
display_hw_ila_data [ get_hw_ila_data hw_ila_data_1 -of_objects [get_hw_ilas -of_objects [get_hw_devices xc7z010_1] -filter {CELL_NAME=~"ila_0_m0"}]]
run_hw_ila [get_hw_ilas -of_objects [get_hw_devices xc7z010_1] -filter {CELL_NAME=~"ila_0_m0"}]
INFO: [Labtools 27-1964] The ILA core 'hw_ila_1' trigger was armed at 2024-Nov-23 13:00:45
wait_on_hw_ila [get_hw_ilas -of_objects [get_hw_devices xc7z010_1] -filter {CELL_NAME=~"ila_0_m0"}]
display_hw_ila_data [upload_hw_ila_data [get_hw_ilas -of_objects [get_hw_devices xc7z010_1] -filter {CELL_NAME=~"ila_0_m0"}]]
INFO: [Labtools 27-1966] The ILA core 'hw_ila_1' triggered at 2024-Nov-23 13:00:45
INFO: [Labtools 27-3304] ILA Waveform data saved to file E:/AX7010_2023.1-course_s1_fpga-18_ad9238_hdmi/vivado_ad9238/vivado_ad9238.hw/backup/hw_ila_data_1.ila. Use Tcl command 'read_hw_ila_data' or Vivado File->Import->Import ILA Data menu item to import the previously saved data.
run_hw_ila [get_hw_ilas -of_objects [get_hw_devices xc7z010_1] -filter {CELL_NAME=~"ila_0_m0"}]
INFO: [Labtools 27-1964] The ILA core 'hw_ila_1' trigger was armed at 2024-Nov-23 13:00:54
wait_on_hw_ila [get_hw_ilas -of_objects [get_hw_devices xc7z010_1] -filter {CELL_NAME=~"ila_0_m0"}]
display_hw_ila_data [upload_hw_ila_data [get_hw_ilas -of_objects [get_hw_devices xc7z010_1] -filter {CELL_NAME=~"ila_0_m0"}]]
INFO: [Labtools 27-1966] The ILA core 'hw_ila_1' triggered at 2024-Nov-23 13:00:54
INFO: [Labtools 27-3304] ILA Waveform data saved to file E:/AX7010_2023.1-course_s1_fpga-18_ad9238_hdmi/vivado_ad9238/vivado_ad9238.hw/backup/hw_ila_data_1.ila. Use Tcl command 'read_hw_ila_data' or Vivado File->Import->Import ILA Data menu item to import the previously saved data.
run_hw_ila [get_hw_ilas -of_objects [get_hw_devices xc7z010_1] -filter {CELL_NAME=~"ila_0_m0"}]
INFO: [Labtools 27-1964] The ILA core 'hw_ila_1' trigger was armed at 2024-Nov-23 13:00:56
wait_on_hw_ila [get_hw_ilas -of_objects [get_hw_devices xc7z010_1] -filter {CELL_NAME=~"ila_0_m0"}]
display_hw_ila_data [upload_hw_ila_data [get_hw_ilas -of_objects [get_hw_devices xc7z010_1] -filter {CELL_NAME=~"ila_0_m0"}]]
INFO: [Labtools 27-1966] The ILA core 'hw_ila_1' triggered at 2024-Nov-23 13:00:56
INFO: [Labtools 27-3304] ILA Waveform data saved to file E:/AX7010_2023.1-course_s1_fpga-18_ad9238_hdmi/vivado_ad9238/vivado_ad9238.hw/backup/hw_ila_data_1.ila. Use Tcl command 'read_hw_ila_data' or Vivado File->Import->Import ILA Data menu item to import the previously saved data.
run_hw_ila [get_hw_ilas -of_objects [get_hw_devices xc7z010_1] -filter {CELL_NAME=~"ila_0_m0"}]
INFO: [Labtools 27-1964] The ILA core 'hw_ila_1' trigger was armed at 2024-Nov-23 13:00:59
wait_on_hw_ila [get_hw_ilas -of_objects [get_hw_devices xc7z010_1] -filter {CELL_NAME=~"ila_0_m0"}]
display_hw_ila_data [upload_hw_ila_data [get_hw_ilas -of_objects [get_hw_devices xc7z010_1] -filter {CELL_NAME=~"ila_0_m0"}]]
INFO: [Labtools 27-1966] The ILA core 'hw_ila_1' triggered at 2024-Nov-23 13:00:59
INFO: [Labtools 27-3304] ILA Waveform data saved to file E:/AX7010_2023.1-course_s1_fpga-18_ad9238_hdmi/vivado_ad9238/vivado_ad9238.hw/backup/hw_ila_data_1.ila. Use Tcl command 'read_hw_ila_data' or Vivado File->Import->Import ILA Data menu item to import the previously saved data.
run_hw_ila [get_hw_ilas -of_objects [get_hw_devices xc7z010_1] -filter {CELL_NAME=~"ila_0_m0"}]
INFO: [Labtools 27-1964] The ILA core 'hw_ila_1' trigger was armed at 2024-Nov-23 13:01:00
wait_on_hw_ila [get_hw_ilas -of_objects [get_hw_devices xc7z010_1] -filter {CELL_NAME=~"ila_0_m0"}]
display_hw_ila_data [upload_hw_ila_data [get_hw_ilas -of_objects [get_hw_devices xc7z010_1] -filter {CELL_NAME=~"ila_0_m0"}]]
INFO: [Labtools 27-1966] The ILA core 'hw_ila_1' triggered at 2024-Nov-23 13:01:00
INFO: [Labtools 27-3304] ILA Waveform data saved to file E:/AX7010_2023.1-course_s1_fpga-18_ad9238_hdmi/vivado_ad9238/vivado_ad9238.hw/backup/hw_ila_data_1.ila. Use Tcl command 'read_hw_ila_data' or Vivado File->Import->Import ILA Data menu item to import the previously saved data.
run_hw_ila [get_hw_ilas -of_objects [get_hw_devices xc7z010_1] -filter {CELL_NAME=~"ila_0_m0"}] -trigger_now
INFO: [Labtools 27-1964] The ILA core 'hw_ila_1' trigger was armed at 2024-Nov-23 13:01:01
wait_on_hw_ila [get_hw_ilas -of_objects [get_hw_devices xc7z010_1] -filter {CELL_NAME=~"ila_0_m0"}]
display_hw_ila_data [upload_hw_ila_data [get_hw_ilas -of_objects [get_hw_devices xc7z010_1] -filter {CELL_NAME=~"ila_0_m0"}]]
INFO: [Labtools 27-1966] The ILA core 'hw_ila_1' triggered at 2024-Nov-23 13:01:01
INFO: [Labtools 27-3304] ILA Waveform data saved to file E:/AX7010_2023.1-course_s1_fpga-18_ad9238_hdmi/vivado_ad9238/vivado_ad9238.hw/backup/hw_ila_data_1.ila. Use Tcl command 'read_hw_ila_data' or Vivado File->Import->Import ILA Data menu item to import the previously saved data.
run_hw_ila [get_hw_ilas -of_objects [get_hw_devices xc7z010_1] -filter {CELL_NAME=~"ila_0_m0"}]
INFO: [Labtools 27-1964] The ILA core 'hw_ila_1' trigger was armed at 2024-Nov-23 13:01:17
wait_on_hw_ila [get_hw_ilas -of_objects [get_hw_devices xc7z010_1] -filter {CELL_NAME=~"ila_0_m0"}]
display_hw_ila_data [upload_hw_ila_data [get_hw_ilas -of_objects [get_hw_devices xc7z010_1] -filter {CELL_NAME=~"ila_0_m0"}]]
INFO: [Labtools 27-1966] The ILA core 'hw_ila_1' triggered at 2024-Nov-23 13:01:17
INFO: [Labtools 27-3304] ILA Waveform data saved to file E:/AX7010_2023.1-course_s1_fpga-18_ad9238_hdmi/vivado_ad9238/vivado_ad9238.hw/backup/hw_ila_data_1.ila. Use Tcl command 'read_hw_ila_data' or Vivado File->Import->Import ILA Data menu item to import the previously saved data.
run_hw_ila [get_hw_ilas -of_objects [get_hw_devices xc7z010_1] -filter {CELL_NAME=~"ila_0_m0"}]
INFO: [Labtools 27-1964] The ILA core 'hw_ila_1' trigger was armed at 2024-Nov-23 13:01:19
wait_on_hw_ila [get_hw_ilas -of_objects [get_hw_devices xc7z010_1] -filter {CELL_NAME=~"ila_0_m0"}]
display_hw_ila_data [upload_hw_ila_data [get_hw_ilas -of_objects [get_hw_devices xc7z010_1] -filter {CELL_NAME=~"ila_0_m0"}]]
INFO: [Labtools 27-1966] The ILA core 'hw_ila_1' triggered at 2024-Nov-23 13:01:19
INFO: [Labtools 27-3304] ILA Waveform data saved to file E:/AX7010_2023.1-course_s1_fpga-18_ad9238_hdmi/vivado_ad9238/vivado_ad9238.hw/backup/hw_ila_data_1.ila. Use Tcl command 'read_hw_ila_data' or Vivado File->Import->Import ILA Data menu item to import the previously saved data.
run_hw_ila [get_hw_ilas -of_objects [get_hw_devices xc7z010_1] -filter {CELL_NAME=~"ila_0_m0"}] -trigger_now
INFO: [Labtools 27-1964] The ILA core 'hw_ila_1' trigger was armed at 2024-Nov-23 13:01:21
wait_on_hw_ila [get_hw_ilas -of_objects [get_hw_devices xc7z010_1] -filter {CELL_NAME=~"ila_0_m0"}]
display_hw_ila_data [upload_hw_ila_data [get_hw_ilas -of_objects [get_hw_devices xc7z010_1] -filter {CELL_NAME=~"ila_0_m0"}]]
INFO: [Labtools 27-1966] The ILA core 'hw_ila_1' triggered at 2024-Nov-23 13:01:21
INFO: [Labtools 27-3304] ILA Waveform data saved to file E:/AX7010_2023.1-course_s1_fpga-18_ad9238_hdmi/vivado_ad9238/vivado_ad9238.hw/backup/hw_ila_data_1.ila. Use Tcl command 'read_hw_ila_data' or Vivado File->Import->Import ILA Data menu item to import the previously saved data.
run_hw_ila [get_hw_ilas -of_objects [get_hw_devices xc7z010_1] -filter {CELL_NAME=~"ila_0_m0"}] -trigger_now
INFO: [Labtools 27-1964] The ILA core 'hw_ila_1' trigger was armed at 2024-Nov-23 13:01:22
wait_on_hw_ila [get_hw_ilas -of_objects [get_hw_devices xc7z010_1] -filter {CELL_NAME=~"ila_0_m0"}]
display_hw_ila_data [upload_hw_ila_data [get_hw_ilas -of_objects [get_hw_devices xc7z010_1] -filter {CELL_NAME=~"ila_0_m0"}]]
INFO: [Labtools 27-1966] The ILA core 'hw_ila_1' triggered at 2024-Nov-23 13:01:22
INFO: [Labtools 27-3304] ILA Waveform data saved to file E:/AX7010_2023.1-course_s1_fpga-18_ad9238_hdmi/vivado_ad9238/vivado_ad9238.hw/backup/hw_ila_data_1.ila. Use Tcl command 'read_hw_ila_data' or Vivado File->Import->Import ILA Data menu item to import the previously saved data.
run_hw_ila [get_hw_ilas -of_objects [get_hw_devices xc7z010_1] -filter {CELL_NAME=~"ila_0_m0"}] -trigger_now
INFO: [Labtools 27-1964] The ILA core 'hw_ila_1' trigger was armed at 2024-Nov-23 13:01:23
wait_on_hw_ila [get_hw_ilas -of_objects [get_hw_devices xc7z010_1] -filter {CELL_NAME=~"ila_0_m0"}]
display_hw_ila_data [upload_hw_ila_data [get_hw_ilas -of_objects [get_hw_devices xc7z010_1] -filter {CELL_NAME=~"ila_0_m0"}]]
INFO: [Labtools 27-1966] The ILA core 'hw_ila_1' triggered at 2024-Nov-23 13:01:23
INFO: [Labtools 27-3304] ILA Waveform data saved to file E:/AX7010_2023.1-course_s1_fpga-18_ad9238_hdmi/vivado_ad9238/vivado_ad9238.hw/backup/hw_ila_data_1.ila. Use Tcl command 'read_hw_ila_data' or Vivado File->Import->Import ILA Data menu item to import the previously saved data.
run_hw_ila [get_hw_ilas -of_objects [get_hw_devices xc7z010_1] -filter {CELL_NAME=~"ila_0_m0"}] -trigger_now
INFO: [Labtools 27-1964] The ILA core 'hw_ila_1' trigger was armed at 2024-Nov-23 13:01:25
wait_on_hw_ila [get_hw_ilas -of_objects [get_hw_devices xc7z010_1] -filter {CELL_NAME=~"ila_0_m0"}]
display_hw_ila_data [upload_hw_ila_data [get_hw_ilas -of_objects [get_hw_devices xc7z010_1] -filter {CELL_NAME=~"ila_0_m0"}]]
INFO: [Labtools 27-1966] The ILA core 'hw_ila_1' triggered at 2024-Nov-23 13:01:25
INFO: [Labtools 27-3304] ILA Waveform data saved to file E:/AX7010_2023.1-course_s1_fpga-18_ad9238_hdmi/vivado_ad9238/vivado_ad9238.hw/backup/hw_ila_data_1.ila. Use Tcl command 'read_hw_ila_data' or Vivado File->Import->Import ILA Data menu item to import the previously saved data.
run_hw_ila [get_hw_ilas -of_objects [get_hw_devices xc7z010_1] -filter {CELL_NAME=~"ila_0_m0"}] -trigger_now
INFO: [Labtools 27-1964] The ILA core 'hw_ila_1' trigger was armed at 2024-Nov-23 13:01:28
wait_on_hw_ila [get_hw_ilas -of_objects [get_hw_devices xc7z010_1] -filter {CELL_NAME=~"ila_0_m0"}]
display_hw_ila_data [upload_hw_ila_data [get_hw_ilas -of_objects [get_hw_devices xc7z010_1] -filter {CELL_NAME=~"ila_0_m0"}]]
INFO: [Labtools 27-1966] The ILA core 'hw_ila_1' triggered at 2024-Nov-23 13:01:28
INFO: [Labtools 27-3304] ILA Waveform data saved to file E:/AX7010_2023.1-course_s1_fpga-18_ad9238_hdmi/vivado_ad9238/vivado_ad9238.hw/backup/hw_ila_data_1.ila. Use Tcl command 'read_hw_ila_data' or Vivado File->Import->Import ILA Data menu item to import the previously saved data.
run_hw_ila [get_hw_ilas -of_objects [get_hw_devices xc7z010_1] -filter {CELL_NAME=~"ila_0_m0"}] -trigger_now
INFO: [Labtools 27-1964] The ILA core 'hw_ila_1' trigger was armed at 2024-Nov-23 13:01:31
wait_on_hw_ila [get_hw_ilas -of_objects [get_hw_devices xc7z010_1] -filter {CELL_NAME=~"ila_0_m0"}]
display_hw_ila_data [upload_hw_ila_data [get_hw_ilas -of_objects [get_hw_devices xc7z010_1] -filter {CELL_NAME=~"ila_0_m0"}]]
INFO: [Labtools 27-1966] The ILA core 'hw_ila_1' triggered at 2024-Nov-23 13:01:31
INFO: [Labtools 27-3304] ILA Waveform data saved to file E:/AX7010_2023.1-course_s1_fpga-18_ad9238_hdmi/vivado_ad9238/vivado_ad9238.hw/backup/hw_ila_data_1.ila. Use Tcl command 'read_hw_ila_data' or Vivado File->Import->Import ILA Data menu item to import the previously saved data.
close_design
open_run impl_1
Netlist sorting complete. Time (s): cpu = 00:00:00 ; elapsed = 00:00:00.050 . Memory (MB): peak = 4450.324 ; gain = 0.000
INFO: [Netlist 29-17] Analyzing 169 Unisim elements for replacement
INFO: [Netlist 29-28] Unisim Transformation completed in 0 CPU seconds
INFO: [Project 1-479] Netlist was created with Vivado 2020.1
INFO: [Project 1-570] Preparing netlist for logic optimization
WARNING: [Constraints 18-550] Could not create 'IBUF_LOW_PWR' constraint because net 'video_pll_m0/clk_in1' is not directly connected to top level port. Synthesis is ignored for IBUF_LOW_PWR but preserved for implementation.
INFO: [Timing 38-478] Restoring timing data from binary archive.
INFO: [Timing 38-479] Binary timing data restore complete.
INFO: [Project 1-856] Restoring constraints from binary archive.
INFO: [Project 1-853] Binary constraint restore complete.
Reading XDEF placement.
Reading placer database...
Reading XDEF routing.
Read XDEF File: Time (s): cpu = 00:00:00 ; elapsed = 00:00:00.267 . Memory (MB): peak = 4450.324 ; gain = 0.000
Restored from archive | CPU: 0.000000 secs | Memory: 0.000000 MB |
Finished XDEF File Restore: Time (s): cpu = 00:00:00 ; elapsed = 00:00:00.268 . Memory (MB): peak = 4450.324 ; gain = 0.000
Netlist sorting complete. Time (s): cpu = 00:00:00 ; elapsed = 00:00:00.001 . Memory (MB): peak = 4450.324 ; gain = 0.000
INFO: [Project 1-111] Unisim Transformation Summary:
  A total of 54 instances were transformed.
  CFGLUT5 => CFGLUT5 (SRL16E, SRLC32E): 48 instances
  RAM32M => RAM32M (RAMD32(x6), RAMS32(x2)): 6 instances

WARNING: [Timing 38-436] There are set_bus_skew constraint(s) in this design. Please run report_bus_skew to ensure that bus skew requirements are met.
run_hw_ila [get_hw_ilas -of_objects [get_hw_devices xc7z010_1] -filter {CELL_NAME=~"ila_0_m0"}]
INFO: [Labtools 27-1964] The ILA core 'hw_ila_1' trigger was armed at 2024-Nov-23 13:02:54
wait_on_hw_ila [get_hw_ilas -of_objects [get_hw_devices xc7z010_1] -filter {CELL_NAME=~"ila_0_m0"}]
display_hw_ila_data [upload_hw_ila_data [get_hw_ilas -of_objects [get_hw_devices xc7z010_1] -filter {CELL_NAME=~"ila_0_m0"}]]
INFO: [Labtools 27-1966] The ILA core 'hw_ila_1' triggered at 2024-Nov-23 13:02:54
INFO: [Labtools 27-3304] ILA Waveform data saved to file E:/AX7010_2023.1-course_s1_fpga-18_ad9238_hdmi/vivado_ad9238/vivado_ad9238.hw/backup/hw_ila_data_1.ila. Use Tcl command 'read_hw_ila_data' or Vivado File->Import->Import ILA Data menu item to import the previously saved data.
run_hw_ila [get_hw_ilas -of_objects [get_hw_devices xc7z010_1] -filter {CELL_NAME=~"ila_0_m0"}]
INFO: [Labtools 27-1964] The ILA core 'hw_ila_1' trigger was armed at 2024-Nov-23 13:02:56
wait_on_hw_ila [get_hw_ilas -of_objects [get_hw_devices xc7z010_1] -filter {CELL_NAME=~"ila_0_m0"}]
display_hw_ila_data [upload_hw_ila_data [get_hw_ilas -of_objects [get_hw_devices xc7z010_1] -filter {CELL_NAME=~"ila_0_m0"}]]
INFO: [Labtools 27-1966] The ILA core 'hw_ila_1' triggered at 2024-Nov-23 13:02:56
INFO: [Labtools 27-3304] ILA Waveform data saved to file E:/AX7010_2023.1-course_s1_fpga-18_ad9238_hdmi/vivado_ad9238/vivado_ad9238.hw/backup/hw_ila_data_1.ila. Use Tcl command 'read_hw_ila_data' or Vivado File->Import->Import ILA Data menu item to import the previously saved data.
run_hw_ila [get_hw_ilas -of_objects [get_hw_devices xc7z010_1] -filter {CELL_NAME=~"ila_0_m0"}]
INFO: [Labtools 27-1964] The ILA core 'hw_ila_1' trigger was armed at 2024-Nov-23 13:03:08
wait_on_hw_ila [get_hw_ilas -of_objects [get_hw_devices xc7z010_1] -filter {CELL_NAME=~"ila_0_m0"}]
display_hw_ila_data [upload_hw_ila_data [get_hw_ilas -of_objects [get_hw_devices xc7z010_1] -filter {CELL_NAME=~"ila_0_m0"}]]
INFO: [Labtools 27-1966] The ILA core 'hw_ila_1' triggered at 2024-Nov-23 13:03:08
INFO: [Labtools 27-3304] ILA Waveform data saved to file E:/AX7010_2023.1-course_s1_fpga-18_ad9238_hdmi/vivado_ad9238/vivado_ad9238.hw/backup/hw_ila_data_1.ila. Use Tcl command 'read_hw_ila_data' or Vivado File->Import->Import ILA Data menu item to import the previously saved data.
run_hw_ila [get_hw_ilas -of_objects [get_hw_devices xc7z010_1] -filter {CELL_NAME=~"ila_0_m0"}]
INFO: [Labtools 27-1964] The ILA core 'hw_ila_1' trigger was armed at 2024-Nov-23 13:03:09
wait_on_hw_ila [get_hw_ilas -of_objects [get_hw_devices xc7z010_1] -filter {CELL_NAME=~"ila_0_m0"}]
display_hw_ila_data [upload_hw_ila_data [get_hw_ilas -of_objects [get_hw_devices xc7z010_1] -filter {CELL_NAME=~"ila_0_m0"}]]
INFO: [Labtools 27-1966] The ILA core 'hw_ila_1' triggered at 2024-Nov-23 13:03:09
INFO: [Labtools 27-3304] ILA Waveform data saved to file E:/AX7010_2023.1-course_s1_fpga-18_ad9238_hdmi/vivado_ad9238/vivado_ad9238.hw/backup/hw_ila_data_1.ila. Use Tcl command 'read_hw_ila_data' or Vivado File->Import->Import ILA Data menu item to import the previously saved data.
run_hw_ila [get_hw_ilas -of_objects [get_hw_devices xc7z010_1] -filter {CELL_NAME=~"ila_0_m0"}]
INFO: [Labtools 27-1964] The ILA core 'hw_ila_1' trigger was armed at 2024-Nov-23 13:03:10
wait_on_hw_ila [get_hw_ilas -of_objects [get_hw_devices xc7z010_1] -filter {CELL_NAME=~"ila_0_m0"}]
display_hw_ila_data [upload_hw_ila_data [get_hw_ilas -of_objects [get_hw_devices xc7z010_1] -filter {CELL_NAME=~"ila_0_m0"}]]
INFO: [Labtools 27-1966] The ILA core 'hw_ila_1' triggered at 2024-Nov-23 13:03:10
INFO: [Labtools 27-3304] ILA Waveform data saved to file E:/AX7010_2023.1-course_s1_fpga-18_ad9238_hdmi/vivado_ad9238/vivado_ad9238.hw/backup/hw_ila_data_1.ila. Use Tcl command 'read_hw_ila_data' or Vivado File->Import->Import ILA Data menu item to import the previously saved data.
run_hw_ila [get_hw_ilas -of_objects [get_hw_devices xc7z010_1] -filter {CELL_NAME=~"ila_0_m0"}]
INFO: [Labtools 27-1964] The ILA core 'hw_ila_1' trigger was armed at 2024-Nov-23 13:03:13
wait_on_hw_ila [get_hw_ilas -of_objects [get_hw_devices xc7z010_1] -filter {CELL_NAME=~"ila_0_m0"}]
display_hw_ila_data [upload_hw_ila_data [get_hw_ilas -of_objects [get_hw_devices xc7z010_1] -filter {CELL_NAME=~"ila_0_m0"}]]
INFO: [Labtools 27-1966] The ILA core 'hw_ila_1' triggered at 2024-Nov-23 13:03:13
INFO: [Labtools 27-3304] ILA Waveform data saved to file E:/AX7010_2023.1-course_s1_fpga-18_ad9238_hdmi/vivado_ad9238/vivado_ad9238.hw/backup/hw_ila_data_1.ila. Use Tcl command 'read_hw_ila_data' or Vivado File->Import->Import ILA Data menu item to import the previously saved data.
run_hw_ila [get_hw_ilas -of_objects [get_hw_devices xc7z010_1] -filter {CELL_NAME=~"ila_0_m0"}]
INFO: [Labtools 27-1964] The ILA core 'hw_ila_1' trigger was armed at 2024-Nov-23 13:03:16
wait_on_hw_ila [get_hw_ilas -of_objects [get_hw_devices xc7z010_1] -filter {CELL_NAME=~"ila_0_m0"}]
display_hw_ila_data [upload_hw_ila_data [get_hw_ilas -of_objects [get_hw_devices xc7z010_1] -filter {CELL_NAME=~"ila_0_m0"}]]
INFO: [Labtools 27-1966] The ILA core 'hw_ila_1' triggered at 2024-Nov-23 13:03:16
INFO: [Labtools 27-3304] ILA Waveform data saved to file E:/AX7010_2023.1-course_s1_fpga-18_ad9238_hdmi/vivado_ad9238/vivado_ad9238.hw/backup/hw_ila_data_1.ila. Use Tcl command 'read_hw_ila_data' or Vivado File->Import->Import ILA Data menu item to import the previously saved data.
run_hw_ila [get_hw_ilas -of_objects [get_hw_devices xc7z010_1] -filter {CELL_NAME=~"ila_0_m0"}]
INFO: [Labtools 27-1964] The ILA core 'hw_ila_1' trigger was armed at 2024-Nov-23 13:03:17
wait_on_hw_ila [get_hw_ilas -of_objects [get_hw_devices xc7z010_1] -filter {CELL_NAME=~"ila_0_m0"}]
display_hw_ila_data [upload_hw_ila_data [get_hw_ilas -of_objects [get_hw_devices xc7z010_1] -filter {CELL_NAME=~"ila_0_m0"}]]
INFO: [Labtools 27-1966] The ILA core 'hw_ila_1' triggered at 2024-Nov-23 13:03:17
INFO: [Labtools 27-3304] ILA Waveform data saved to file E:/AX7010_2023.1-course_s1_fpga-18_ad9238_hdmi/vivado_ad9238/vivado_ad9238.hw/backup/hw_ila_data_1.ila. Use Tcl command 'read_hw_ila_data' or Vivado File->Import->Import ILA Data menu item to import the previously saved data.
run_hw_ila [get_hw_ilas -of_objects [get_hw_devices xc7z010_1] -filter {CELL_NAME=~"ila_0_m0"}]
INFO: [Labtools 27-1964] The ILA core 'hw_ila_1' trigger was armed at 2024-Nov-23 13:03:21
wait_on_hw_ila [get_hw_ilas -of_objects [get_hw_devices xc7z010_1] -filter {CELL_NAME=~"ila_0_m0"}]
display_hw_ila_data [upload_hw_ila_data [get_hw_ilas -of_objects [get_hw_devices xc7z010_1] -filter {CELL_NAME=~"ila_0_m0"}]]
INFO: [Labtools 27-1966] The ILA core 'hw_ila_1' triggered at 2024-Nov-23 13:03:21
INFO: [Labtools 27-3304] ILA Waveform data saved to file E:/AX7010_2023.1-course_s1_fpga-18_ad9238_hdmi/vivado_ad9238/vivado_ad9238.hw/backup/hw_ila_data_1.ila. Use Tcl command 'read_hw_ila_data' or Vivado File->Import->Import ILA Data menu item to import the previously saved data.
run_hw_ila [get_hw_ilas -of_objects [get_hw_devices xc7z010_1] -filter {CELL_NAME=~"ila_0_m0"}]
INFO: [Labtools 27-1964] The ILA core 'hw_ila_1' trigger was armed at 2024-Nov-23 13:03:35
wait_on_hw_ila [get_hw_ilas -of_objects [get_hw_devices xc7z010_1] -filter {CELL_NAME=~"ila_0_m0"}]
display_hw_ila_data [upload_hw_ila_data [get_hw_ilas -of_objects [get_hw_devices xc7z010_1] -filter {CELL_NAME=~"ila_0_m0"}]]
INFO: [Labtools 27-1966] The ILA core 'hw_ila_1' triggered at 2024-Nov-23 13:03:35
INFO: [Labtools 27-3304] ILA Waveform data saved to file E:/AX7010_2023.1-course_s1_fpga-18_ad9238_hdmi/vivado_ad9238/vivado_ad9238.hw/backup/hw_ila_data_1.ila. Use Tcl command 'read_hw_ila_data' or Vivado File->Import->Import ILA Data menu item to import the previously saved data.
run_hw_ila [get_hw_ilas -of_objects [get_hw_devices xc7z010_1] -filter {CELL_NAME=~"ila_0_m0"}]
INFO: [Labtools 27-1964] The ILA core 'hw_ila_1' trigger was armed at 2024-Nov-23 13:03:36
wait_on_hw_ila [get_hw_ilas -of_objects [get_hw_devices xc7z010_1] -filter {CELL_NAME=~"ila_0_m0"}]
display_hw_ila_data [upload_hw_ila_data [get_hw_ilas -of_objects [get_hw_devices xc7z010_1] -filter {CELL_NAME=~"ila_0_m0"}]]
INFO: [Labtools 27-1966] The ILA core 'hw_ila_1' triggered at 2024-Nov-23 13:03:36
INFO: [Labtools 27-3304] ILA Waveform data saved to file E:/AX7010_2023.1-course_s1_fpga-18_ad9238_hdmi/vivado_ad9238/vivado_ad9238.hw/backup/hw_ila_data_1.ila. Use Tcl command 'read_hw_ila_data' or Vivado File->Import->Import ILA Data menu item to import the previously saved data.
run_hw_ila [get_hw_ilas -of_objects [get_hw_devices xc7z010_1] -filter {CELL_NAME=~"ila_0_m0"}] -trigger_now
INFO: [Labtools 27-1964] The ILA core 'hw_ila_1' trigger was armed at 2024-Nov-23 13:03:39
wait_on_hw_ila [get_hw_ilas -of_objects [get_hw_devices xc7z010_1] -filter {CELL_NAME=~"ila_0_m0"}]
display_hw_ila_data [upload_hw_ila_data [get_hw_ilas -of_objects [get_hw_devices xc7z010_1] -filter {CELL_NAME=~"ila_0_m0"}]]
INFO: [Labtools 27-1966] The ILA core 'hw_ila_1' triggered at 2024-Nov-23 13:03:39
INFO: [Labtools 27-3304] ILA Waveform data saved to file E:/AX7010_2023.1-course_s1_fpga-18_ad9238_hdmi/vivado_ad9238/vivado_ad9238.hw/backup/hw_ila_data_1.ila. Use Tcl command 'read_hw_ila_data' or Vivado File->Import->Import ILA Data menu item to import the previously saved data.
run_hw_ila [get_hw_ilas -of_objects [get_hw_devices xc7z010_1] -filter {CELL_NAME=~"ila_0_m0"}] -trigger_now
INFO: [Labtools 27-1964] The ILA core 'hw_ila_1' trigger was armed at 2024-Nov-23 13:03:42
wait_on_hw_ila [get_hw_ilas -of_objects [get_hw_devices xc7z010_1] -filter {CELL_NAME=~"ila_0_m0"}]
display_hw_ila_data [upload_hw_ila_data [get_hw_ilas -of_objects [get_hw_devices xc7z010_1] -filter {CELL_NAME=~"ila_0_m0"}]]
INFO: [Labtools 27-1966] The ILA core 'hw_ila_1' triggered at 2024-Nov-23 13:03:42
INFO: [Labtools 27-3304] ILA Waveform data saved to file E:/AX7010_2023.1-course_s1_fpga-18_ad9238_hdmi/vivado_ad9238/vivado_ad9238.hw/backup/hw_ila_data_1.ila. Use Tcl command 'read_hw_ila_data' or Vivado File->Import->Import ILA Data menu item to import the previously saved data.
run_hw_ila [get_hw_ilas -of_objects [get_hw_devices xc7z010_1] -filter {CELL_NAME=~"ila_0_m0"}]
INFO: [Labtools 27-1964] The ILA core 'hw_ila_1' trigger was armed at 2024-Nov-23 13:05:11
wait_on_hw_ila [get_hw_ilas -of_objects [get_hw_devices xc7z010_1] -filter {CELL_NAME=~"ila_0_m0"}]
display_hw_ila_data [upload_hw_ila_data [get_hw_ilas -of_objects [get_hw_devices xc7z010_1] -filter {CELL_NAME=~"ila_0_m0"}]]
INFO: [Labtools 27-1966] The ILA core 'hw_ila_1' triggered at 2024-Nov-23 13:05:11
INFO: [Labtools 27-3304] ILA Waveform data saved to file E:/AX7010_2023.1-course_s1_fpga-18_ad9238_hdmi/vivado_ad9238/vivado_ad9238.hw/backup/hw_ila_data_1.ila. Use Tcl command 'read_hw_ila_data' or Vivado File->Import->Import ILA Data menu item to import the previously saved data.
run_hw_ila [get_hw_ilas -of_objects [get_hw_devices xc7z010_1] -filter {CELL_NAME=~"ila_0_m0"}]
INFO: [Labtools 27-1964] The ILA core 'hw_ila_1' trigger was armed at 2024-Nov-23 13:05:13
wait_on_hw_ila [get_hw_ilas -of_objects [get_hw_devices xc7z010_1] -filter {CELL_NAME=~"ila_0_m0"}]
display_hw_ila_data [upload_hw_ila_data [get_hw_ilas -of_objects [get_hw_devices xc7z010_1] -filter {CELL_NAME=~"ila_0_m0"}]]
INFO: [Labtools 27-1966] The ILA core 'hw_ila_1' triggered at 2024-Nov-23 13:05:13
INFO: [Labtools 27-3304] ILA Waveform data saved to file E:/AX7010_2023.1-course_s1_fpga-18_ad9238_hdmi/vivado_ad9238/vivado_ad9238.hw/backup/hw_ila_data_1.ila. Use Tcl command 'read_hw_ila_data' or Vivado File->Import->Import ILA Data menu item to import the previously saved data.
run_hw_ila [get_hw_ilas -of_objects [get_hw_devices xc7z010_1] -filter {CELL_NAME=~"ila_0_m0"}]
INFO: [Labtools 27-1964] The ILA core 'hw_ila_1' trigger was armed at 2024-Nov-23 13:05:14
wait_on_hw_ila [get_hw_ilas -of_objects [get_hw_devices xc7z010_1] -filter {CELL_NAME=~"ila_0_m0"}]
display_hw_ila_data [upload_hw_ila_data [get_hw_ilas -of_objects [get_hw_devices xc7z010_1] -filter {CELL_NAME=~"ila_0_m0"}]]
INFO: [Labtools 27-1966] The ILA core 'hw_ila_1' triggered at 2024-Nov-23 13:05:14
INFO: [Labtools 27-3304] ILA Waveform data saved to file E:/AX7010_2023.1-course_s1_fpga-18_ad9238_hdmi/vivado_ad9238/vivado_ad9238.hw/backup/hw_ila_data_1.ila. Use Tcl command 'read_hw_ila_data' or Vivado File->Import->Import ILA Data menu item to import the previously saved data.
run_hw_ila [get_hw_ilas -of_objects [get_hw_devices xc7z010_1] -filter {CELL_NAME=~"ila_0_m0"}]
INFO: [Labtools 27-1964] The ILA core 'hw_ila_1' trigger was armed at 2024-Nov-23 13:05:16
wait_on_hw_ila [get_hw_ilas -of_objects [get_hw_devices xc7z010_1] -filter {CELL_NAME=~"ila_0_m0"}]
display_hw_ila_data [upload_hw_ila_data [get_hw_ilas -of_objects [get_hw_devices xc7z010_1] -filter {CELL_NAME=~"ila_0_m0"}]]
INFO: [Labtools 27-1966] The ILA core 'hw_ila_1' triggered at 2024-Nov-23 13:05:16
INFO: [Labtools 27-3304] ILA Waveform data saved to file E:/AX7010_2023.1-course_s1_fpga-18_ad9238_hdmi/vivado_ad9238/vivado_ad9238.hw/backup/hw_ila_data_1.ila. Use Tcl command 'read_hw_ila_data' or Vivado File->Import->Import ILA Data menu item to import the previously saved data.
run_hw_ila [get_hw_ilas -of_objects [get_hw_devices xc7z010_1] -filter {CELL_NAME=~"ila_0_m0"}]
INFO: [Labtools 27-1964] The ILA core 'hw_ila_1' trigger was armed at 2024-Nov-23 13:05:19
wait_on_hw_ila [get_hw_ilas -of_objects [get_hw_devices xc7z010_1] -filter {CELL_NAME=~"ila_0_m0"}]
display_hw_ila_data [upload_hw_ila_data [get_hw_ilas -of_objects [get_hw_devices xc7z010_1] -filter {CELL_NAME=~"ila_0_m0"}]]
INFO: [Labtools 27-1966] The ILA core 'hw_ila_1' triggered at 2024-Nov-23 13:05:19
INFO: [Labtools 27-3304] ILA Waveform data saved to file E:/AX7010_2023.1-course_s1_fpga-18_ad9238_hdmi/vivado_ad9238/vivado_ad9238.hw/backup/hw_ila_data_1.ila. Use Tcl command 'read_hw_ila_data' or Vivado File->Import->Import ILA Data menu item to import the previously saved data.
run_hw_ila [get_hw_ilas -of_objects [get_hw_devices xc7z010_1] -filter {CELL_NAME=~"ila_0_m0"}]
INFO: [Labtools 27-1964] The ILA core 'hw_ila_1' trigger was armed at 2024-Nov-23 13:05:23
wait_on_hw_ila [get_hw_ilas -of_objects [get_hw_devices xc7z010_1] -filter {CELL_NAME=~"ila_0_m0"}]
display_hw_ila_data [upload_hw_ila_data [get_hw_ilas -of_objects [get_hw_devices xc7z010_1] -filter {CELL_NAME=~"ila_0_m0"}]]
INFO: [Labtools 27-1966] The ILA core 'hw_ila_1' triggered at 2024-Nov-23 13:05:23
INFO: [Labtools 27-3304] ILA Waveform data saved to file E:/AX7010_2023.1-course_s1_fpga-18_ad9238_hdmi/vivado_ad9238/vivado_ad9238.hw/backup/hw_ila_data_1.ila. Use Tcl command 'read_hw_ila_data' or Vivado File->Import->Import ILA Data menu item to import the previously saved data.
run_hw_ila [get_hw_ilas -of_objects [get_hw_devices xc7z010_1] -filter {CELL_NAME=~"ila_0_m0"}]
INFO: [Labtools 27-1964] The ILA core 'hw_ila_1' trigger was armed at 2024-Nov-23 13:05:24
wait_on_hw_ila [get_hw_ilas -of_objects [get_hw_devices xc7z010_1] -filter {CELL_NAME=~"ila_0_m0"}]
display_hw_ila_data [upload_hw_ila_data [get_hw_ilas -of_objects [get_hw_devices xc7z010_1] -filter {CELL_NAME=~"ila_0_m0"}]]
INFO: [Labtools 27-1966] The ILA core 'hw_ila_1' triggered at 2024-Nov-23 13:05:24
INFO: [Labtools 27-3304] ILA Waveform data saved to file E:/AX7010_2023.1-course_s1_fpga-18_ad9238_hdmi/vivado_ad9238/vivado_ad9238.hw/backup/hw_ila_data_1.ila. Use Tcl command 'read_hw_ila_data' or Vivado File->Import->Import ILA Data menu item to import the previously saved data.
run_hw_ila [get_hw_ilas -of_objects [get_hw_devices xc7z010_1] -filter {CELL_NAME=~"ila_0_m0"}]
INFO: [Labtools 27-1964] The ILA core 'hw_ila_1' trigger was armed at 2024-Nov-23 13:05:52
wait_on_hw_ila [get_hw_ilas -of_objects [get_hw_devices xc7z010_1] -filter {CELL_NAME=~"ila_0_m0"}]
display_hw_ila_data [upload_hw_ila_data [get_hw_ilas -of_objects [get_hw_devices xc7z010_1] -filter {CELL_NAME=~"ila_0_m0"}]]
INFO: [Labtools 27-1966] The ILA core 'hw_ila_1' triggered at 2024-Nov-23 13:05:52
INFO: [Labtools 27-3304] ILA Waveform data saved to file E:/AX7010_2023.1-course_s1_fpga-18_ad9238_hdmi/vivado_ad9238/vivado_ad9238.hw/backup/hw_ila_data_1.ila. Use Tcl command 'read_hw_ila_data' or Vivado File->Import->Import ILA Data menu item to import the previously saved data.
run_hw_ila [get_hw_ilas -of_objects [get_hw_devices xc7z010_1] -filter {CELL_NAME=~"ila_0_m0"}]
INFO: [Labtools 27-1964] The ILA core 'hw_ila_1' trigger was armed at 2024-Nov-23 13:06:18
wait_on_hw_ila [get_hw_ilas -of_objects [get_hw_devices xc7z010_1] -filter {CELL_NAME=~"ila_0_m0"}]
display_hw_ila_data [upload_hw_ila_data [get_hw_ilas -of_objects [get_hw_devices xc7z010_1] -filter {CELL_NAME=~"ila_0_m0"}]]
INFO: [Labtools 27-1966] The ILA core 'hw_ila_1' triggered at 2024-Nov-23 13:06:18
INFO: [Labtools 27-3304] ILA Waveform data saved to file E:/AX7010_2023.1-course_s1_fpga-18_ad9238_hdmi/vivado_ad9238/vivado_ad9238.hw/backup/hw_ila_data_1.ila. Use Tcl command 'read_hw_ila_data' or Vivado File->Import->Import ILA Data menu item to import the previously saved data.
run_hw_ila [get_hw_ilas -of_objects [get_hw_devices xc7z010_1] -filter {CELL_NAME=~"ila_0_m0"}]
INFO: [Labtools 27-1964] The ILA core 'hw_ila_1' trigger was armed at 2024-Nov-23 13:06:21
wait_on_hw_ila [get_hw_ilas -of_objects [get_hw_devices xc7z010_1] -filter {CELL_NAME=~"ila_0_m0"}]
display_hw_ila_data [upload_hw_ila_data [get_hw_ilas -of_objects [get_hw_devices xc7z010_1] -filter {CELL_NAME=~"ila_0_m0"}]]
INFO: [Labtools 27-1966] The ILA core 'hw_ila_1' triggered at 2024-Nov-23 13:06:21
INFO: [Labtools 27-3304] ILA Waveform data saved to file E:/AX7010_2023.1-course_s1_fpga-18_ad9238_hdmi/vivado_ad9238/vivado_ad9238.hw/backup/hw_ila_data_1.ila. Use Tcl command 'read_hw_ila_data' or Vivado File->Import->Import ILA Data menu item to import the previously saved data.
run_hw_ila [get_hw_ilas -of_objects [get_hw_devices xc7z010_1] -filter {CELL_NAME=~"ila_0_m0"}]
INFO: [Labtools 27-1964] The ILA core 'hw_ila_1' trigger was armed at 2024-Nov-23 13:06:22
wait_on_hw_ila [get_hw_ilas -of_objects [get_hw_devices xc7z010_1] -filter {CELL_NAME=~"ila_0_m0"}]
display_hw_ila_data [upload_hw_ila_data [get_hw_ilas -of_objects [get_hw_devices xc7z010_1] -filter {CELL_NAME=~"ila_0_m0"}]]
INFO: [Labtools 27-1966] The ILA core 'hw_ila_1' triggered at 2024-Nov-23 13:06:22
INFO: [Labtools 27-3304] ILA Waveform data saved to file E:/AX7010_2023.1-course_s1_fpga-18_ad9238_hdmi/vivado_ad9238/vivado_ad9238.hw/backup/hw_ila_data_1.ila. Use Tcl command 'read_hw_ila_data' or Vivado File->Import->Import ILA Data menu item to import the previously saved data.
run_hw_ila [get_hw_ilas -of_objects [get_hw_devices xc7z010_1] -filter {CELL_NAME=~"ila_0_m0"}]
INFO: [Labtools 27-1964] The ILA core 'hw_ila_1' trigger was armed at 2024-Nov-23 13:06:27
wait_on_hw_ila [get_hw_ilas -of_objects [get_hw_devices xc7z010_1] -filter {CELL_NAME=~"ila_0_m0"}]
display_hw_ila_data [upload_hw_ila_data [get_hw_ilas -of_objects [get_hw_devices xc7z010_1] -filter {CELL_NAME=~"ila_0_m0"}]]
INFO: [Labtools 27-1966] The ILA core 'hw_ila_1' triggered at 2024-Nov-23 13:06:27
INFO: [Labtools 27-3304] ILA Waveform data saved to file E:/AX7010_2023.1-course_s1_fpga-18_ad9238_hdmi/vivado_ad9238/vivado_ad9238.hw/backup/hw_ila_data_1.ila. Use Tcl command 'read_hw_ila_data' or Vivado File->Import->Import ILA Data menu item to import the previously saved data.
run_hw_ila [get_hw_ilas -of_objects [get_hw_devices xc7z010_1] -filter {CELL_NAME=~"ila_0_m0"}]
INFO: [Labtools 27-1964] The ILA core 'hw_ila_1' trigger was armed at 2024-Nov-23 13:06:30
wait_on_hw_ila [get_hw_ilas -of_objects [get_hw_devices xc7z010_1] -filter {CELL_NAME=~"ila_0_m0"}]
display_hw_ila_data [upload_hw_ila_data [get_hw_ilas -of_objects [get_hw_devices xc7z010_1] -filter {CELL_NAME=~"ila_0_m0"}]]
INFO: [Labtools 27-1966] The ILA core 'hw_ila_1' triggered at 2024-Nov-23 13:06:30
INFO: [Labtools 27-3304] ILA Waveform data saved to file E:/AX7010_2023.1-course_s1_fpga-18_ad9238_hdmi/vivado_ad9238/vivado_ad9238.hw/backup/hw_ila_data_1.ila. Use Tcl command 'read_hw_ila_data' or Vivado File->Import->Import ILA Data menu item to import the previously saved data.
run_hw_ila [get_hw_ilas -of_objects [get_hw_devices xc7z010_1] -filter {CELL_NAME=~"ila_0_m0"}]
INFO: [Labtools 27-1964] The ILA core 'hw_ila_1' trigger was armed at 2024-Nov-23 13:06:31
wait_on_hw_ila [get_hw_ilas -of_objects [get_hw_devices xc7z010_1] -filter {CELL_NAME=~"ila_0_m0"}]
display_hw_ila_data [upload_hw_ila_data [get_hw_ilas -of_objects [get_hw_devices xc7z010_1] -filter {CELL_NAME=~"ila_0_m0"}]]
INFO: [Labtools 27-1966] The ILA core 'hw_ila_1' triggered at 2024-Nov-23 13:06:31
INFO: [Labtools 27-3304] ILA Waveform data saved to file E:/AX7010_2023.1-course_s1_fpga-18_ad9238_hdmi/vivado_ad9238/vivado_ad9238.hw/backup/hw_ila_data_1.ila. Use Tcl command 'read_hw_ila_data' or Vivado File->Import->Import ILA Data menu item to import the previously saved data.
run_hw_ila [get_hw_ilas -of_objects [get_hw_devices xc7z010_1] -filter {CELL_NAME=~"ila_0_m0"}]
INFO: [Labtools 27-1964] The ILA core 'hw_ila_1' trigger was armed at 2024-Nov-23 13:06:33
wait_on_hw_ila [get_hw_ilas -of_objects [get_hw_devices xc7z010_1] -filter {CELL_NAME=~"ila_0_m0"}]
display_hw_ila_data [upload_hw_ila_data [get_hw_ilas -of_objects [get_hw_devices xc7z010_1] -filter {CELL_NAME=~"ila_0_m0"}]]
INFO: [Labtools 27-1966] The ILA core 'hw_ila_1' triggered at 2024-Nov-23 13:06:33
INFO: [Labtools 27-3304] ILA Waveform data saved to file E:/AX7010_2023.1-course_s1_fpga-18_ad9238_hdmi/vivado_ad9238/vivado_ad9238.hw/backup/hw_ila_data_1.ila. Use Tcl command 'read_hw_ila_data' or Vivado File->Import->Import ILA Data menu item to import the previously saved data.
run_hw_ila [get_hw_ilas -of_objects [get_hw_devices xc7z010_1] -filter {CELL_NAME=~"ila_0_m0"}]
INFO: [Labtools 27-1964] The ILA core 'hw_ila_1' trigger was armed at 2024-Nov-23 13:06:34
wait_on_hw_ila [get_hw_ilas -of_objects [get_hw_devices xc7z010_1] -filter {CELL_NAME=~"ila_0_m0"}]
display_hw_ila_data [upload_hw_ila_data [get_hw_ilas -of_objects [get_hw_devices xc7z010_1] -filter {CELL_NAME=~"ila_0_m0"}]]
INFO: [Labtools 27-1966] The ILA core 'hw_ila_1' triggered at 2024-Nov-23 13:06:34
INFO: [Labtools 27-3304] ILA Waveform data saved to file E:/AX7010_2023.1-course_s1_fpga-18_ad9238_hdmi/vivado_ad9238/vivado_ad9238.hw/backup/hw_ila_data_1.ila. Use Tcl command 'read_hw_ila_data' or Vivado File->Import->Import ILA Data menu item to import the previously saved data.
run_hw_ila [get_hw_ilas -of_objects [get_hw_devices xc7z010_1] -filter {CELL_NAME=~"ila_0_m0"}]
INFO: [Labtools 27-1964] The ILA core 'hw_ila_1' trigger was armed at 2024-Nov-23 13:06:43
wait_on_hw_ila [get_hw_ilas -of_objects [get_hw_devices xc7z010_1] -filter {CELL_NAME=~"ila_0_m0"}]
display_hw_ila_data [upload_hw_ila_data [get_hw_ilas -of_objects [get_hw_devices xc7z010_1] -filter {CELL_NAME=~"ila_0_m0"}]]
INFO: [Labtools 27-1966] The ILA core 'hw_ila_1' triggered at 2024-Nov-23 13:06:43
INFO: [Labtools 27-3304] ILA Waveform data saved to file E:/AX7010_2023.1-course_s1_fpga-18_ad9238_hdmi/vivado_ad9238/vivado_ad9238.hw/backup/hw_ila_data_1.ila. Use Tcl command 'read_hw_ila_data' or Vivado File->Import->Import ILA Data menu item to import the previously saved data.
run_hw_ila [get_hw_ilas -of_objects [get_hw_devices xc7z010_1] -filter {CELL_NAME=~"ila_0_m0"}]
INFO: [Labtools 27-1964] The ILA core 'hw_ila_1' trigger was armed at 2024-Nov-23 13:06:45
wait_on_hw_ila [get_hw_ilas -of_objects [get_hw_devices xc7z010_1] -filter {CELL_NAME=~"ila_0_m0"}]
display_hw_ila_data [upload_hw_ila_data [get_hw_ilas -of_objects [get_hw_devices xc7z010_1] -filter {CELL_NAME=~"ila_0_m0"}]]
INFO: [Labtools 27-1966] The ILA core 'hw_ila_1' triggered at 2024-Nov-23 13:06:45
INFO: [Labtools 27-3304] ILA Waveform data saved to file E:/AX7010_2023.1-course_s1_fpga-18_ad9238_hdmi/vivado_ad9238/vivado_ad9238.hw/backup/hw_ila_data_1.ila. Use Tcl command 'read_hw_ila_data' or Vivado File->Import->Import ILA Data menu item to import the previously saved data.
run_hw_ila [get_hw_ilas -of_objects [get_hw_devices xc7z010_1] -filter {CELL_NAME=~"ila_0_m0"}]
INFO: [Labtools 27-1964] The ILA core 'hw_ila_1' trigger was armed at 2024-Nov-23 13:06:46
wait_on_hw_ila [get_hw_ilas -of_objects [get_hw_devices xc7z010_1] -filter {CELL_NAME=~"ila_0_m0"}]
display_hw_ila_data [upload_hw_ila_data [get_hw_ilas -of_objects [get_hw_devices xc7z010_1] -filter {CELL_NAME=~"ila_0_m0"}]]
INFO: [Labtools 27-1966] The ILA core 'hw_ila_1' triggered at 2024-Nov-23 13:06:46
INFO: [Labtools 27-3304] ILA Waveform data saved to file E:/AX7010_2023.1-course_s1_fpga-18_ad9238_hdmi/vivado_ad9238/vivado_ad9238.hw/backup/hw_ila_data_1.ila. Use Tcl command 'read_hw_ila_data' or Vivado File->Import->Import ILA Data menu item to import the previously saved data.
run_hw_ila [get_hw_ilas -of_objects [get_hw_devices xc7z010_1] -filter {CELL_NAME=~"ila_0_m0"}]
INFO: [Labtools 27-1964] The ILA core 'hw_ila_1' trigger was armed at 2024-Nov-23 13:06:48
wait_on_hw_ila [get_hw_ilas -of_objects [get_hw_devices xc7z010_1] -filter {CELL_NAME=~"ila_0_m0"}]
display_hw_ila_data [upload_hw_ila_data [get_hw_ilas -of_objects [get_hw_devices xc7z010_1] -filter {CELL_NAME=~"ila_0_m0"}]]
INFO: [Labtools 27-1966] The ILA core 'hw_ila_1' triggered at 2024-Nov-23 13:06:48
INFO: [Labtools 27-3304] ILA Waveform data saved to file E:/AX7010_2023.1-course_s1_fpga-18_ad9238_hdmi/vivado_ad9238/vivado_ad9238.hw/backup/hw_ila_data_1.ila. Use Tcl command 'read_hw_ila_data' or Vivado File->Import->Import ILA Data menu item to import the previously saved data.
run_hw_ila [get_hw_ilas -of_objects [get_hw_devices xc7z010_1] -filter {CELL_NAME=~"ila_0_m0"}]
INFO: [Labtools 27-1964] The ILA core 'hw_ila_1' trigger was armed at 2024-Nov-23 13:06:50
wait_on_hw_ila [get_hw_ilas -of_objects [get_hw_devices xc7z010_1] -filter {CELL_NAME=~"ila_0_m0"}]
display_hw_ila_data [upload_hw_ila_data [get_hw_ilas -of_objects [get_hw_devices xc7z010_1] -filter {CELL_NAME=~"ila_0_m0"}]]
INFO: [Labtools 27-1966] The ILA core 'hw_ila_1' triggered at 2024-Nov-23 13:06:50
INFO: [Labtools 27-3304] ILA Waveform data saved to file E:/AX7010_2023.1-course_s1_fpga-18_ad9238_hdmi/vivado_ad9238/vivado_ad9238.hw/backup/hw_ila_data_1.ila. Use Tcl command 'read_hw_ila_data' or Vivado File->Import->Import ILA Data menu item to import the previously saved data.
run_hw_ila [get_hw_ilas -of_objects [get_hw_devices xc7z010_1] -filter {CELL_NAME=~"ila_0_m0"}]
INFO: [Labtools 27-1964] The ILA core 'hw_ila_1' trigger was armed at 2024-Nov-23 13:07:08
wait_on_hw_ila [get_hw_ilas -of_objects [get_hw_devices xc7z010_1] -filter {CELL_NAME=~"ila_0_m0"}]
display_hw_ila_data [upload_hw_ila_data [get_hw_ilas -of_objects [get_hw_devices xc7z010_1] -filter {CELL_NAME=~"ila_0_m0"}]]
INFO: [Labtools 27-1966] The ILA core 'hw_ila_1' triggered at 2024-Nov-23 13:07:08
INFO: [Labtools 27-3304] ILA Waveform data saved to file E:/AX7010_2023.1-course_s1_fpga-18_ad9238_hdmi/vivado_ad9238/vivado_ad9238.hw/backup/hw_ila_data_1.ila. Use Tcl command 'read_hw_ila_data' or Vivado File->Import->Import ILA Data menu item to import the previously saved data.
run_hw_ila [get_hw_ilas -of_objects [get_hw_devices xc7z010_1] -filter {CELL_NAME=~"ila_0_m0"}]
INFO: [Labtools 27-1964] The ILA core 'hw_ila_1' trigger was armed at 2024-Nov-23 13:07:09
wait_on_hw_ila [get_hw_ilas -of_objects [get_hw_devices xc7z010_1] -filter {CELL_NAME=~"ila_0_m0"}]
display_hw_ila_data [upload_hw_ila_data [get_hw_ilas -of_objects [get_hw_devices xc7z010_1] -filter {CELL_NAME=~"ila_0_m0"}]]
INFO: [Labtools 27-1966] The ILA core 'hw_ila_1' triggered at 2024-Nov-23 13:07:09
INFO: [Labtools 27-3304] ILA Waveform data saved to file E:/AX7010_2023.1-course_s1_fpga-18_ad9238_hdmi/vivado_ad9238/vivado_ad9238.hw/backup/hw_ila_data_1.ila. Use Tcl command 'read_hw_ila_data' or Vivado File->Import->Import ILA Data menu item to import the previously saved data.
WARNING: [IP_Flow 19-4067] Ignoring invalid widget type specified checkbox.Providing a default widget
set_property -dict [list CONFIG.C_PROBE3_WIDTH {8} CONFIG.C_PROBE2_WIDTH {8} CONFIG.C_PROBE1_WIDTH {8} CONFIG.C_NUM_OF_PROBES {4}] [get_ips ila_0]
generate_target all [get_files  e:/AX7010_2023.1-course_s1_fpga-18_ad9238_hdmi/vivado_ad9238/vivado_ad9238.srcs/sources_1/ip/ila_0/ila_0.xci]
INFO: [IP_Flow 19-1686] Generating 'Instantiation Template' target for IP 'ila_0'...
INFO: [IP_Flow 19-1686] Generating 'Synthesis' target for IP 'ila_0'...
WARNING: [IP_Flow 19-4994] Overwriting existing constraint file 'e:/AX7010_2023.1-course_s1_fpga-18_ad9238_hdmi/vivado_ad9238/vivado_ad9238.srcs/sources_1/ip/ila_0/ila_0_ooc.xdc'
INFO: [IP_Flow 19-1686] Generating 'Simulation' target for IP 'ila_0'...
INFO: [IP_Flow 19-1686] Generating 'Implementation' target for IP 'ila_0'...
INFO: [IP_Flow 19-1686] Generating 'Change Log' target for IP 'ila_0'...
catch { config_ip_cache -export [get_ips -all ila_0] }
export_ip_user_files -of_objects [get_files e:/AX7010_2023.1-course_s1_fpga-18_ad9238_hdmi/vivado_ad9238/vivado_ad9238.srcs/sources_1/ip/ila_0/ila_0.xci] -no_script -sync -force -quiet
reset_run ila_0_synth_1
launch_runs ila_0_synth_1 -jobs 16
[Sat Nov 23 13:07:47 2024] Launched ila_0_synth_1...
Run output will be captured here: E:/AX7010_2023.1-course_s1_fpga-18_ad9238_hdmi/vivado_ad9238/vivado_ad9238.runs/ila_0_synth_1/runme.log
export_simulation -of_objects [get_files e:/AX7010_2023.1-course_s1_fpga-18_ad9238_hdmi/vivado_ad9238/vivado_ad9238.srcs/sources_1/ip/ila_0/ila_0.xci] -directory E:/AX7010_2023.1-course_s1_fpga-18_ad9238_hdmi/vivado_ad9238/vivado_ad9238.ip_user_files/sim_scripts -ip_user_files_dir E:/AX7010_2023.1-course_s1_fpga-18_ad9238_hdmi/vivado_ad9238/vivado_ad9238.ip_user_files -ipstatic_source_dir E:/AX7010_2023.1-course_s1_fpga-18_ad9238_hdmi/vivado_ad9238/vivado_ad9238.ip_user_files/ipstatic -lib_map_path [list {modelsim=E:/AX7010_2023.1-course_s1_fpga-18_ad9238_hdmi/vivado_ad9238/vivado_ad9238.cache/compile_simlib/modelsim} {questa=E:/AX7010_2023.1-course_s1_fpga-18_ad9238_hdmi/vivado_ad9238/vivado_ad9238.cache/compile_simlib/questa} {riviera=E:/AX7010_2023.1-course_s1_fpga-18_ad9238_hdmi/vivado_ad9238/vivado_ad9238.cache/compile_simlib/riviera} {activehdl=E:/AX7010_2023.1-course_s1_fpga-18_ad9238_hdmi/vivado_ad9238/vivado_ad9238.cache/compile_simlib/activehdl}] -use_ip_compiled_libs -force -quiet
reset_run synth_1
WARNING: [Vivado 12-1017] Problems encountered:
1. Failed to delete one or more files in run directory E:/AX7010_2023.1-course_s1_fpga-18_ad9238_hdmi/vivado_ad9238/vivado_ad9238.runs/synth_1

launch_runs synth_1 -jobs 16
[Sat Nov 23 13:09:02 2024] Launched ila_0_synth_1...
Run output will be captured here: E:/AX7010_2023.1-course_s1_fpga-18_ad9238_hdmi/vivado_ad9238/vivado_ad9238.runs/ila_0_synth_1/runme.log
[Sat Nov 23 13:09:02 2024] Launched synth_1...
Run output will be captured here: E:/AX7010_2023.1-course_s1_fpga-18_ad9238_hdmi/vivado_ad9238/vivado_ad9238.runs/synth_1/runme.log
launch_runs impl_1 -jobs 16
[Sat Nov 23 13:10:03 2024] Launched impl_1...
Run output will be captured here: E:/AX7010_2023.1-course_s1_fpga-18_ad9238_hdmi/vivado_ad9238/vivado_ad9238.runs/impl_1/runme.log
launch_runs impl_1 -to_step write_bitstream -jobs 16
[Sat Nov 23 13:11:11 2024] Launched impl_1...
Run output will be captured here: E:/AX7010_2023.1-course_s1_fpga-18_ad9238_hdmi/vivado_ad9238/vivado_ad9238.runs/impl_1/runme.log
set_property PROBES.FILE {E:/AX7010_2023.1-course_s1_fpga-18_ad9238_hdmi/vivado_ad9238/vivado_ad9238.runs/impl_1/top.ltx} [get_hw_devices xc7z010_1]
set_property FULL_PROBES.FILE {E:/AX7010_2023.1-course_s1_fpga-18_ad9238_hdmi/vivado_ad9238/vivado_ad9238.runs/impl_1/top.ltx} [get_hw_devices xc7z010_1]
set_property PROGRAM.FILE {E:/AX7010_2023.1-course_s1_fpga-18_ad9238_hdmi/vivado_ad9238/vivado_ad9238.runs/impl_1/top.bit} [get_hw_devices xc7z010_1]
program_hw_devices [get_hw_devices xc7z010_1]
INFO: [Labtools 27-3164] End of startup status: HIGH
refresh_hw_device [lindex [get_hw_devices xc7z010_1] 0]
INFO: [Labtools 27-2302] Device xc7z010 (JTAG device index = 1) is programmed with a design that has 1 ILA core(s).
add_wave -into {hw_ila_data_1.wcfg} -radix hex { {outrddat} {outrddat_1} {outrddat_2} }
run_hw_ila [get_hw_ilas -of_objects [get_hw_devices xc7z010_1] -filter {CELL_NAME=~"ila_0_m0"}]
INFO: [Labtools 27-1964] The ILA core 'hw_ila_1' trigger was armed at 2024-Nov-23 13:12:07
wait_on_hw_ila [get_hw_ilas -of_objects [get_hw_devices xc7z010_1] -filter {CELL_NAME=~"ila_0_m0"}]
display_hw_ila_data [upload_hw_ila_data [get_hw_ilas -of_objects [get_hw_devices xc7z010_1] -filter {CELL_NAME=~"ila_0_m0"}]]
INFO: [Labtools 27-1966] The ILA core 'hw_ila_1' triggered at 2024-Nov-23 13:12:07
INFO: [Labtools 27-3304] ILA Waveform data saved to file E:/AX7010_2023.1-course_s1_fpga-18_ad9238_hdmi/vivado_ad9238/vivado_ad9238.hw/backup/hw_ila_data_1.ila. Use Tcl command 'read_hw_ila_data' or Vivado File->Import->Import ILA Data menu item to import the previously saved data.
run_hw_ila [get_hw_ilas -of_objects [get_hw_devices xc7z010_1] -filter {CELL_NAME=~"ila_0_m0"}]
INFO: [Labtools 27-1964] The ILA core 'hw_ila_1' trigger was armed at 2024-Nov-23 13:12:31
wait_on_hw_ila [get_hw_ilas -of_objects [get_hw_devices xc7z010_1] -filter {CELL_NAME=~"ila_0_m0"}]
display_hw_ila_data [upload_hw_ila_data [get_hw_ilas -of_objects [get_hw_devices xc7z010_1] -filter {CELL_NAME=~"ila_0_m0"}]]
INFO: [Labtools 27-1966] The ILA core 'hw_ila_1' triggered at 2024-Nov-23 13:12:31
INFO: [Labtools 27-3304] ILA Waveform data saved to file E:/AX7010_2023.1-course_s1_fpga-18_ad9238_hdmi/vivado_ad9238/vivado_ad9238.hw/backup/hw_ila_data_1.ila. Use Tcl command 'read_hw_ila_data' or Vivado File->Import->Import ILA Data menu item to import the previously saved data.
run_hw_ila [get_hw_ilas -of_objects [get_hw_devices xc7z010_1] -filter {CELL_NAME=~"ila_0_m0"}]
INFO: [Labtools 27-1964] The ILA core 'hw_ila_1' trigger was armed at 2024-Nov-23 13:12:33
wait_on_hw_ila [get_hw_ilas -of_objects [get_hw_devices xc7z010_1] -filter {CELL_NAME=~"ila_0_m0"}]
display_hw_ila_data [upload_hw_ila_data [get_hw_ilas -of_objects [get_hw_devices xc7z010_1] -filter {CELL_NAME=~"ila_0_m0"}]]
INFO: [Labtools 27-1966] The ILA core 'hw_ila_1' triggered at 2024-Nov-23 13:12:33
INFO: [Labtools 27-3304] ILA Waveform data saved to file E:/AX7010_2023.1-course_s1_fpga-18_ad9238_hdmi/vivado_ad9238/vivado_ad9238.hw/backup/hw_ila_data_1.ila. Use Tcl command 'read_hw_ila_data' or Vivado File->Import->Import ILA Data menu item to import the previously saved data.
run_hw_ila [get_hw_ilas -of_objects [get_hw_devices xc7z010_1] -filter {CELL_NAME=~"ila_0_m0"}]
INFO: [Labtools 27-1964] The ILA core 'hw_ila_1' trigger was armed at 2024-Nov-23 13:12:35
wait_on_hw_ila [get_hw_ilas -of_objects [get_hw_devices xc7z010_1] -filter {CELL_NAME=~"ila_0_m0"}]
display_hw_ila_data [upload_hw_ila_data [get_hw_ilas -of_objects [get_hw_devices xc7z010_1] -filter {CELL_NAME=~"ila_0_m0"}]]
INFO: [Labtools 27-1966] The ILA core 'hw_ila_1' triggered at 2024-Nov-23 13:12:35
INFO: [Labtools 27-3304] ILA Waveform data saved to file E:/AX7010_2023.1-course_s1_fpga-18_ad9238_hdmi/vivado_ad9238/vivado_ad9238.hw/backup/hw_ila_data_1.ila. Use Tcl command 'read_hw_ila_data' or Vivado File->Import->Import ILA Data menu item to import the previously saved data.
run_hw_ila [get_hw_ilas -of_objects [get_hw_devices xc7z010_1] -filter {CELL_NAME=~"ila_0_m0"}]
INFO: [Labtools 27-1964] The ILA core 'hw_ila_1' trigger was armed at 2024-Nov-23 13:12:37
wait_on_hw_ila [get_hw_ilas -of_objects [get_hw_devices xc7z010_1] -filter {CELL_NAME=~"ila_0_m0"}]
display_hw_ila_data [upload_hw_ila_data [get_hw_ilas -of_objects [get_hw_devices xc7z010_1] -filter {CELL_NAME=~"ila_0_m0"}]]
INFO: [Labtools 27-1966] The ILA core 'hw_ila_1' triggered at 2024-Nov-23 13:12:37
INFO: [Labtools 27-3304] ILA Waveform data saved to file E:/AX7010_2023.1-course_s1_fpga-18_ad9238_hdmi/vivado_ad9238/vivado_ad9238.hw/backup/hw_ila_data_1.ila. Use Tcl command 'read_hw_ila_data' or Vivado File->Import->Import ILA Data menu item to import the previously saved data.
run_hw_ila [get_hw_ilas -of_objects [get_hw_devices xc7z010_1] -filter {CELL_NAME=~"ila_0_m0"}]
INFO: [Labtools 27-1964] The ILA core 'hw_ila_1' trigger was armed at 2024-Nov-23 13:12:39
wait_on_hw_ila [get_hw_ilas -of_objects [get_hw_devices xc7z010_1] -filter {CELL_NAME=~"ila_0_m0"}]
display_hw_ila_data [upload_hw_ila_data [get_hw_ilas -of_objects [get_hw_devices xc7z010_1] -filter {CELL_NAME=~"ila_0_m0"}]]
INFO: [Labtools 27-1966] The ILA core 'hw_ila_1' triggered at 2024-Nov-23 13:12:39
INFO: [Labtools 27-3304] ILA Waveform data saved to file E:/AX7010_2023.1-course_s1_fpga-18_ad9238_hdmi/vivado_ad9238/vivado_ad9238.hw/backup/hw_ila_data_1.ila. Use Tcl command 'read_hw_ila_data' or Vivado File->Import->Import ILA Data menu item to import the previously saved data.
run_hw_ila [get_hw_ilas -of_objects [get_hw_devices xc7z010_1] -filter {CELL_NAME=~"ila_0_m0"}]
INFO: [Labtools 27-1964] The ILA core 'hw_ila_1' trigger was armed at 2024-Nov-23 13:12:50
wait_on_hw_ila [get_hw_ilas -of_objects [get_hw_devices xc7z010_1] -filter {CELL_NAME=~"ila_0_m0"}]
display_hw_ila_data [upload_hw_ila_data [get_hw_ilas -of_objects [get_hw_devices xc7z010_1] -filter {CELL_NAME=~"ila_0_m0"}]]
INFO: [Labtools 27-1966] The ILA core 'hw_ila_1' triggered at 2024-Nov-23 13:12:50
INFO: [Labtools 27-3304] ILA Waveform data saved to file E:/AX7010_2023.1-course_s1_fpga-18_ad9238_hdmi/vivado_ad9238/vivado_ad9238.hw/backup/hw_ila_data_1.ila. Use Tcl command 'read_hw_ila_data' or Vivado File->Import->Import ILA Data menu item to import the previously saved data.
run_hw_ila [get_hw_ilas -of_objects [get_hw_devices xc7z010_1] -filter {CELL_NAME=~"ila_0_m0"}] -trigger_now
INFO: [Labtools 27-1964] The ILA core 'hw_ila_1' trigger was armed at 2024-Nov-23 13:12:51
wait_on_hw_ila [get_hw_ilas -of_objects [get_hw_devices xc7z010_1] -filter {CELL_NAME=~"ila_0_m0"}]
display_hw_ila_data [upload_hw_ila_data [get_hw_ilas -of_objects [get_hw_devices xc7z010_1] -filter {CELL_NAME=~"ila_0_m0"}]]
INFO: [Labtools 27-1966] The ILA core 'hw_ila_1' triggered at 2024-Nov-23 13:12:51
INFO: [Labtools 27-3304] ILA Waveform data saved to file E:/AX7010_2023.1-course_s1_fpga-18_ad9238_hdmi/vivado_ad9238/vivado_ad9238.hw/backup/hw_ila_data_1.ila. Use Tcl command 'read_hw_ila_data' or Vivado File->Import->Import ILA Data menu item to import the previously saved data.
run_hw_ila [get_hw_ilas -of_objects [get_hw_devices xc7z010_1] -filter {CELL_NAME=~"ila_0_m0"}] -trigger_now
INFO: [Labtools 27-1964] The ILA core 'hw_ila_1' trigger was armed at 2024-Nov-23 13:12:53
wait_on_hw_ila [get_hw_ilas -of_objects [get_hw_devices xc7z010_1] -filter {CELL_NAME=~"ila_0_m0"}]
display_hw_ila_data [upload_hw_ila_data [get_hw_ilas -of_objects [get_hw_devices xc7z010_1] -filter {CELL_NAME=~"ila_0_m0"}]]
INFO: [Labtools 27-1966] The ILA core 'hw_ila_1' triggered at 2024-Nov-23 13:12:53
INFO: [Labtools 27-3304] ILA Waveform data saved to file E:/AX7010_2023.1-course_s1_fpga-18_ad9238_hdmi/vivado_ad9238/vivado_ad9238.hw/backup/hw_ila_data_1.ila. Use Tcl command 'read_hw_ila_data' or Vivado File->Import->Import ILA Data menu item to import the previously saved data.
run_hw_ila [get_hw_ilas -of_objects [get_hw_devices xc7z010_1] -filter {CELL_NAME=~"ila_0_m0"}] -trigger_now
INFO: [Labtools 27-1964] The ILA core 'hw_ila_1' trigger was armed at 2024-Nov-23 13:12:54
wait_on_hw_ila [get_hw_ilas -of_objects [get_hw_devices xc7z010_1] -filter {CELL_NAME=~"ila_0_m0"}]
display_hw_ila_data [upload_hw_ila_data [get_hw_ilas -of_objects [get_hw_devices xc7z010_1] -filter {CELL_NAME=~"ila_0_m0"}]]
INFO: [Labtools 27-1966] The ILA core 'hw_ila_1' triggered at 2024-Nov-23 13:12:54
INFO: [Labtools 27-3304] ILA Waveform data saved to file E:/AX7010_2023.1-course_s1_fpga-18_ad9238_hdmi/vivado_ad9238/vivado_ad9238.hw/backup/hw_ila_data_1.ila. Use Tcl command 'read_hw_ila_data' or Vivado File->Import->Import ILA Data menu item to import the previously saved data.
run_hw_ila [get_hw_ilas -of_objects [get_hw_devices xc7z010_1] -filter {CELL_NAME=~"ila_0_m0"}] -trigger_now
INFO: [Labtools 27-1964] The ILA core 'hw_ila_1' trigger was armed at 2024-Nov-23 13:12:56
wait_on_hw_ila [get_hw_ilas -of_objects [get_hw_devices xc7z010_1] -filter {CELL_NAME=~"ila_0_m0"}]
display_hw_ila_data [upload_hw_ila_data [get_hw_ilas -of_objects [get_hw_devices xc7z010_1] -filter {CELL_NAME=~"ila_0_m0"}]]
INFO: [Labtools 27-1966] The ILA core 'hw_ila_1' triggered at 2024-Nov-23 13:12:56
INFO: [Labtools 27-3304] ILA Waveform data saved to file E:/AX7010_2023.1-course_s1_fpga-18_ad9238_hdmi/vivado_ad9238/vivado_ad9238.hw/backup/hw_ila_data_1.ila. Use Tcl command 'read_hw_ila_data' or Vivado File->Import->Import ILA Data menu item to import the previously saved data.
run_hw_ila [get_hw_ilas -of_objects [get_hw_devices xc7z010_1] -filter {CELL_NAME=~"ila_0_m0"}]
INFO: [Labtools 27-1964] The ILA core 'hw_ila_1' trigger was armed at 2024-Nov-23 13:12:58
wait_on_hw_ila [get_hw_ilas -of_objects [get_hw_devices xc7z010_1] -filter {CELL_NAME=~"ila_0_m0"}]
display_hw_ila_data [upload_hw_ila_data [get_hw_ilas -of_objects [get_hw_devices xc7z010_1] -filter {CELL_NAME=~"ila_0_m0"}]]
INFO: [Labtools 27-1966] The ILA core 'hw_ila_1' triggered at 2024-Nov-23 13:12:58
INFO: [Labtools 27-3304] ILA Waveform data saved to file E:/AX7010_2023.1-course_s1_fpga-18_ad9238_hdmi/vivado_ad9238/vivado_ad9238.hw/backup/hw_ila_data_1.ila. Use Tcl command 'read_hw_ila_data' or Vivado File->Import->Import ILA Data menu item to import the previously saved data.
run_hw_ila [get_hw_ilas -of_objects [get_hw_devices xc7z010_1] -filter {CELL_NAME=~"ila_0_m0"}]
INFO: [Labtools 27-1964] The ILA core 'hw_ila_1' trigger was armed at 2024-Nov-23 13:13:00
wait_on_hw_ila [get_hw_ilas -of_objects [get_hw_devices xc7z010_1] -filter {CELL_NAME=~"ila_0_m0"}]
display_hw_ila_data [upload_hw_ila_data [get_hw_ilas -of_objects [get_hw_devices xc7z010_1] -filter {CELL_NAME=~"ila_0_m0"}]]
INFO: [Labtools 27-1966] The ILA core 'hw_ila_1' triggered at 2024-Nov-23 13:13:00
INFO: [Labtools 27-3304] ILA Waveform data saved to file E:/AX7010_2023.1-course_s1_fpga-18_ad9238_hdmi/vivado_ad9238/vivado_ad9238.hw/backup/hw_ila_data_1.ila. Use Tcl command 'read_hw_ila_data' or Vivado File->Import->Import ILA Data menu item to import the previously saved data.
run_hw_ila [get_hw_ilas -of_objects [get_hw_devices xc7z010_1] -filter {CELL_NAME=~"ila_0_m0"}]
INFO: [Labtools 27-1964] The ILA core 'hw_ila_1' trigger was armed at 2024-Nov-23 13:13:15
wait_on_hw_ila [get_hw_ilas -of_objects [get_hw_devices xc7z010_1] -filter {CELL_NAME=~"ila_0_m0"}]
display_hw_ila_data [upload_hw_ila_data [get_hw_ilas -of_objects [get_hw_devices xc7z010_1] -filter {CELL_NAME=~"ila_0_m0"}]]
INFO: [Labtools 27-1966] The ILA core 'hw_ila_1' triggered at 2024-Nov-23 13:13:15
INFO: [Labtools 27-3304] ILA Waveform data saved to file E:/AX7010_2023.1-course_s1_fpga-18_ad9238_hdmi/vivado_ad9238/vivado_ad9238.hw/backup/hw_ila_data_1.ila. Use Tcl command 'read_hw_ila_data' or Vivado File->Import->Import ILA Data menu item to import the previously saved data.
run_hw_ila [get_hw_ilas -of_objects [get_hw_devices xc7z010_1] -filter {CELL_NAME=~"ila_0_m0"}]
INFO: [Labtools 27-1964] The ILA core 'hw_ila_1' trigger was armed at 2024-Nov-23 13:13:17
wait_on_hw_ila [get_hw_ilas -of_objects [get_hw_devices xc7z010_1] -filter {CELL_NAME=~"ila_0_m0"}]
display_hw_ila_data [upload_hw_ila_data [get_hw_ilas -of_objects [get_hw_devices xc7z010_1] -filter {CELL_NAME=~"ila_0_m0"}]]
INFO: [Labtools 27-1966] The ILA core 'hw_ila_1' triggered at 2024-Nov-23 13:13:17
INFO: [Labtools 27-3304] ILA Waveform data saved to file E:/AX7010_2023.1-course_s1_fpga-18_ad9238_hdmi/vivado_ad9238/vivado_ad9238.hw/backup/hw_ila_data_1.ila. Use Tcl command 'read_hw_ila_data' or Vivado File->Import->Import ILA Data menu item to import the previously saved data.
run_hw_ila [get_hw_ilas -of_objects [get_hw_devices xc7z010_1] -filter {CELL_NAME=~"ila_0_m0"}]
INFO: [Labtools 27-1964] The ILA core 'hw_ila_1' trigger was armed at 2024-Nov-23 13:13:18
wait_on_hw_ila [get_hw_ilas -of_objects [get_hw_devices xc7z010_1] -filter {CELL_NAME=~"ila_0_m0"}]
display_hw_ila_data [upload_hw_ila_data [get_hw_ilas -of_objects [get_hw_devices xc7z010_1] -filter {CELL_NAME=~"ila_0_m0"}]]
INFO: [Labtools 27-1966] The ILA core 'hw_ila_1' triggered at 2024-Nov-23 13:13:18
INFO: [Labtools 27-3304] ILA Waveform data saved to file E:/AX7010_2023.1-course_s1_fpga-18_ad9238_hdmi/vivado_ad9238/vivado_ad9238.hw/backup/hw_ila_data_1.ila. Use Tcl command 'read_hw_ila_data' or Vivado File->Import->Import ILA Data menu item to import the previously saved data.
run_hw_ila [get_hw_ilas -of_objects [get_hw_devices xc7z010_1] -filter {CELL_NAME=~"ila_0_m0"}]
INFO: [Labtools 27-1964] The ILA core 'hw_ila_1' trigger was armed at 2024-Nov-23 13:13:20
wait_on_hw_ila [get_hw_ilas -of_objects [get_hw_devices xc7z010_1] -filter {CELL_NAME=~"ila_0_m0"}]
display_hw_ila_data [upload_hw_ila_data [get_hw_ilas -of_objects [get_hw_devices xc7z010_1] -filter {CELL_NAME=~"ila_0_m0"}]]
INFO: [Labtools 27-1966] The ILA core 'hw_ila_1' triggered at 2024-Nov-23 13:13:20
INFO: [Labtools 27-3304] ILA Waveform data saved to file E:/AX7010_2023.1-course_s1_fpga-18_ad9238_hdmi/vivado_ad9238/vivado_ad9238.hw/backup/hw_ila_data_1.ila. Use Tcl command 'read_hw_ila_data' or Vivado File->Import->Import ILA Data menu item to import the previously saved data.
run_hw_ila [get_hw_ilas -of_objects [get_hw_devices xc7z010_1] -filter {CELL_NAME=~"ila_0_m0"}]
INFO: [Labtools 27-1964] The ILA core 'hw_ila_1' trigger was armed at 2024-Nov-23 13:13:21
wait_on_hw_ila [get_hw_ilas -of_objects [get_hw_devices xc7z010_1] -filter {CELL_NAME=~"ila_0_m0"}]
display_hw_ila_data [upload_hw_ila_data [get_hw_ilas -of_objects [get_hw_devices xc7z010_1] -filter {CELL_NAME=~"ila_0_m0"}]]
INFO: [Labtools 27-1966] The ILA core 'hw_ila_1' triggered at 2024-Nov-23 13:13:21
INFO: [Labtools 27-3304] ILA Waveform data saved to file E:/AX7010_2023.1-course_s1_fpga-18_ad9238_hdmi/vivado_ad9238/vivado_ad9238.hw/backup/hw_ila_data_1.ila. Use Tcl command 'read_hw_ila_data' or Vivado File->Import->Import ILA Data menu item to import the previously saved data.
run_hw_ila [get_hw_ilas -of_objects [get_hw_devices xc7z010_1] -filter {CELL_NAME=~"ila_0_m0"}]
INFO: [Labtools 27-1964] The ILA core 'hw_ila_1' trigger was armed at 2024-Nov-23 13:13:23
wait_on_hw_ila [get_hw_ilas -of_objects [get_hw_devices xc7z010_1] -filter {CELL_NAME=~"ila_0_m0"}]
display_hw_ila_data [upload_hw_ila_data [get_hw_ilas -of_objects [get_hw_devices xc7z010_1] -filter {CELL_NAME=~"ila_0_m0"}]]
INFO: [Labtools 27-1966] The ILA core 'hw_ila_1' triggered at 2024-Nov-23 13:13:23
INFO: [Labtools 27-3304] ILA Waveform data saved to file E:/AX7010_2023.1-course_s1_fpga-18_ad9238_hdmi/vivado_ad9238/vivado_ad9238.hw/backup/hw_ila_data_1.ila. Use Tcl command 'read_hw_ila_data' or Vivado File->Import->Import ILA Data menu item to import the previously saved data.
run_hw_ila [get_hw_ilas -of_objects [get_hw_devices xc7z010_1] -filter {CELL_NAME=~"ila_0_m0"}]
INFO: [Labtools 27-1964] The ILA core 'hw_ila_1' trigger was armed at 2024-Nov-23 13:13:25
wait_on_hw_ila [get_hw_ilas -of_objects [get_hw_devices xc7z010_1] -filter {CELL_NAME=~"ila_0_m0"}]
display_hw_ila_data [upload_hw_ila_data [get_hw_ilas -of_objects [get_hw_devices xc7z010_1] -filter {CELL_NAME=~"ila_0_m0"}]]
INFO: [Labtools 27-1966] The ILA core 'hw_ila_1' triggered at 2024-Nov-23 13:13:25
INFO: [Labtools 27-3304] ILA Waveform data saved to file E:/AX7010_2023.1-course_s1_fpga-18_ad9238_hdmi/vivado_ad9238/vivado_ad9238.hw/backup/hw_ila_data_1.ila. Use Tcl command 'read_hw_ila_data' or Vivado File->Import->Import ILA Data menu item to import the previously saved data.
run_hw_ila [get_hw_ilas -of_objects [get_hw_devices xc7z010_1] -filter {CELL_NAME=~"ila_0_m0"}]
INFO: [Labtools 27-1964] The ILA core 'hw_ila_1' trigger was armed at 2024-Nov-23 13:13:27
wait_on_hw_ila [get_hw_ilas -of_objects [get_hw_devices xc7z010_1] -filter {CELL_NAME=~"ila_0_m0"}]
display_hw_ila_data [upload_hw_ila_data [get_hw_ilas -of_objects [get_hw_devices xc7z010_1] -filter {CELL_NAME=~"ila_0_m0"}]]
INFO: [Labtools 27-1966] The ILA core 'hw_ila_1' triggered at 2024-Nov-23 13:13:27
INFO: [Labtools 27-3304] ILA Waveform data saved to file E:/AX7010_2023.1-course_s1_fpga-18_ad9238_hdmi/vivado_ad9238/vivado_ad9238.hw/backup/hw_ila_data_1.ila. Use Tcl command 'read_hw_ila_data' or Vivado File->Import->Import ILA Data menu item to import the previously saved data.
run_hw_ila [get_hw_ilas -of_objects [get_hw_devices xc7z010_1] -filter {CELL_NAME=~"ila_0_m0"}]
INFO: [Labtools 27-1964] The ILA core 'hw_ila_1' trigger was armed at 2024-Nov-23 13:13:28
wait_on_hw_ila [get_hw_ilas -of_objects [get_hw_devices xc7z010_1] -filter {CELL_NAME=~"ila_0_m0"}]
display_hw_ila_data [upload_hw_ila_data [get_hw_ilas -of_objects [get_hw_devices xc7z010_1] -filter {CELL_NAME=~"ila_0_m0"}]]
INFO: [Labtools 27-1966] The ILA core 'hw_ila_1' triggered at 2024-Nov-23 13:13:28
INFO: [Labtools 27-3304] ILA Waveform data saved to file E:/AX7010_2023.1-course_s1_fpga-18_ad9238_hdmi/vivado_ad9238/vivado_ad9238.hw/backup/hw_ila_data_1.ila. Use Tcl command 'read_hw_ila_data' or Vivado File->Import->Import ILA Data menu item to import the previously saved data.
run_hw_ila [get_hw_ilas -of_objects [get_hw_devices xc7z010_1] -filter {CELL_NAME=~"ila_0_m0"}] -trigger_now
INFO: [Labtools 27-1964] The ILA core 'hw_ila_1' trigger was armed at 2024-Nov-23 13:13:30
wait_on_hw_ila [get_hw_ilas -of_objects [get_hw_devices xc7z010_1] -filter {CELL_NAME=~"ila_0_m0"}]
display_hw_ila_data [upload_hw_ila_data [get_hw_ilas -of_objects [get_hw_devices xc7z010_1] -filter {CELL_NAME=~"ila_0_m0"}]]
INFO: [Labtools 27-1966] The ILA core 'hw_ila_1' triggered at 2024-Nov-23 13:13:30
INFO: [Labtools 27-3304] ILA Waveform data saved to file E:/AX7010_2023.1-course_s1_fpga-18_ad9238_hdmi/vivado_ad9238/vivado_ad9238.hw/backup/hw_ila_data_1.ila. Use Tcl command 'read_hw_ila_data' or Vivado File->Import->Import ILA Data menu item to import the previously saved data.
run_hw_ila [get_hw_ilas -of_objects [get_hw_devices xc7z010_1] -filter {CELL_NAME=~"ila_0_m0"}] -trigger_now
INFO: [Labtools 27-1964] The ILA core 'hw_ila_1' trigger was armed at 2024-Nov-23 13:13:32
wait_on_hw_ila [get_hw_ilas -of_objects [get_hw_devices xc7z010_1] -filter {CELL_NAME=~"ila_0_m0"}]
display_hw_ila_data [upload_hw_ila_data [get_hw_ilas -of_objects [get_hw_devices xc7z010_1] -filter {CELL_NAME=~"ila_0_m0"}]]
INFO: [Labtools 27-1966] The ILA core 'hw_ila_1' triggered at 2024-Nov-23 13:13:32
INFO: [Labtools 27-3304] ILA Waveform data saved to file E:/AX7010_2023.1-course_s1_fpga-18_ad9238_hdmi/vivado_ad9238/vivado_ad9238.hw/backup/hw_ila_data_1.ila. Use Tcl command 'read_hw_ila_data' or Vivado File->Import->Import ILA Data menu item to import the previously saved data.
run_hw_ila [get_hw_ilas -of_objects [get_hw_devices xc7z010_1] -filter {CELL_NAME=~"ila_0_m0"}] -trigger_now
INFO: [Labtools 27-1964] The ILA core 'hw_ila_1' trigger was armed at 2024-Nov-23 13:13:34
wait_on_hw_ila [get_hw_ilas -of_objects [get_hw_devices xc7z010_1] -filter {CELL_NAME=~"ila_0_m0"}]
display_hw_ila_data [upload_hw_ila_data [get_hw_ilas -of_objects [get_hw_devices xc7z010_1] -filter {CELL_NAME=~"ila_0_m0"}]]
INFO: [Labtools 27-1966] The ILA core 'hw_ila_1' triggered at 2024-Nov-23 13:13:34
INFO: [Labtools 27-3304] ILA Waveform data saved to file E:/AX7010_2023.1-course_s1_fpga-18_ad9238_hdmi/vivado_ad9238/vivado_ad9238.hw/backup/hw_ila_data_1.ila. Use Tcl command 'read_hw_ila_data' or Vivado File->Import->Import ILA Data menu item to import the previously saved data.
run_hw_ila [get_hw_ilas -of_objects [get_hw_devices xc7z010_1] -filter {CELL_NAME=~"ila_0_m0"}] -trigger_now
INFO: [Labtools 27-1964] The ILA core 'hw_ila_1' trigger was armed at 2024-Nov-23 13:13:35
wait_on_hw_ila [get_hw_ilas -of_objects [get_hw_devices xc7z010_1] -filter {CELL_NAME=~"ila_0_m0"}]
display_hw_ila_data [upload_hw_ila_data [get_hw_ilas -of_objects [get_hw_devices xc7z010_1] -filter {CELL_NAME=~"ila_0_m0"}]]
INFO: [Labtools 27-1966] The ILA core 'hw_ila_1' triggered at 2024-Nov-23 13:13:35
INFO: [Labtools 27-3304] ILA Waveform data saved to file E:/AX7010_2023.1-course_s1_fpga-18_ad9238_hdmi/vivado_ad9238/vivado_ad9238.hw/backup/hw_ila_data_1.ila. Use Tcl command 'read_hw_ila_data' or Vivado File->Import->Import ILA Data menu item to import the previously saved data.
run_hw_ila [get_hw_ilas -of_objects [get_hw_devices xc7z010_1] -filter {CELL_NAME=~"ila_0_m0"}] -trigger_now
INFO: [Labtools 27-1964] The ILA core 'hw_ila_1' trigger was armed at 2024-Nov-23 13:13:38
wait_on_hw_ila [get_hw_ilas -of_objects [get_hw_devices xc7z010_1] -filter {CELL_NAME=~"ila_0_m0"}]
display_hw_ila_data [upload_hw_ila_data [get_hw_ilas -of_objects [get_hw_devices xc7z010_1] -filter {CELL_NAME=~"ila_0_m0"}]]
INFO: [Labtools 27-1966] The ILA core 'hw_ila_1' triggered at 2024-Nov-23 13:13:38
INFO: [Labtools 27-3304] ILA Waveform data saved to file E:/AX7010_2023.1-course_s1_fpga-18_ad9238_hdmi/vivado_ad9238/vivado_ad9238.hw/backup/hw_ila_data_1.ila. Use Tcl command 'read_hw_ila_data' or Vivado File->Import->Import ILA Data menu item to import the previously saved data.
run_hw_ila [get_hw_ilas -of_objects [get_hw_devices xc7z010_1] -filter {CELL_NAME=~"ila_0_m0"}] -trigger_now
INFO: [Labtools 27-1964] The ILA core 'hw_ila_1' trigger was armed at 2024-Nov-23 13:13:39
wait_on_hw_ila [get_hw_ilas -of_objects [get_hw_devices xc7z010_1] -filter {CELL_NAME=~"ila_0_m0"}]
display_hw_ila_data [upload_hw_ila_data [get_hw_ilas -of_objects [get_hw_devices xc7z010_1] -filter {CELL_NAME=~"ila_0_m0"}]]
INFO: [Labtools 27-1966] The ILA core 'hw_ila_1' triggered at 2024-Nov-23 13:13:39
INFO: [Labtools 27-3304] ILA Waveform data saved to file E:/AX7010_2023.1-course_s1_fpga-18_ad9238_hdmi/vivado_ad9238/vivado_ad9238.hw/backup/hw_ila_data_1.ila. Use Tcl command 'read_hw_ila_data' or Vivado File->Import->Import ILA Data menu item to import the previously saved data.
run_hw_ila [get_hw_ilas -of_objects [get_hw_devices xc7z010_1] -filter {CELL_NAME=~"ila_0_m0"}] -trigger_now
INFO: [Labtools 27-1964] The ILA core 'hw_ila_1' trigger was armed at 2024-Nov-23 13:13:45
wait_on_hw_ila [get_hw_ilas -of_objects [get_hw_devices xc7z010_1] -filter {CELL_NAME=~"ila_0_m0"}]
display_hw_ila_data [upload_hw_ila_data [get_hw_ilas -of_objects [get_hw_devices xc7z010_1] -filter {CELL_NAME=~"ila_0_m0"}]]
INFO: [Labtools 27-1966] The ILA core 'hw_ila_1' triggered at 2024-Nov-23 13:13:45
INFO: [Labtools 27-3304] ILA Waveform data saved to file E:/AX7010_2023.1-course_s1_fpga-18_ad9238_hdmi/vivado_ad9238/vivado_ad9238.hw/backup/hw_ila_data_1.ila. Use Tcl command 'read_hw_ila_data' or Vivado File->Import->Import ILA Data menu item to import the previously saved data.
run_hw_ila [get_hw_ilas -of_objects [get_hw_devices xc7z010_1] -filter {CELL_NAME=~"ila_0_m0"}] -trigger_now
INFO: [Labtools 27-1964] The ILA core 'hw_ila_1' trigger was armed at 2024-Nov-23 13:13:46
wait_on_hw_ila [get_hw_ilas -of_objects [get_hw_devices xc7z010_1] -filter {CELL_NAME=~"ila_0_m0"}]
display_hw_ila_data [upload_hw_ila_data [get_hw_ilas -of_objects [get_hw_devices xc7z010_1] -filter {CELL_NAME=~"ila_0_m0"}]]
INFO: [Labtools 27-1966] The ILA core 'hw_ila_1' triggered at 2024-Nov-23 13:13:46
INFO: [Labtools 27-3304] ILA Waveform data saved to file E:/AX7010_2023.1-course_s1_fpga-18_ad9238_hdmi/vivado_ad9238/vivado_ad9238.hw/backup/hw_ila_data_1.ila. Use Tcl command 'read_hw_ila_data' or Vivado File->Import->Import ILA Data menu item to import the previously saved data.
run_hw_ila [get_hw_ilas -of_objects [get_hw_devices xc7z010_1] -filter {CELL_NAME=~"ila_0_m0"}] -trigger_now
INFO: [Labtools 27-1964] The ILA core 'hw_ila_1' trigger was armed at 2024-Nov-23 13:13:49
wait_on_hw_ila [get_hw_ilas -of_objects [get_hw_devices xc7z010_1] -filter {CELL_NAME=~"ila_0_m0"}]
display_hw_ila_data [upload_hw_ila_data [get_hw_ilas -of_objects [get_hw_devices xc7z010_1] -filter {CELL_NAME=~"ila_0_m0"}]]
INFO: [Labtools 27-1966] The ILA core 'hw_ila_1' triggered at 2024-Nov-23 13:13:49
INFO: [Labtools 27-3304] ILA Waveform data saved to file E:/AX7010_2023.1-course_s1_fpga-18_ad9238_hdmi/vivado_ad9238/vivado_ad9238.hw/backup/hw_ila_data_1.ila. Use Tcl command 'read_hw_ila_data' or Vivado File->Import->Import ILA Data menu item to import the previously saved data.
run_hw_ila [get_hw_ilas -of_objects [get_hw_devices xc7z010_1] -filter {CELL_NAME=~"ila_0_m0"}] -trigger_now
INFO: [Labtools 27-1964] The ILA core 'hw_ila_1' trigger was armed at 2024-Nov-23 13:13:50
wait_on_hw_ila [get_hw_ilas -of_objects [get_hw_devices xc7z010_1] -filter {CELL_NAME=~"ila_0_m0"}]
display_hw_ila_data [upload_hw_ila_data [get_hw_ilas -of_objects [get_hw_devices xc7z010_1] -filter {CELL_NAME=~"ila_0_m0"}]]
INFO: [Labtools 27-1966] The ILA core 'hw_ila_1' triggered at 2024-Nov-23 13:13:50
INFO: [Labtools 27-3304] ILA Waveform data saved to file E:/AX7010_2023.1-course_s1_fpga-18_ad9238_hdmi/vivado_ad9238/vivado_ad9238.hw/backup/hw_ila_data_1.ila. Use Tcl command 'read_hw_ila_data' or Vivado File->Import->Import ILA Data menu item to import the previously saved data.
run_hw_ila [get_hw_ilas -of_objects [get_hw_devices xc7z010_1] -filter {CELL_NAME=~"ila_0_m0"}] -trigger_now
INFO: [Labtools 27-1964] The ILA core 'hw_ila_1' trigger was armed at 2024-Nov-23 13:13:53
wait_on_hw_ila [get_hw_ilas -of_objects [get_hw_devices xc7z010_1] -filter {CELL_NAME=~"ila_0_m0"}]
display_hw_ila_data [upload_hw_ila_data [get_hw_ilas -of_objects [get_hw_devices xc7z010_1] -filter {CELL_NAME=~"ila_0_m0"}]]
INFO: [Labtools 27-1966] The ILA core 'hw_ila_1' triggered at 2024-Nov-23 13:13:53
INFO: [Labtools 27-3304] ILA Waveform data saved to file E:/AX7010_2023.1-course_s1_fpga-18_ad9238_hdmi/vivado_ad9238/vivado_ad9238.hw/backup/hw_ila_data_1.ila. Use Tcl command 'read_hw_ila_data' or Vivado File->Import->Import ILA Data menu item to import the previously saved data.
run_hw_ila [get_hw_ilas -of_objects [get_hw_devices xc7z010_1] -filter {CELL_NAME=~"ila_0_m0"}] -trigger_now
INFO: [Labtools 27-1964] The ILA core 'hw_ila_1' trigger was armed at 2024-Nov-23 13:13:58
wait_on_hw_ila [get_hw_ilas -of_objects [get_hw_devices xc7z010_1] -filter {CELL_NAME=~"ila_0_m0"}]
display_hw_ila_data [upload_hw_ila_data [get_hw_ilas -of_objects [get_hw_devices xc7z010_1] -filter {CELL_NAME=~"ila_0_m0"}]]
INFO: [Labtools 27-1966] The ILA core 'hw_ila_1' triggered at 2024-Nov-23 13:13:58
INFO: [Labtools 27-3304] ILA Waveform data saved to file E:/AX7010_2023.1-course_s1_fpga-18_ad9238_hdmi/vivado_ad9238/vivado_ad9238.hw/backup/hw_ila_data_1.ila. Use Tcl command 'read_hw_ila_data' or Vivado File->Import->Import ILA Data menu item to import the previously saved data.
run_hw_ila [get_hw_ilas -of_objects [get_hw_devices xc7z010_1] -filter {CELL_NAME=~"ila_0_m0"}]
INFO: [Labtools 27-1964] The ILA core 'hw_ila_1' trigger was armed at 2024-Nov-23 13:14:00
wait_on_hw_ila [get_hw_ilas -of_objects [get_hw_devices xc7z010_1] -filter {CELL_NAME=~"ila_0_m0"}]
display_hw_ila_data [upload_hw_ila_data [get_hw_ilas -of_objects [get_hw_devices xc7z010_1] -filter {CELL_NAME=~"ila_0_m0"}]]
INFO: [Labtools 27-1966] The ILA core 'hw_ila_1' triggered at 2024-Nov-23 13:14:00
INFO: [Labtools 27-3304] ILA Waveform data saved to file E:/AX7010_2023.1-course_s1_fpga-18_ad9238_hdmi/vivado_ad9238/vivado_ad9238.hw/backup/hw_ila_data_1.ila. Use Tcl command 'read_hw_ila_data' or Vivado File->Import->Import ILA Data menu item to import the previously saved data.
run_hw_ila [get_hw_ilas -of_objects [get_hw_devices xc7z010_1] -filter {CELL_NAME=~"ila_0_m0"}]
INFO: [Labtools 27-1964] The ILA core 'hw_ila_1' trigger was armed at 2024-Nov-23 13:14:33
wait_on_hw_ila [get_hw_ilas -of_objects [get_hw_devices xc7z010_1] -filter {CELL_NAME=~"ila_0_m0"}]
display_hw_ila_data [upload_hw_ila_data [get_hw_ilas -of_objects [get_hw_devices xc7z010_1] -filter {CELL_NAME=~"ila_0_m0"}]]
INFO: [Labtools 27-1966] The ILA core 'hw_ila_1' triggered at 2024-Nov-23 13:14:33
INFO: [Labtools 27-3304] ILA Waveform data saved to file E:/AX7010_2023.1-course_s1_fpga-18_ad9238_hdmi/vivado_ad9238/vivado_ad9238.hw/backup/hw_ila_data_1.ila. Use Tcl command 'read_hw_ila_data' or Vivado File->Import->Import ILA Data menu item to import the previously saved data.
run_hw_ila [get_hw_ilas -of_objects [get_hw_devices xc7z010_1] -filter {CELL_NAME=~"ila_0_m0"}]
INFO: [Labtools 27-1964] The ILA core 'hw_ila_1' trigger was armed at 2024-Nov-23 13:14:35
wait_on_hw_ila [get_hw_ilas -of_objects [get_hw_devices xc7z010_1] -filter {CELL_NAME=~"ila_0_m0"}]
display_hw_ila_data [upload_hw_ila_data [get_hw_ilas -of_objects [get_hw_devices xc7z010_1] -filter {CELL_NAME=~"ila_0_m0"}]]
INFO: [Labtools 27-1966] The ILA core 'hw_ila_1' triggered at 2024-Nov-23 13:14:35
INFO: [Labtools 27-3304] ILA Waveform data saved to file E:/AX7010_2023.1-course_s1_fpga-18_ad9238_hdmi/vivado_ad9238/vivado_ad9238.hw/backup/hw_ila_data_1.ila. Use Tcl command 'read_hw_ila_data' or Vivado File->Import->Import ILA Data menu item to import the previously saved data.
run_hw_ila [get_hw_ilas -of_objects [get_hw_devices xc7z010_1] -filter {CELL_NAME=~"ila_0_m0"}]
INFO: [Labtools 27-1964] The ILA core 'hw_ila_1' trigger was armed at 2024-Nov-23 13:14:36
wait_on_hw_ila [get_hw_ilas -of_objects [get_hw_devices xc7z010_1] -filter {CELL_NAME=~"ila_0_m0"}]
display_hw_ila_data [upload_hw_ila_data [get_hw_ilas -of_objects [get_hw_devices xc7z010_1] -filter {CELL_NAME=~"ila_0_m0"}]]
INFO: [Labtools 27-1966] The ILA core 'hw_ila_1' triggered at 2024-Nov-23 13:14:36
INFO: [Labtools 27-3304] ILA Waveform data saved to file E:/AX7010_2023.1-course_s1_fpga-18_ad9238_hdmi/vivado_ad9238/vivado_ad9238.hw/backup/hw_ila_data_1.ila. Use Tcl command 'read_hw_ila_data' or Vivado File->Import->Import ILA Data menu item to import the previously saved data.
run_hw_ila [get_hw_ilas -of_objects [get_hw_devices xc7z010_1] -filter {CELL_NAME=~"ila_0_m0"}]
INFO: [Labtools 27-1964] The ILA core 'hw_ila_1' trigger was armed at 2024-Nov-23 13:14:37
wait_on_hw_ila [get_hw_ilas -of_objects [get_hw_devices xc7z010_1] -filter {CELL_NAME=~"ila_0_m0"}]
display_hw_ila_data [upload_hw_ila_data [get_hw_ilas -of_objects [get_hw_devices xc7z010_1] -filter {CELL_NAME=~"ila_0_m0"}]]
INFO: [Labtools 27-1966] The ILA core 'hw_ila_1' triggered at 2024-Nov-23 13:14:37
INFO: [Labtools 27-3304] ILA Waveform data saved to file E:/AX7010_2023.1-course_s1_fpga-18_ad9238_hdmi/vivado_ad9238/vivado_ad9238.hw/backup/hw_ila_data_1.ila. Use Tcl command 'read_hw_ila_data' or Vivado File->Import->Import ILA Data menu item to import the previously saved data.
refresh_design
Netlist sorting complete. Time (s): cpu = 00:00:00 ; elapsed = 00:00:00.052 . Memory (MB): peak = 4450.324 ; gain = 0.000
INFO: [Netlist 29-17] Analyzing 167 Unisim elements for replacement
INFO: [Netlist 29-28] Unisim Transformation completed in 0 CPU seconds
INFO: [Project 1-479] Netlist was created with Vivado 2020.1
INFO: [Project 1-570] Preparing netlist for logic optimization
WARNING: [Constraints 18-550] Could not create 'IBUF_LOW_PWR' constraint because net 'video_pll_m0/clk_in1' is not directly connected to top level port. Synthesis is ignored for IBUF_LOW_PWR but preserved for implementation.
INFO: [Timing 38-478] Restoring timing data from binary archive.
INFO: [Timing 38-479] Binary timing data restore complete.
INFO: [Project 1-856] Restoring constraints from binary archive.
INFO: [Project 1-853] Binary constraint restore complete.
Reading XDEF placement.
Reading placer database...
Reading XDEF routing.
Read XDEF File: Time (s): cpu = 00:00:01 ; elapsed = 00:00:00.265 . Memory (MB): peak = 4450.324 ; gain = 0.000
Restored from archive | CPU: 1.000000 secs | Memory: 0.000000 MB |
Finished XDEF File Restore: Time (s): cpu = 00:00:01 ; elapsed = 00:00:00.266 . Memory (MB): peak = 4450.324 ; gain = 0.000
WARNING: [Timing 38-436] There are set_bus_skew constraint(s) in this design. Please run report_bus_skew to ensure that bus skew requirements are met.
run_hw_ila [get_hw_ilas -of_objects [get_hw_devices xc7z010_1] -filter {CELL_NAME=~"ila_0_m0"}]
INFO: [Labtools 27-1964] The ILA core 'hw_ila_1' trigger was armed at 2024-Nov-23 13:38:43
wait_on_hw_ila [get_hw_ilas -of_objects [get_hw_devices xc7z010_1] -filter {CELL_NAME=~"ila_0_m0"}]
display_hw_ila_data [upload_hw_ila_data [get_hw_ilas -of_objects [get_hw_devices xc7z010_1] -filter {CELL_NAME=~"ila_0_m0"}]]
INFO: [Labtools 27-1966] The ILA core 'hw_ila_1' triggered at 2024-Nov-23 13:38:43
INFO: [Labtools 27-3304] ILA Waveform data saved to file E:/AX7010_2023.1-course_s1_fpga-18_ad9238_hdmi/vivado_ad9238/vivado_ad9238.hw/backup/hw_ila_data_1.ila. Use Tcl command 'read_hw_ila_data' or Vivado File->Import->Import ILA Data menu item to import the previously saved data.
run_hw_ila [get_hw_ilas -of_objects [get_hw_devices xc7z010_1] -filter {CELL_NAME=~"ila_0_m0"}]
INFO: [Labtools 27-1964] The ILA core 'hw_ila_1' trigger was armed at 2024-Nov-23 13:38:45
wait_on_hw_ila [get_hw_ilas -of_objects [get_hw_devices xc7z010_1] -filter {CELL_NAME=~"ila_0_m0"}]
display_hw_ila_data [upload_hw_ila_data [get_hw_ilas -of_objects [get_hw_devices xc7z010_1] -filter {CELL_NAME=~"ila_0_m0"}]]
INFO: [Labtools 27-1966] The ILA core 'hw_ila_1' triggered at 2024-Nov-23 13:38:45
INFO: [Labtools 27-3304] ILA Waveform data saved to file E:/AX7010_2023.1-course_s1_fpga-18_ad9238_hdmi/vivado_ad9238/vivado_ad9238.hw/backup/hw_ila_data_1.ila. Use Tcl command 'read_hw_ila_data' or Vivado File->Import->Import ILA Data menu item to import the previously saved data.
run_hw_ila [get_hw_ilas -of_objects [get_hw_devices xc7z010_1] -filter {CELL_NAME=~"ila_0_m0"}]
INFO: [Labtools 27-1964] The ILA core 'hw_ila_1' trigger was armed at 2024-Nov-23 13:38:47
wait_on_hw_ila [get_hw_ilas -of_objects [get_hw_devices xc7z010_1] -filter {CELL_NAME=~"ila_0_m0"}]
display_hw_ila_data [upload_hw_ila_data [get_hw_ilas -of_objects [get_hw_devices xc7z010_1] -filter {CELL_NAME=~"ila_0_m0"}]]
INFO: [Labtools 27-1966] The ILA core 'hw_ila_1' triggered at 2024-Nov-23 13:38:47
INFO: [Labtools 27-3304] ILA Waveform data saved to file E:/AX7010_2023.1-course_s1_fpga-18_ad9238_hdmi/vivado_ad9238/vivado_ad9238.hw/backup/hw_ila_data_1.ila. Use Tcl command 'read_hw_ila_data' or Vivado File->Import->Import ILA Data menu item to import the previously saved data.
run_hw_ila [get_hw_ilas -of_objects [get_hw_devices xc7z010_1] -filter {CELL_NAME=~"ila_0_m0"}]
INFO: [Labtools 27-1964] The ILA core 'hw_ila_1' trigger was armed at 2024-Nov-23 13:38:50
wait_on_hw_ila [get_hw_ilas -of_objects [get_hw_devices xc7z010_1] -filter {CELL_NAME=~"ila_0_m0"}]
display_hw_ila_data [upload_hw_ila_data [get_hw_ilas -of_objects [get_hw_devices xc7z010_1] -filter {CELL_NAME=~"ila_0_m0"}]]
INFO: [Labtools 27-1966] The ILA core 'hw_ila_1' triggered at 2024-Nov-23 13:38:50
INFO: [Labtools 27-3304] ILA Waveform data saved to file E:/AX7010_2023.1-course_s1_fpga-18_ad9238_hdmi/vivado_ad9238/vivado_ad9238.hw/backup/hw_ila_data_1.ila. Use Tcl command 'read_hw_ila_data' or Vivado File->Import->Import ILA Data menu item to import the previously saved data.
run_hw_ila [get_hw_ilas -of_objects [get_hw_devices xc7z010_1] -filter {CELL_NAME=~"ila_0_m0"}]
INFO: [Labtools 27-1964] The ILA core 'hw_ila_1' trigger was armed at 2024-Nov-23 13:38:52
wait_on_hw_ila [get_hw_ilas -of_objects [get_hw_devices xc7z010_1] -filter {CELL_NAME=~"ila_0_m0"}]
display_hw_ila_data [upload_hw_ila_data [get_hw_ilas -of_objects [get_hw_devices xc7z010_1] -filter {CELL_NAME=~"ila_0_m0"}]]
INFO: [Labtools 27-1966] The ILA core 'hw_ila_1' triggered at 2024-Nov-23 13:38:52
INFO: [Labtools 27-3304] ILA Waveform data saved to file E:/AX7010_2023.1-course_s1_fpga-18_ad9238_hdmi/vivado_ad9238/vivado_ad9238.hw/backup/hw_ila_data_1.ila. Use Tcl command 'read_hw_ila_data' or Vivado File->Import->Import ILA Data menu item to import the previously saved data.
run_hw_ila [get_hw_ilas -of_objects [get_hw_devices xc7z010_1] -filter {CELL_NAME=~"ila_0_m0"}]
INFO: [Labtools 27-1964] The ILA core 'hw_ila_1' trigger was armed at 2024-Nov-23 13:45:02
wait_on_hw_ila [get_hw_ilas -of_objects [get_hw_devices xc7z010_1] -filter {CELL_NAME=~"ila_0_m0"}]
display_hw_ila_data [upload_hw_ila_data [get_hw_ilas -of_objects [get_hw_devices xc7z010_1] -filter {CELL_NAME=~"ila_0_m0"}]]
INFO: [Labtools 27-1966] The ILA core 'hw_ila_1' triggered at 2024-Nov-23 13:45:02
INFO: [Labtools 27-3304] ILA Waveform data saved to file E:/AX7010_2023.1-course_s1_fpga-18_ad9238_hdmi/vivado_ad9238/vivado_ad9238.hw/backup/hw_ila_data_1.ila. Use Tcl command 'read_hw_ila_data' or Vivado File->Import->Import ILA Data menu item to import the previously saved data.
run_hw_ila [get_hw_ilas -of_objects [get_hw_devices xc7z010_1] -filter {CELL_NAME=~"ila_0_m0"}]
INFO: [Labtools 27-1964] The ILA core 'hw_ila_1' trigger was armed at 2024-Nov-23 13:45:04
wait_on_hw_ila [get_hw_ilas -of_objects [get_hw_devices xc7z010_1] -filter {CELL_NAME=~"ila_0_m0"}]
display_hw_ila_data [upload_hw_ila_data [get_hw_ilas -of_objects [get_hw_devices xc7z010_1] -filter {CELL_NAME=~"ila_0_m0"}]]
INFO: [Labtools 27-1966] The ILA core 'hw_ila_1' triggered at 2024-Nov-23 13:45:04
INFO: [Labtools 27-3304] ILA Waveform data saved to file E:/AX7010_2023.1-course_s1_fpga-18_ad9238_hdmi/vivado_ad9238/vivado_ad9238.hw/backup/hw_ila_data_1.ila. Use Tcl command 'read_hw_ila_data' or Vivado File->Import->Import ILA Data menu item to import the previously saved data.
run_hw_ila [get_hw_ilas -of_objects [get_hw_devices xc7z010_1] -filter {CELL_NAME=~"ila_0_m0"}]
INFO: [Labtools 27-1964] The ILA core 'hw_ila_1' trigger was armed at 2024-Nov-23 13:45:08
wait_on_hw_ila [get_hw_ilas -of_objects [get_hw_devices xc7z010_1] -filter {CELL_NAME=~"ila_0_m0"}]
display_hw_ila_data [upload_hw_ila_data [get_hw_ilas -of_objects [get_hw_devices xc7z010_1] -filter {CELL_NAME=~"ila_0_m0"}]]
INFO: [Labtools 27-1966] The ILA core 'hw_ila_1' triggered at 2024-Nov-23 13:45:08
INFO: [Labtools 27-3304] ILA Waveform data saved to file E:/AX7010_2023.1-course_s1_fpga-18_ad9238_hdmi/vivado_ad9238/vivado_ad9238.hw/backup/hw_ila_data_1.ila. Use Tcl command 'read_hw_ila_data' or Vivado File->Import->Import ILA Data menu item to import the previously saved data.
run_hw_ila [get_hw_ilas -of_objects [get_hw_devices xc7z010_1] -filter {CELL_NAME=~"ila_0_m0"}]
INFO: [Labtools 27-1964] The ILA core 'hw_ila_1' trigger was armed at 2024-Nov-23 13:45:10
wait_on_hw_ila [get_hw_ilas -of_objects [get_hw_devices xc7z010_1] -filter {CELL_NAME=~"ila_0_m0"}]
display_hw_ila_data [upload_hw_ila_data [get_hw_ilas -of_objects [get_hw_devices xc7z010_1] -filter {CELL_NAME=~"ila_0_m0"}]]
INFO: [Labtools 27-1966] The ILA core 'hw_ila_1' triggered at 2024-Nov-23 13:45:11
INFO: [Labtools 27-3304] ILA Waveform data saved to file E:/AX7010_2023.1-course_s1_fpga-18_ad9238_hdmi/vivado_ad9238/vivado_ad9238.hw/backup/hw_ila_data_1.ila. Use Tcl command 'read_hw_ila_data' or Vivado File->Import->Import ILA Data menu item to import the previously saved data.
ERROR: [Labtoolstcl 44-513] HW Target shutdown. Closing target: localhost:3121/xilinx_tcf/Digilent/210512180081
WARNING: [IP_Flow 19-4067] Ignoring invalid widget type specified checkbox.Providing a default widget
set_property -dict [list CONFIG.C_NUM_OF_PROBES {5}] [get_ips ila_0]
generate_target all [get_files  e:/AX7010_2023.1-course_s1_fpga-18_ad9238_hdmi/vivado_ad9238/vivado_ad9238.srcs/sources_1/ip/ila_0/ila_0.xci]
INFO: [IP_Flow 19-1686] Generating 'Instantiation Template' target for IP 'ila_0'...
INFO: [IP_Flow 19-1686] Generating 'Synthesis' target for IP 'ila_0'...
WARNING: [IP_Flow 19-4994] Overwriting existing constraint file 'e:/AX7010_2023.1-course_s1_fpga-18_ad9238_hdmi/vivado_ad9238/vivado_ad9238.srcs/sources_1/ip/ila_0/ila_0_ooc.xdc'
INFO: [IP_Flow 19-1686] Generating 'Simulation' target for IP 'ila_0'...
INFO: [IP_Flow 19-1686] Generating 'Implementation' target for IP 'ila_0'...
INFO: [IP_Flow 19-1686] Generating 'Change Log' target for IP 'ila_0'...
catch { config_ip_cache -export [get_ips -all ila_0] }
export_ip_user_files -of_objects [get_files e:/AX7010_2023.1-course_s1_fpga-18_ad9238_hdmi/vivado_ad9238/vivado_ad9238.srcs/sources_1/ip/ila_0/ila_0.xci] -no_script -sync -force -quiet
reset_run ila_0_synth_1
launch_runs ila_0_synth_1 -jobs 16
[Sat Nov 23 15:29:23 2024] Launched ila_0_synth_1...
Run output will be captured here: E:/AX7010_2023.1-course_s1_fpga-18_ad9238_hdmi/vivado_ad9238/vivado_ad9238.runs/ila_0_synth_1/runme.log
export_simulation -of_objects [get_files e:/AX7010_2023.1-course_s1_fpga-18_ad9238_hdmi/vivado_ad9238/vivado_ad9238.srcs/sources_1/ip/ila_0/ila_0.xci] -directory E:/AX7010_2023.1-course_s1_fpga-18_ad9238_hdmi/vivado_ad9238/vivado_ad9238.ip_user_files/sim_scripts -ip_user_files_dir E:/AX7010_2023.1-course_s1_fpga-18_ad9238_hdmi/vivado_ad9238/vivado_ad9238.ip_user_files -ipstatic_source_dir E:/AX7010_2023.1-course_s1_fpga-18_ad9238_hdmi/vivado_ad9238/vivado_ad9238.ip_user_files/ipstatic -lib_map_path [list {modelsim=E:/AX7010_2023.1-course_s1_fpga-18_ad9238_hdmi/vivado_ad9238/vivado_ad9238.cache/compile_simlib/modelsim} {questa=E:/AX7010_2023.1-course_s1_fpga-18_ad9238_hdmi/vivado_ad9238/vivado_ad9238.cache/compile_simlib/questa} {riviera=E:/AX7010_2023.1-course_s1_fpga-18_ad9238_hdmi/vivado_ad9238/vivado_ad9238.cache/compile_simlib/riviera} {activehdl=E:/AX7010_2023.1-course_s1_fpga-18_ad9238_hdmi/vivado_ad9238/vivado_ad9238.cache/compile_simlib/activehdl}] -use_ip_compiled_libs -force -quiet
WARNING: [IP_Flow 19-4067] Ignoring invalid widget type specified checkbox.Providing a default widget
WARNING: [IP_Flow 19-4067] Ignoring invalid widget type specified checkbox.Providing a default widget
INFO: [IP_Flow 19-3484] Absolute path of file 'e:/AX7010_2023.1-course_s1_fpga-18_ad9238_hdmi/vivado_ad9238/tool/triwave.coe' provided. It will be converted relative to IP Instance files '../../../../tool/triwave.coe'
create_ip -name blk_mem_gen -vendor xilinx.com -library ip -version 8.4 -module_name blk_mem_gen_0 -dir e:/AX7010_2023.1-course_s1_fpga-18_ad9238_hdmi/vivado_ad9238/vivado_ad9238.srcs/sources_1/ip
set_property -dict [list CONFIG.Write_Width_A {12} CONFIG.Write_Depth_A {100} CONFIG.Read_Width_A {12} CONFIG.Enable_A {Always_Enabled} CONFIG.Write_Width_B {12} CONFIG.Read_Width_B {12} CONFIG.Register_PortA_Output_of_Memory_Primitives {false} CONFIG.Load_Init_File {true} CONFIG.Coe_File {E:/AX7010_2023.1-course_s1_fpga-18_ad9238_hdmi/vivado_ad9238/tool/triwave.coe}] [get_ips blk_mem_gen_0]
INFO: [IP_Flow 19-3484] Absolute path of file 'e:/AX7010_2023.1-course_s1_fpga-18_ad9238_hdmi/vivado_ad9238/tool/triwave.coe' provided. It will be converted relative to IP Instance files '../../../../tool/triwave.coe'
generate_target {instantiation_template} [get_files e:/AX7010_2023.1-course_s1_fpga-18_ad9238_hdmi/vivado_ad9238/vivado_ad9238.srcs/sources_1/ip/blk_mem_gen_0/blk_mem_gen_0.xci]
INFO: [IP_Flow 19-1686] Generating 'Instantiation Template' target for IP 'blk_mem_gen_0'...
update_compile_order -fileset sources_1
WARNING: [IP_Flow 19-4067] Ignoring invalid widget type specified checkbox.Providing a default widget
WARNING: [IP_Flow 19-4067] Ignoring invalid widget type specified checkbox.Providing a default widget
INFO: [IP_Flow 19-3484] Absolute path of file 'e:/AX7010_2023.1-course_s1_fpga-18_ad9238_hdmi/vivado_ad9238/tool/triwave.coe' provided. It will be converted relative to IP Instance files '../../../../tool/triwave.coe'
INFO: [IP_Flow 19-3484] Absolute path of file 'e:/AX7010_2023.1-course_s1_fpga-18_ad9238_hdmi/vivado_ad9238/tool/triwave.coe' provided. It will be converted relative to IP Instance files '../../../../tool/triwave.coe'
INFO: [IP_Flow 19-3484] Absolute path of file 'e:/AX7010_2023.1-course_s1_fpga-18_ad9238_hdmi/vivado_ad9238/tool/triwave.coe' provided. It will be converted relative to IP Instance files '../../../../tool/triwave.coe'
create_ip -name blk_mem_gen -vendor xilinx.com -library ip -version 8.4 -module_name blk_mem_gen_1 -dir e:/AX7010_2023.1-course_s1_fpga-18_ad9238_hdmi/vivado_ad9238/vivado_ad9238.srcs/sources_1/ip
set_property -dict [list CONFIG.Write_Width_A {12} CONFIG.Write_Depth_A {100} CONFIG.Read_Width_A {12} CONFIG.Enable_A {Always_Enabled} CONFIG.Write_Width_B {12} CONFIG.Read_Width_B {12} CONFIG.Register_PortA_Output_of_Memory_Primitives {false} CONFIG.Load_Init_File {true} CONFIG.Coe_File {E:/AX7010_2023.1-course_s1_fpga-18_ad9238_hdmi/vivado_ad9238/tool/triwave.coe} CONFIG.Fill_Remaining_Memory_Locations {false}] [get_ips blk_mem_gen_1]
INFO: [IP_Flow 19-3484] Absolute path of file 'e:/AX7010_2023.1-course_s1_fpga-18_ad9238_hdmi/vivado_ad9238/tool/triwave.coe' provided. It will be converted relative to IP Instance files '../../../../tool/triwave.coe'
generate_target {instantiation_template} [get_files e:/AX7010_2023.1-course_s1_fpga-18_ad9238_hdmi/vivado_ad9238/vivado_ad9238.srcs/sources_1/ip/blk_mem_gen_1/blk_mem_gen_1.xci]
INFO: [IP_Flow 19-1686] Generating 'Instantiation Template' target for IP 'blk_mem_gen_1'...
generate_target all [get_files  e:/AX7010_2023.1-course_s1_fpga-18_ad9238_hdmi/vivado_ad9238/vivado_ad9238.srcs/sources_1/ip/blk_mem_gen_1/blk_mem_gen_1.xci]
INFO: [IP_Flow 19-1686] Generating 'Synthesis' target for IP 'blk_mem_gen_1'...
INFO: [IP_Flow 19-1686] Generating 'Simulation' target for IP 'blk_mem_gen_1'...
INFO: [IP_Flow 19-1686] Generating 'Miscellaneous' target for IP 'blk_mem_gen_1'...
INFO: [IP_Flow 19-1686] Generating 'Change Log' target for IP 'blk_mem_gen_1'...
catch { config_ip_cache -export [get_ips -all blk_mem_gen_1] }
export_ip_user_files -of_objects [get_files e:/AX7010_2023.1-course_s1_fpga-18_ad9238_hdmi/vivado_ad9238/vivado_ad9238.srcs/sources_1/ip/blk_mem_gen_1/blk_mem_gen_1.xci] -no_script -sync -force -quiet
create_ip_run [get_files -of_objects [get_fileset sources_1] e:/AX7010_2023.1-course_s1_fpga-18_ad9238_hdmi/vivado_ad9238/vivado_ad9238.srcs/sources_1/ip/blk_mem_gen_1/blk_mem_gen_1.xci]
launch_runs blk_mem_gen_1_synth_1 -jobs 16
[Sat Nov 23 21:03:17 2024] Launched blk_mem_gen_1_synth_1...
Run output will be captured here: E:/AX7010_2023.1-course_s1_fpga-18_ad9238_hdmi/vivado_ad9238/vivado_ad9238.runs/blk_mem_gen_1_synth_1/runme.log
export_simulation -of_objects [get_files e:/AX7010_2023.1-course_s1_fpga-18_ad9238_hdmi/vivado_ad9238/vivado_ad9238.srcs/sources_1/ip/blk_mem_gen_1/blk_mem_gen_1.xci] -directory E:/AX7010_2023.1-course_s1_fpga-18_ad9238_hdmi/vivado_ad9238/vivado_ad9238.ip_user_files/sim_scripts -ip_user_files_dir E:/AX7010_2023.1-course_s1_fpga-18_ad9238_hdmi/vivado_ad9238/vivado_ad9238.ip_user_files -ipstatic_source_dir E:/AX7010_2023.1-course_s1_fpga-18_ad9238_hdmi/vivado_ad9238/vivado_ad9238.ip_user_files/ipstatic -lib_map_path [list {modelsim=E:/AX7010_2023.1-course_s1_fpga-18_ad9238_hdmi/vivado_ad9238/vivado_ad9238.cache/compile_simlib/modelsim} {questa=E:/AX7010_2023.1-course_s1_fpga-18_ad9238_hdmi/vivado_ad9238/vivado_ad9238.cache/compile_simlib/questa} {riviera=E:/AX7010_2023.1-course_s1_fpga-18_ad9238_hdmi/vivado_ad9238/vivado_ad9238.cache/compile_simlib/riviera} {activehdl=E:/AX7010_2023.1-course_s1_fpga-18_ad9238_hdmi/vivado_ad9238/vivado_ad9238.cache/compile_simlib/activehdl}] -use_ip_compiled_libs -force -quiet
create_ip -name clk_wiz -vendor xilinx.com -library ip -version 6.0 -module_name clk_wiz_0 -dir e:/AX7010_2023.1-course_s1_fpga-18_ad9238_hdmi/vivado_ad9238/vivado_ad9238.srcs/sources_1/ip
set_property -dict [list CONFIG.PRIMITIVE {PLL} CONFIG.PRIM_IN_FREQ {50} CONFIG.CLKOUT1_REQUESTED_OUT_FREQ {20} CONFIG.CLKIN1_JITTER_PS {200.0} CONFIG.CLKOUT1_DRIVES {BUFG} CONFIG.CLKOUT2_DRIVES {BUFG} CONFIG.CLKOUT3_DRIVES {BUFG} CONFIG.CLKOUT4_DRIVES {BUFG} CONFIG.CLKOUT5_DRIVES {BUFG} CONFIG.CLKOUT6_DRIVES {BUFG} CONFIG.CLKOUT7_DRIVES {BUFG} CONFIG.MMCM_DIVCLK_DIVIDE {1} CONFIG.MMCM_BANDWIDTH {OPTIMIZED} CONFIG.MMCM_CLKFBOUT_MULT_F {18} CONFIG.MMCM_CLKIN1_PERIOD {20.000} CONFIG.MMCM_CLKIN2_PERIOD {10.0} CONFIG.MMCM_COMPENSATION {ZHOLD} CONFIG.MMCM_CLKOUT0_DIVIDE_F {45} CONFIG.PLL_CLKIN_PERIOD {20.000} CONFIG.CLKOUT1_JITTER {258.893} CONFIG.CLKOUT1_PHASE_ERROR {161.614}] [get_ips clk_wiz_0]
generate_target {instantiation_template} [get_files e:/AX7010_2023.1-course_s1_fpga-18_ad9238_hdmi/vivado_ad9238/vivado_ad9238.srcs/sources_1/ip/clk_wiz_0/clk_wiz_0.xci]
INFO: [IP_Flow 19-1686] Generating 'Instantiation Template' target for IP 'clk_wiz_0'...
generate_target all [get_files  e:/AX7010_2023.1-course_s1_fpga-18_ad9238_hdmi/vivado_ad9238/vivado_ad9238.srcs/sources_1/ip/clk_wiz_0/clk_wiz_0.xci]
INFO: [IP_Flow 19-1686] Generating 'Synthesis' target for IP 'clk_wiz_0'...
INFO: [IP_Flow 19-1686] Generating 'Simulation' target for IP 'clk_wiz_0'...
INFO: [IP_Flow 19-1686] Generating 'Implementation' target for IP 'clk_wiz_0'...
INFO: [IP_Flow 19-1686] Generating 'Change Log' target for IP 'clk_wiz_0'...
catch { config_ip_cache -export [get_ips -all clk_wiz_0] }
export_ip_user_files -of_objects [get_files e:/AX7010_2023.1-course_s1_fpga-18_ad9238_hdmi/vivado_ad9238/vivado_ad9238.srcs/sources_1/ip/clk_wiz_0/clk_wiz_0.xci] -no_script -sync -force -quiet
create_ip_run [get_files -of_objects [get_fileset sources_1] e:/AX7010_2023.1-course_s1_fpga-18_ad9238_hdmi/vivado_ad9238/vivado_ad9238.srcs/sources_1/ip/clk_wiz_0/clk_wiz_0.xci]
launch_runs clk_wiz_0_synth_1 -jobs 16
[Sat Nov 23 21:07:14 2024] Launched clk_wiz_0_synth_1...
Run output will be captured here: E:/AX7010_2023.1-course_s1_fpga-18_ad9238_hdmi/vivado_ad9238/vivado_ad9238.runs/clk_wiz_0_synth_1/runme.log
export_simulation -of_objects [get_files e:/AX7010_2023.1-course_s1_fpga-18_ad9238_hdmi/vivado_ad9238/vivado_ad9238.srcs/sources_1/ip/clk_wiz_0/clk_wiz_0.xci] -directory E:/AX7010_2023.1-course_s1_fpga-18_ad9238_hdmi/vivado_ad9238/vivado_ad9238.ip_user_files/sim_scripts -ip_user_files_dir E:/AX7010_2023.1-course_s1_fpga-18_ad9238_hdmi/vivado_ad9238/vivado_ad9238.ip_user_files -ipstatic_source_dir E:/AX7010_2023.1-course_s1_fpga-18_ad9238_hdmi/vivado_ad9238/vivado_ad9238.ip_user_files/ipstatic -lib_map_path [list {modelsim=E:/AX7010_2023.1-course_s1_fpga-18_ad9238_hdmi/vivado_ad9238/vivado_ad9238.cache/compile_simlib/modelsim} {questa=E:/AX7010_2023.1-course_s1_fpga-18_ad9238_hdmi/vivado_ad9238/vivado_ad9238.cache/compile_simlib/questa} {riviera=E:/AX7010_2023.1-course_s1_fpga-18_ad9238_hdmi/vivado_ad9238/vivado_ad9238.cache/compile_simlib/riviera} {activehdl=E:/AX7010_2023.1-course_s1_fpga-18_ad9238_hdmi/vivado_ad9238/vivado_ad9238.cache/compile_simlib/activehdl}] -use_ip_compiled_libs -force -quiet
export_ip_user_files -of_objects  [get_files e:/AX7010_2023.1-course_s1_fpga-18_ad9238_hdmi/vivado_ad9238/vivado_ad9238.srcs/sources_1/ip/blk_mem_gen_1/blk_mem_gen_1.xci] -no_script -reset -force -quiet
remove_files  -fileset blk_mem_gen_1 e:/AX7010_2023.1-course_s1_fpga-18_ad9238_hdmi/vivado_ad9238/vivado_ad9238.srcs/sources_1/ip/blk_mem_gen_1/blk_mem_gen_1.xci
INFO: [Project 1-386] Moving file 'e:/AX7010_2023.1-course_s1_fpga-18_ad9238_hdmi/vivado_ad9238/vivado_ad9238.srcs/sources_1/ip/blk_mem_gen_1/blk_mem_gen_1.xci' from fileset 'blk_mem_gen_1' to fileset 'sources_1'.
export_ip_user_files -of_objects  [get_files e:/AX7010_2023.1-course_s1_fpga-18_ad9238_hdmi/vivado_ad9238/vivado_ad9238.srcs/sources_1/ip/clk_wiz_0/clk_wiz_0.xci] -no_script -reset -force -quiet
remove_files  -fileset clk_wiz_0 e:/AX7010_2023.1-course_s1_fpga-18_ad9238_hdmi/vivado_ad9238/vivado_ad9238.srcs/sources_1/ip/clk_wiz_0/clk_wiz_0.xci
INFO: [Project 1-386] Moving file 'e:/AX7010_2023.1-course_s1_fpga-18_ad9238_hdmi/vivado_ad9238/vivado_ad9238.srcs/sources_1/ip/clk_wiz_0/clk_wiz_0.xci' from fileset 'clk_wiz_0' to fileset 'sources_1'.
export_ip_user_files -of_objects  [get_files e:/AX7010_2023.1-course_s1_fpga-18_ad9238_hdmi/vivado_ad9238/vivado_ad9238.srcs/sources_1/ip/blk_mem_gen_0/blk_mem_gen_0.xci] -no_script -reset -force -quiet
remove_files  e:/AX7010_2023.1-course_s1_fpga-18_ad9238_hdmi/vivado_ad9238/vivado_ad9238.srcs/sources_1/ip/blk_mem_gen_0/blk_mem_gen_0.xci
WARNING: [IP_Flow 19-4067] Ignoring invalid widget type specified checkbox.Providing a default widget
WARNING: [IP_Flow 19-4067] Ignoring invalid widget type specified checkbox.Providing a default widget
INFO: [IP_Flow 19-3484] Absolute path of file 'e:/AX7010_2023.1-course_s1_fpga-18_ad9238_hdmi/vivado_ad9238/tool/sinwave.coe' provided. It will be converted relative to IP Instance files '../../../../tool/sinwave.coe'
INFO: [IP_Flow 19-3484] Absolute path of file 'e:/AX7010_2023.1-course_s1_fpga-18_ad9238_hdmi/vivado_ad9238/tool/sinwave.coe' provided. It will be converted relative to IP Instance files '../../../../tool/sinwave.coe'
create_ip -name blk_mem_gen -vendor xilinx.com -library ip -version 8.4 -module_name blk_mem_gen_0 -dir e:/AX7010_2023.1-course_s1_fpga-18_ad9238_hdmi/vivado_ad9238/vivado_ad9238.srcs/sources_1/ip
set_property -dict [list CONFIG.Write_Width_A {12} CONFIG.Write_Depth_A {1000} CONFIG.Read_Width_A {12} CONFIG.Enable_A {Always_Enabled} CONFIG.Write_Width_B {12} CONFIG.Read_Width_B {12} CONFIG.Register_PortA_Output_of_Memory_Primitives {false} CONFIG.Load_Init_File {true} CONFIG.Coe_File {E:/AX7010_2023.1-course_s1_fpga-18_ad9238_hdmi/vivado_ad9238/tool/sinwave.coe}] [get_ips blk_mem_gen_0]
INFO: [IP_Flow 19-3484] Absolute path of file 'e:/AX7010_2023.1-course_s1_fpga-18_ad9238_hdmi/vivado_ad9238/tool/sinwave.coe' provided. It will be converted relative to IP Instance files '../../../../tool/sinwave.coe'
generate_target {instantiation_template} [get_files e:/AX7010_2023.1-course_s1_fpga-18_ad9238_hdmi/vivado_ad9238/vivado_ad9238.srcs/sources_1/ip/blk_mem_gen_0_1/blk_mem_gen_0.xci]
INFO: [IP_Flow 19-1686] Generating 'Instantiation Template' target for IP 'blk_mem_gen_0'...
update_compile_order -fileset sources_1
generate_target all [get_files  e:/AX7010_2023.1-course_s1_fpga-18_ad9238_hdmi/vivado_ad9238/vivado_ad9238.srcs/sources_1/ip/blk_mem_gen_0_1/blk_mem_gen_0.xci]
INFO: [IP_Flow 19-1686] Generating 'Synthesis' target for IP 'blk_mem_gen_0'...
INFO: [IP_Flow 19-1686] Generating 'Simulation' target for IP 'blk_mem_gen_0'...
INFO: [IP_Flow 19-1686] Generating 'Miscellaneous' target for IP 'blk_mem_gen_0'...
INFO: [IP_Flow 19-1686] Generating 'Change Log' target for IP 'blk_mem_gen_0'...
catch { config_ip_cache -export [get_ips -all blk_mem_gen_0] }
export_ip_user_files -of_objects [get_files e:/AX7010_2023.1-course_s1_fpga-18_ad9238_hdmi/vivado_ad9238/vivado_ad9238.srcs/sources_1/ip/blk_mem_gen_0_1/blk_mem_gen_0.xci] -no_script -sync -force -quiet
create_ip_run [get_files -of_objects [get_fileset sources_1] e:/AX7010_2023.1-course_s1_fpga-18_ad9238_hdmi/vivado_ad9238/vivado_ad9238.srcs/sources_1/ip/blk_mem_gen_0_1/blk_mem_gen_0.xci]
launch_runs blk_mem_gen_0_synth_1 -jobs 16
[Sat Nov 23 21:25:32 2024] Launched blk_mem_gen_0_synth_1...
Run output will be captured here: E:/AX7010_2023.1-course_s1_fpga-18_ad9238_hdmi/vivado_ad9238/vivado_ad9238.runs/blk_mem_gen_0_synth_1/runme.log
export_simulation -of_objects [get_files e:/AX7010_2023.1-course_s1_fpga-18_ad9238_hdmi/vivado_ad9238/vivado_ad9238.srcs/sources_1/ip/blk_mem_gen_0_1/blk_mem_gen_0.xci] -directory E:/AX7010_2023.1-course_s1_fpga-18_ad9238_hdmi/vivado_ad9238/vivado_ad9238.ip_user_files/sim_scripts -ip_user_files_dir E:/AX7010_2023.1-course_s1_fpga-18_ad9238_hdmi/vivado_ad9238/vivado_ad9238.ip_user_files -ipstatic_source_dir E:/AX7010_2023.1-course_s1_fpga-18_ad9238_hdmi/vivado_ad9238/vivado_ad9238.ip_user_files/ipstatic -lib_map_path [list {modelsim=E:/AX7010_2023.1-course_s1_fpga-18_ad9238_hdmi/vivado_ad9238/vivado_ad9238.cache/compile_simlib/modelsim} {questa=E:/AX7010_2023.1-course_s1_fpga-18_ad9238_hdmi/vivado_ad9238/vivado_ad9238.cache/compile_simlib/questa} {riviera=E:/AX7010_2023.1-course_s1_fpga-18_ad9238_hdmi/vivado_ad9238/vivado_ad9238.cache/compile_simlib/riviera} {activehdl=E:/AX7010_2023.1-course_s1_fpga-18_ad9238_hdmi/vivado_ad9238/vivado_ad9238.cache/compile_simlib/activehdl}] -use_ip_compiled_libs -force -quiet
close [ open E:/AX7010_2023.1-course_s1_fpga-18_ad9238_hdmi/vivado_ad9238/vivado_ad9238.srcs/sources_1/new/SPWM.v w ]
add_files E:/AX7010_2023.1-course_s1_fpga-18_ad9238_hdmi/vivado_ad9238/vivado_ad9238.srcs/sources_1/new/SPWM.v
update_compile_order -fileset sources_1
WARNING: [IP_Flow 19-4067] Ignoring invalid widget type specified checkbox.Providing a default widget
WARNING: [IP_Flow 19-4067] Ignoring invalid widget type specified checkbox.Providing a default widget
INFO: [IP_Flow 19-3484] Absolute path of file 'e:/AX7010_2023.1-course_s1_fpga-18_ad9238_hdmi/vivado_ad9238/tool/sinwave.coe' provided. It will be converted relative to IP Instance files '../../../../tool/sinwave.coe'
INFO: [IP_Flow 19-3484] Absolute path of file 'e:/AX7010_2023.1-course_s1_fpga-18_ad9238_hdmi/vivado_ad9238/tool/sinwave.coe' provided. It will be converted relative to IP Instance files '../../../../tool/sinwave.coe'
set_property -dict [list CONFIG.Coe_File {E:/AX7010_2023.1-course_s1_fpga-18_ad9238_hdmi/vivado_ad9238/tool/sinwave.coe}] [get_ips blk_mem_gen_0]
INFO: [IP_Flow 19-3484] Absolute path of file 'e:/AX7010_2023.1-course_s1_fpga-18_ad9238_hdmi/vivado_ad9238/tool/sinwave.coe' provided. It will be converted relative to IP Instance files '../../../../tool/sinwave.coe'
generate_target all [get_files  e:/AX7010_2023.1-course_s1_fpga-18_ad9238_hdmi/vivado_ad9238/vivado_ad9238.srcs/sources_1/ip/blk_mem_gen_0_1/blk_mem_gen_0.xci]
INFO: [IP_Flow 19-1686] Generating 'Instantiation Template' target for IP 'blk_mem_gen_0'...
INFO: [IP_Flow 19-1686] Generating 'Synthesis' target for IP 'blk_mem_gen_0'...
INFO: [IP_Flow 19-1686] Generating 'Simulation' target for IP 'blk_mem_gen_0'...
INFO: [IP_Flow 19-1686] Generating 'Miscellaneous' target for IP 'blk_mem_gen_0'...
INFO: [IP_Flow 19-1686] Generating 'Change Log' target for IP 'blk_mem_gen_0'...
catch { config_ip_cache -export [get_ips -all blk_mem_gen_0] }
INFO: [IP_Flow 19-4993] Using cached IP synthesis design for IP blk_mem_gen_0, cache-ID = b71e949b3dda1086; cache size = 28.016 MB.
catch { [ delete_ip_run [get_ips -all blk_mem_gen_0] ] }
INFO: [Project 1-386] Moving file 'e:/AX7010_2023.1-course_s1_fpga-18_ad9238_hdmi/vivado_ad9238/vivado_ad9238.srcs/sources_1/ip/blk_mem_gen_0_1/blk_mem_gen_0.xci' from fileset 'blk_mem_gen_0' to fileset 'sources_1'.
export_ip_user_files -of_objects [get_files e:/AX7010_2023.1-course_s1_fpga-18_ad9238_hdmi/vivado_ad9238/vivado_ad9238.srcs/sources_1/ip/blk_mem_gen_0_1/blk_mem_gen_0.xci] -no_script -sync -force -quiet
create_ip_run [get_files -of_objects [get_fileset sources_1] e:/AX7010_2023.1-course_s1_fpga-18_ad9238_hdmi/vivado_ad9238/vivado_ad9238.srcs/sources_1/ip/blk_mem_gen_0_1/blk_mem_gen_0.xci]
INFO: [Vivado 12-3453] The given sub-design is up-to-date, no action was taken.  If a run is still desired, use the '-force' option for the file:'e:/AX7010_2023.1-course_s1_fpga-18_ad9238_hdmi/vivado_ad9238/vivado_ad9238.srcs/sources_1/ip/blk_mem_gen_0_1/blk_mem_gen_0.xci'
export_simulation -of_objects [get_files e:/AX7010_2023.1-course_s1_fpga-18_ad9238_hdmi/vivado_ad9238/vivado_ad9238.srcs/sources_1/ip/blk_mem_gen_0_1/blk_mem_gen_0.xci] -directory E:/AX7010_2023.1-course_s1_fpga-18_ad9238_hdmi/vivado_ad9238/vivado_ad9238.ip_user_files/sim_scripts -ip_user_files_dir E:/AX7010_2023.1-course_s1_fpga-18_ad9238_hdmi/vivado_ad9238/vivado_ad9238.ip_user_files -ipstatic_source_dir E:/AX7010_2023.1-course_s1_fpga-18_ad9238_hdmi/vivado_ad9238/vivado_ad9238.ip_user_files/ipstatic -lib_map_path [list {modelsim=E:/AX7010_2023.1-course_s1_fpga-18_ad9238_hdmi/vivado_ad9238/vivado_ad9238.cache/compile_simlib/modelsim} {questa=E:/AX7010_2023.1-course_s1_fpga-18_ad9238_hdmi/vivado_ad9238/vivado_ad9238.cache/compile_simlib/questa} {riviera=E:/AX7010_2023.1-course_s1_fpga-18_ad9238_hdmi/vivado_ad9238/vivado_ad9238.cache/compile_simlib/riviera} {activehdl=E:/AX7010_2023.1-course_s1_fpga-18_ad9238_hdmi/vivado_ad9238/vivado_ad9238.cache/compile_simlib/activehdl}] -use_ip_compiled_libs -force -quiet
close [ open E:/AX7010_2023.1-course_s1_fpga-18_ad9238_hdmi/vivado_ad9238/vivado_ad9238.srcs/sources_1/new/SPWM_Top.v w ]
add_files E:/AX7010_2023.1-course_s1_fpga-18_ad9238_hdmi/vivado_ad9238/vivado_ad9238.srcs/sources_1/new/SPWM_Top.v
update_compile_order -fileset sources_1
WARNING: [IP_Flow 19-4067] Ignoring invalid widget type specified checkbox.Providing a default widget
WARNING: [IP_Flow 19-4067] Ignoring invalid widget type specified checkbox.Providing a default widget
WARNING: [IP_Flow 19-4067] Ignoring invalid widget type specified checkbox.Providing a default widget
WARNING: [IP_Flow 19-4067] Ignoring invalid widget type specified checkbox.Providing a default widget
WARNING: [IP_Flow 19-4067] Ignoring invalid widget type specified checkbox.Providing a default widget
WARNING: [IP_Flow 19-4067] Ignoring invalid widget type specified checkbox.Providing a default widget
INFO: [IP_Flow 19-3484] Absolute path of file 'e:/07_pwm_led/tool/sinwave1.coe' provided. It will be converted relative to IP Instance files '../../../../../../07_pwm_led/tool/sinwave1.coe'
INFO: [Labtoolstcl 44-466] Opening hw_target localhost:3121/xilinx_tcf/Digilent/210512180081
WARNING: [Labtoolstcl 44-129] No matching hw_ila_data was found.
INFO: [Labtools 27-1434] Device xc7z010 (JTAG device index = 1) is programmed with a design that has no supported debug core(s) in it.
WARNING: [Labtools 27-3361] The debug hub core was not detected.
Resolution: 
1. Make sure the clock connected to the debug hub (dbg_hub) core is a free running clock and is active.
2. Make sure the BSCAN_SWITCH_USER_MASK device property in Vivado Hardware Manager reflects the user scan chain setting in the design and refresh the device.  To determine the user scan chain setting in the design, open the implemented design and use 'get_property C_USER_SCAN_CHAIN [get_debug_cores dbg_hub]'.
For more details on setting the scan chain property, consult the Vivado Debug and Programming User Guide (UG908).
WARNING: [Labtools 27-3413] Dropping logic core with cellname:'ila_0_m0' at location 'uuid_F02C237AD00D5D2D87B6FF6FB718BB09' from probes file, since it cannot be found on the programmed device.
WARNING: [Labtoolstcl 44-129] No matching hw_ila_data was found.
ERROR: [Labtoolstcl 44-513] HW Target shutdown. Closing target: localhost:3121/xilinx_tcf/Digilent/210512180081
exit
INFO: [Common 17-206] Exiting Vivado at Sun Nov 24 10:06:41 2024...
