#-----------------------------------------------------------
# Vivado v2020.1 (64-bit)
# SW Build 2902540 on Wed May 27 19:54:49 MDT 2020
# IP Build 2902112 on Wed May 27 22:43:36 MDT 2020
# Start of session at: Sun Nov 24 12:40:10 2024
# Process ID: 5272
# Current directory: E:/AX7010_2023.1-course_s1_fpga-18_ad9238_hdmi/vivado_ad9238
# Command line: vivado.exe -gui_launcher_event rodinguilauncherevent21972 E:\AX7010_2023.1-course_s1_fpga-18_ad9238_hdmi\vivado_ad9238\vivado_ad9238.xpr
# Log file: E:/AX7010_2023.1-course_s1_fpga-18_ad9238_hdmi/vivado_ad9238/vivado.log
# Journal file: E:/AX7010_2023.1-course_s1_fpga-18_ad9238_hdmi/vivado_ad9238\vivado.jou
#-----------------------------------------------------------
start_gui
open_project E:/AX7010_2023.1-course_s1_fpga-18_ad9238_hdmi/vivado_ad9238/vivado_ad9238.xpr
Scanning sources...
Finished scanning sources
INFO: [IP_Flow 19-234] Refreshing IP repositories
INFO: [IP_Flow 19-1700] Loaded user IP repository 'e:/AX7010_2023.1-course_s1_fpga-18_ad9238_hdmi/auto_create_project/my_ip'.
INFO: [IP_Flow 19-2313] Loaded Vivado IP repository 'D:/Vivado/Vivado/2020.1/data/ip'.
update_compile_order -fileset sources_1
reset_run synth_1
launch_runs impl_1 -jobs 16
[Sun Nov 24 12:41:03 2024] Launched synth_1...
Run output will be captured here: E:/AX7010_2023.1-course_s1_fpga-18_ad9238_hdmi/vivado_ad9238/vivado_ad9238.runs/synth_1/runme.log
[Sun Nov 24 12:41:03 2024] Launched impl_1...
Run output will be captured here: E:/AX7010_2023.1-course_s1_fpga-18_ad9238_hdmi/vivado_ad9238/vivado_ad9238.runs/impl_1/runme.log
WARNING: [IP_Flow 19-4067] Ignoring invalid widget type specified checkbox.Providing a default widget
create_ip -name ila -vendor xilinx.com -library ip -version 6.2 -module_name ila_0 -dir e:/AX7010_2023.1-course_s1_fpga-18_ad9238_hdmi/vivado_ad9238/vivado_ad9238.srcs/sources_1/ip
set_property -dict [list CONFIG.C_PROBE3_WIDTH {24} CONFIG.C_PROBE0_WIDTH {12} CONFIG.C_NUM_OF_PROBES {4}] [get_ips ila_0]
generate_target {instantiation_template} [get_files e:/AX7010_2023.1-course_s1_fpga-18_ad9238_hdmi/vivado_ad9238/vivado_ad9238.srcs/sources_1/ip/ila_0/ila_0.xci]
INFO: [IP_Flow 19-1686] Generating 'Instantiation Template' target for IP 'ila_0'...
generate_target all [get_files  e:/AX7010_2023.1-course_s1_fpga-18_ad9238_hdmi/vivado_ad9238/vivado_ad9238.srcs/sources_1/ip/ila_0/ila_0.xci]
INFO: [IP_Flow 19-1686] Generating 'Synthesis' target for IP 'ila_0'...
WARNING: [IP_Flow 19-4994] Overwriting existing constraint file 'e:/AX7010_2023.1-course_s1_fpga-18_ad9238_hdmi/vivado_ad9238/vivado_ad9238.srcs/sources_1/ip/ila_0/ila_0_ooc.xdc'
INFO: [IP_Flow 19-1686] Generating 'Simulation' target for IP 'ila_0'...
INFO: [IP_Flow 19-1686] Generating 'Implementation' target for IP 'ila_0'...
INFO: [IP_Flow 19-1686] Generating 'Change Log' target for IP 'ila_0'...
catch { config_ip_cache -export [get_ips -all ila_0] }
export_ip_user_files -of_objects [get_files e:/AX7010_2023.1-course_s1_fpga-18_ad9238_hdmi/vivado_ad9238/vivado_ad9238.srcs/sources_1/ip/ila_0/ila_0.xci] -no_script -sync -force -quiet
create_ip_run [get_files -of_objects [get_fileset sources_1] e:/AX7010_2023.1-course_s1_fpga-18_ad9238_hdmi/vivado_ad9238/vivado_ad9238.srcs/sources_1/ip/ila_0/ila_0.xci]
launch_runs ila_0_synth_1 -jobs 16
[Sun Nov 24 12:45:27 2024] Launched ila_0_synth_1...
Run output will be captured here: E:/AX7010_2023.1-course_s1_fpga-18_ad9238_hdmi/vivado_ad9238/vivado_ad9238.runs/ila_0_synth_1/runme.log
export_simulation -of_objects [get_files e:/AX7010_2023.1-course_s1_fpga-18_ad9238_hdmi/vivado_ad9238/vivado_ad9238.srcs/sources_1/ip/ila_0/ila_0.xci] -directory E:/AX7010_2023.1-course_s1_fpga-18_ad9238_hdmi/vivado_ad9238/vivado_ad9238.ip_user_files/sim_scripts -ip_user_files_dir E:/AX7010_2023.1-course_s1_fpga-18_ad9238_hdmi/vivado_ad9238/vivado_ad9238.ip_user_files -ipstatic_source_dir E:/AX7010_2023.1-course_s1_fpga-18_ad9238_hdmi/vivado_ad9238/vivado_ad9238.ip_user_files/ipstatic -lib_map_path [list {modelsim=E:/AX7010_2023.1-course_s1_fpga-18_ad9238_hdmi/vivado_ad9238/vivado_ad9238.cache/compile_simlib/modelsim} {questa=E:/AX7010_2023.1-course_s1_fpga-18_ad9238_hdmi/vivado_ad9238/vivado_ad9238.cache/compile_simlib/questa} {riviera=E:/AX7010_2023.1-course_s1_fpga-18_ad9238_hdmi/vivado_ad9238/vivado_ad9238.cache/compile_simlib/riviera} {activehdl=E:/AX7010_2023.1-course_s1_fpga-18_ad9238_hdmi/vivado_ad9238/vivado_ad9238.cache/compile_simlib/activehdl}] -use_ip_compiled_libs -force -quiet
add_files -norecurse {E:/AX7010_2023.1-course_s1_fpga-18_ad9238_hdmi/vivado_ad9238/vivado_ad9238.srcs/sources_1/ADS1256/ADS1256_SPI.v E:/AX7010_2023.1-course_s1_fpga-18_ad9238_hdmi/vivado_ad9238/vivado_ad9238.srcs/sources_1/ADS1256/ADS1256.v E:/AX7010_2023.1-course_s1_fpga-18_ad9238_hdmi/vivado_ad9238/vivado_ad9238.srcs/sources_1/ADS1256/clkdiv.v}
update_compile_order -fileset sources_1
update_compile_order -fileset sources_1
update_compile_order -fileset sources_1
update_compile_order -fileset sources_1
update_compile_order -fileset sources_1
WARNING: [IP_Flow 19-4067] Ignoring invalid widget type specified checkbox.Providing a default widget
WARNING: [IP_Flow 19-4067] Ignoring invalid widget type specified checkbox.Providing a default widget
reset_run synth_1
launch_runs synth_1 -jobs 16
[Sun Nov 24 13:08:42 2024] Launched synth_1...
Run output will be captured here: E:/AX7010_2023.1-course_s1_fpga-18_ad9238_hdmi/vivado_ad9238/vivado_ad9238.runs/synth_1/runme.log
open_run synth_1 -name synth_1
Design is defaulting to impl run constrset: constrs_1
Design is defaulting to synth run part: xc7z010clg400-1
INFO: [Device 21-403] Loading part xc7z010clg400-1
INFO: [Project 1-454] Reading design checkpoint 'e:/AX7010_2023.1-course_s1_fpga-18_ad9238_hdmi/vivado_ad9238/vivado_ad9238.srcs/sources_1/ip/adc_pll/adc_pll.dcp' for cell 'adc_pll_m0'
INFO: [Project 1-454] Reading design checkpoint 'e:/AX7010_2023.1-course_s1_fpga-18_ad9238_hdmi/vivado_ad9238/vivado_ad9238.srcs/sources_1/ip/ila_0/ila_0.dcp' for cell 'ila_0_inst'
INFO: [Project 1-454] Reading design checkpoint 'e:/AX7010_2023.1-course_s1_fpga-18_ad9238_hdmi/vivado_ad9238/vivado_ad9238.srcs/sources_1/ip/rgb2dvi_0/rgb2dvi_0.dcp' for cell 'rgb2dvi_m0'
INFO: [Project 1-454] Reading design checkpoint 'e:/AX7010_2023.1-course_s1_fpga-18_ad9238_hdmi/vivado_ad9238/vivado_ad9238.srcs/sources_1/ip/video_pll/video_pll.dcp' for cell 'video_pll_m0'
INFO: [Project 1-454] Reading design checkpoint 'e:/AX7010_2023.1-course_s1_fpga-18_ad9238_hdmi/vivado_ad9238/vivado_ad9238.srcs/sources_1/ip/dpram2048x8/dpram2048x8.dcp' for cell 'wav_display_m0/buffer'
Netlist sorting complete. Time (s): cpu = 00:00:00 ; elapsed = 00:00:00.037 . Memory (MB): peak = 1355.973 ; gain = 0.000
INFO: [Netlist 29-17] Analyzing 161 Unisim elements for replacement
INFO: [Netlist 29-28] Unisim Transformation completed in 0 CPU seconds
INFO: [Project 1-479] Netlist was created with Vivado 2020.1
INFO: [Project 1-570] Preparing netlist for logic optimization
WARNING: [Opt 31-35] Removing redundant IBUF, video_pll_m0/inst/clkin1_ibufg, from the path connected to top-level port: sys_clk 
Resolution: The tool has removed redundant IBUF. To resolve this warning, check for redundant IBUF in the input design.
WARNING: [Constraints 18-550] Could not create 'IBUF_LOW_PWR' constraint because net 'video_pll_m0/clk_in1' is not directly connected to top level port. Synthesis is ignored for IBUF_LOW_PWR but preserved for implementation.
INFO: [Chipscope 16-324] Core: ila_0_inst UUID: d8923df3-e0ca-58ef-8f94-7de50e816f31 
Parsing XDC File [e:/AX7010_2023.1-course_s1_fpga-18_ad9238_hdmi/vivado_ad9238/vivado_ad9238.srcs/sources_1/ip/rgb2dvi_0/src/rgb2dvi.xdc] for cell 'rgb2dvi_m0/U0'
Finished Parsing XDC File [e:/AX7010_2023.1-course_s1_fpga-18_ad9238_hdmi/vivado_ad9238/vivado_ad9238.srcs/sources_1/ip/rgb2dvi_0/src/rgb2dvi.xdc] for cell 'rgb2dvi_m0/U0'
Parsing XDC File [e:/AX7010_2023.1-course_s1_fpga-18_ad9238_hdmi/vivado_ad9238/vivado_ad9238.srcs/sources_1/ip/video_pll/video_pll_board.xdc] for cell 'video_pll_m0/inst'
Finished Parsing XDC File [e:/AX7010_2023.1-course_s1_fpga-18_ad9238_hdmi/vivado_ad9238/vivado_ad9238.srcs/sources_1/ip/video_pll/video_pll_board.xdc] for cell 'video_pll_m0/inst'
Parsing XDC File [e:/AX7010_2023.1-course_s1_fpga-18_ad9238_hdmi/vivado_ad9238/vivado_ad9238.srcs/sources_1/ip/video_pll/video_pll.xdc] for cell 'video_pll_m0/inst'
INFO: [Timing 38-35] Done setting XDC timing constraints. [e:/AX7010_2023.1-course_s1_fpga-18_ad9238_hdmi/vivado_ad9238/vivado_ad9238.srcs/sources_1/ip/video_pll/video_pll.xdc:57]
INFO: [Timing 38-2] Deriving generated clocks [e:/AX7010_2023.1-course_s1_fpga-18_ad9238_hdmi/vivado_ad9238/vivado_ad9238.srcs/sources_1/ip/video_pll/video_pll.xdc:57]
get_clocks: Time (s): cpu = 00:00:04 ; elapsed = 00:00:06 . Memory (MB): peak = 2058.277 ; gain = 567.961
Finished Parsing XDC File [e:/AX7010_2023.1-course_s1_fpga-18_ad9238_hdmi/vivado_ad9238/vivado_ad9238.srcs/sources_1/ip/video_pll/video_pll.xdc] for cell 'video_pll_m0/inst'
Parsing XDC File [e:/AX7010_2023.1-course_s1_fpga-18_ad9238_hdmi/vivado_ad9238/vivado_ad9238.srcs/sources_1/ip/adc_pll/adc_pll_board.xdc] for cell 'adc_pll_m0/inst'
Finished Parsing XDC File [e:/AX7010_2023.1-course_s1_fpga-18_ad9238_hdmi/vivado_ad9238/vivado_ad9238.srcs/sources_1/ip/adc_pll/adc_pll_board.xdc] for cell 'adc_pll_m0/inst'
Parsing XDC File [e:/AX7010_2023.1-course_s1_fpga-18_ad9238_hdmi/vivado_ad9238/vivado_ad9238.srcs/sources_1/ip/adc_pll/adc_pll.xdc] for cell 'adc_pll_m0/inst'
Finished Parsing XDC File [e:/AX7010_2023.1-course_s1_fpga-18_ad9238_hdmi/vivado_ad9238/vivado_ad9238.srcs/sources_1/ip/adc_pll/adc_pll.xdc] for cell 'adc_pll_m0/inst'
Parsing XDC File [e:/AX7010_2023.1-course_s1_fpga-18_ad9238_hdmi/vivado_ad9238/vivado_ad9238.srcs/sources_1/ip/ila_0/ila_v6_2/constraints/ila_impl.xdc] for cell 'ila_0_inst/inst'
Finished Parsing XDC File [e:/AX7010_2023.1-course_s1_fpga-18_ad9238_hdmi/vivado_ad9238/vivado_ad9238.srcs/sources_1/ip/ila_0/ila_v6_2/constraints/ila_impl.xdc] for cell 'ila_0_inst/inst'
Parsing XDC File [e:/AX7010_2023.1-course_s1_fpga-18_ad9238_hdmi/vivado_ad9238/vivado_ad9238.srcs/sources_1/ip/ila_0/ila_v6_2/constraints/ila.xdc] for cell 'ila_0_inst/inst'
Finished Parsing XDC File [e:/AX7010_2023.1-course_s1_fpga-18_ad9238_hdmi/vivado_ad9238/vivado_ad9238.srcs/sources_1/ip/ila_0/ila_v6_2/constraints/ila.xdc] for cell 'ila_0_inst/inst'
Parsing XDC File [E:/AX7010_2023.1-course_s1_fpga-18_ad9238_hdmi/vivado_ad9238/vivado_ad9238.srcs/constrs_1/new/ad9238_hdmi.xdc]
Finished Parsing XDC File [E:/AX7010_2023.1-course_s1_fpga-18_ad9238_hdmi/vivado_ad9238/vivado_ad9238.srcs/constrs_1/new/ad9238_hdmi.xdc]
Parsing XDC File [e:/AX7010_2023.1-course_s1_fpga-18_ad9238_hdmi/vivado_ad9238/vivado_ad9238.srcs/sources_1/ip/rgb2dvi_0/src/rgb2dvi_clocks.xdc] for cell 'rgb2dvi_m0/U0'
Finished Parsing XDC File [e:/AX7010_2023.1-course_s1_fpga-18_ad9238_hdmi/vivado_ad9238/vivado_ad9238.srcs/sources_1/ip/rgb2dvi_0/src/rgb2dvi_clocks.xdc] for cell 'rgb2dvi_m0/U0'
Parsing XDC File [e:/AX7010_2023.1-course_s1_fpga-18_ad9238_hdmi/vivado_ad9238/vivado_ad9238.srcs/sources_1/ip/adc_pll/adc_pll_late.xdc] for cell 'adc_pll_m0/inst'
Finished Parsing XDC File [e:/AX7010_2023.1-course_s1_fpga-18_ad9238_hdmi/vivado_ad9238/vivado_ad9238.srcs/sources_1/ip/adc_pll/adc_pll_late.xdc] for cell 'adc_pll_m0/inst'
INFO: [Opt 31-138] Pushed 0 inverter(s) to 0 load pin(s).
Netlist sorting complete. Time (s): cpu = 00:00:00 ; elapsed = 00:00:00.001 . Memory (MB): peak = 2058.277 ; gain = 0.000
INFO: [Project 1-111] Unisim Transformation Summary:
  A total of 56 instances were transformed.
  CFGLUT5 => CFGLUT5 (SRL16E, SRLC32E): 56 instances

open_run: Time (s): cpu = 00:00:13 ; elapsed = 00:00:16 . Memory (MB): peak = 2101.980 ; gain = 1036.016
place_ports SCLK H16
place_ports MOSI G15
place_ports MISO H15
place_ports DRDY J15
place_ports DRDY J14
place_ports CS K14
set_property target_constrs_file E:/AX7010_2023.1-course_s1_fpga-18_ad9238_hdmi/vivado_ad9238/vivado_ad9238.srcs/constrs_1/new/ad9238_hdmi.xdc [current_fileset -constrset]
save_constraints -force
set_property IOSTANDARD LVCMOS33 [get_ports [list SCLK]]
set_property IOSTANDARD LVTTL [get_ports [list MOSI]]
set_property IOSTANDARD LVCMOS33 [get_ports [list MOSI]]
set_property IOSTANDARD LVCMOS33 [get_ports [list SCLK]]
set_property IOSTANDARD LVCMOS33 [get_ports [list CS]]
set_property IOSTANDARD LVCMOS33 [get_ports [list MISO]]
set_property IOSTANDARD LVCMOS33 [get_ports [list DRDY]]
save_constraints
launch_runs impl_1 -jobs 16
INFO: [Timing 38-480] Writing timing data to binary archive.
Writing placer database...
Writing XDEF routing.
Writing XDEF routing logical nets.
Writing XDEF routing special nets.
Write XDEF Complete: Time (s): cpu = 00:00:00 ; elapsed = 00:00:00.036 . Memory (MB): peak = 2114.262 ; gain = 0.000
[Sun Nov 24 13:12:23 2024] Launched impl_1...
Run output will be captured here: E:/AX7010_2023.1-course_s1_fpga-18_ad9238_hdmi/vivado_ad9238/vivado_ad9238.runs/impl_1/runme.log
launch_runs impl_1 -to_step write_bitstream -jobs 16
[Sun Nov 24 13:14:07 2024] Launched impl_1...
Run output will be captured here: E:/AX7010_2023.1-course_s1_fpga-18_ad9238_hdmi/vivado_ad9238/vivado_ad9238.runs/impl_1/runme.log
open_hw_manager
connect_hw_server -allow_non_jtag
INFO: [Labtools 27-2285] Connecting to hw_server url TCP:localhost:3121
INFO: [Labtools 27-2222] Launching hw_server...
INFO: [Labtools 27-2221] Launch Output:

****** Xilinx hw_server v2020.1
  **** Build date : May 27 2020 at 20:24:38
    ** Copyright 1986-2020 Xilinx, Inc. All Rights Reserved.


INFO: [Labtools 27-3415] Connecting to cs_server url TCP:localhost:3042
INFO: [Labtools 27-3417] Launching cs_server...
INFO: [Labtools 27-2221] Launch Output:


****** Xilinx cs_server v2020.1.0
  **** Build date : May 14 2020-09:10:29
    ** Copyright 2017-2020 Xilinx, Inc. All Rights Reserved.



connect_hw_server: Time (s): cpu = 00:00:00 ; elapsed = 00:00:08 . Memory (MB): peak = 2114.262 ; gain = 0.000
open_hw_target
INFO: [Labtoolstcl 44-466] Opening hw_target localhost:3121/xilinx_tcf/Digilent/210512180081
open_hw_target: Time (s): cpu = 00:00:02 ; elapsed = 00:00:06 . Memory (MB): peak = 3379.766 ; gain = 1265.504
set_property PROGRAM.FILE {E:/AX7010_2023.1-course_s1_fpga-18_ad9238_hdmi/vivado_ad9238/vivado_ad9238.runs/impl_1/top.bit} [get_hw_devices xc7z010_1]
set_property PROBES.FILE {E:/AX7010_2023.1-course_s1_fpga-18_ad9238_hdmi/vivado_ad9238/vivado_ad9238.runs/impl_1/top.ltx} [get_hw_devices xc7z010_1]
set_property FULL_PROBES.FILE {E:/AX7010_2023.1-course_s1_fpga-18_ad9238_hdmi/vivado_ad9238/vivado_ad9238.runs/impl_1/top.ltx} [get_hw_devices xc7z010_1]
current_hw_device [get_hw_devices xc7z010_1]
refresh_hw_device [lindex [get_hw_devices xc7z010_1] 0]
INFO: [Labtools 27-1434] Device xc7z010 (JTAG device index = 1) is programmed with a design that has no supported debug core(s) in it.
WARNING: [Labtools 27-3361] The debug hub core was not detected.
Resolution: 
1. Make sure the clock connected to the debug hub (dbg_hub) core is a free running clock and is active.
2. Make sure the BSCAN_SWITCH_USER_MASK device property in Vivado Hardware Manager reflects the user scan chain setting in the design and refresh the device.  To determine the user scan chain setting in the design, open the implemented design and use 'get_property C_USER_SCAN_CHAIN [get_debug_cores dbg_hub]'.
For more details on setting the scan chain property, consult the Vivado Debug and Programming User Guide (UG908).
WARNING: [Labtools 27-3413] Dropping logic core with cellname:'ila_0_inst' at location 'uuid_D8923DF3E0CA58EF8F947DE50E816F31' from probes file, since it cannot be found on the programmed device.
set_property PROBES.FILE {E:/AX7010_2023.1-course_s1_fpga-18_ad9238_hdmi/vivado_ad9238/vivado_ad9238.runs/impl_1/top.ltx} [get_hw_devices xc7z010_1]
set_property FULL_PROBES.FILE {E:/AX7010_2023.1-course_s1_fpga-18_ad9238_hdmi/vivado_ad9238/vivado_ad9238.runs/impl_1/top.ltx} [get_hw_devices xc7z010_1]
set_property PROGRAM.FILE {E:/AX7010_2023.1-course_s1_fpga-18_ad9238_hdmi/vivado_ad9238/vivado_ad9238.runs/impl_1/top.bit} [get_hw_devices xc7z010_1]
program_hw_devices [get_hw_devices xc7z010_1]
INFO: [Labtools 27-3164] End of startup status: HIGH
refresh_hw_device [lindex [get_hw_devices xc7z010_1] 0]
INFO: [Labtools 27-2302] Device xc7z010 (JTAG device index = 1) is programmed with a design that has 1 ILA core(s).
display_hw_ila_data [ get_hw_ila_data hw_ila_data_1 -of_objects [get_hw_ilas -of_objects [get_hw_devices xc7z010_1] -filter {CELL_NAME=~"ila_0_inst"}]]
run_hw_ila [get_hw_ilas -of_objects [get_hw_devices xc7z010_1] -filter {CELL_NAME=~"ila_0_inst"}]
INFO: [Labtools 27-1964] The ILA core 'hw_ila_1' trigger was armed at 2024-Nov-24 13:19:54
wait_on_hw_ila [get_hw_ilas -of_objects [get_hw_devices xc7z010_1] -filter {CELL_NAME=~"ila_0_inst"}]
display_hw_ila_data [upload_hw_ila_data [get_hw_ilas -of_objects [get_hw_devices xc7z010_1] -filter {CELL_NAME=~"ila_0_inst"}]]
INFO: [Labtools 27-1966] The ILA core 'hw_ila_1' triggered at 2024-Nov-24 13:19:54
INFO: [Labtools 27-3304] ILA Waveform data saved to file E:/AX7010_2023.1-course_s1_fpga-18_ad9238_hdmi/vivado_ad9238/vivado_ad9238.hw/backup/hw_ila_data_1.ila. Use Tcl command 'read_hw_ila_data' or Vivado File->Import->Import ILA Data menu item to import the previously saved data.
run_hw_ila [get_hw_ilas -of_objects [get_hw_devices xc7z010_1] -filter {CELL_NAME=~"ila_0_inst"}]
INFO: [Labtools 27-1964] The ILA core 'hw_ila_1' trigger was armed at 2024-Nov-24 13:19:57
wait_on_hw_ila [get_hw_ilas -of_objects [get_hw_devices xc7z010_1] -filter {CELL_NAME=~"ila_0_inst"}]
display_hw_ila_data [upload_hw_ila_data [get_hw_ilas -of_objects [get_hw_devices xc7z010_1] -filter {CELL_NAME=~"ila_0_inst"}]]
INFO: [Labtools 27-1966] The ILA core 'hw_ila_1' triggered at 2024-Nov-24 13:19:57
INFO: [Labtools 27-3304] ILA Waveform data saved to file E:/AX7010_2023.1-course_s1_fpga-18_ad9238_hdmi/vivado_ad9238/vivado_ad9238.hw/backup/hw_ila_data_1.ila. Use Tcl command 'read_hw_ila_data' or Vivado File->Import->Import ILA Data menu item to import the previously saved data.
run_hw_ila [get_hw_ilas -of_objects [get_hw_devices xc7z010_1] -filter {CELL_NAME=~"ila_0_inst"}]
INFO: [Labtools 27-1964] The ILA core 'hw_ila_1' trigger was armed at 2024-Nov-24 13:19:59
wait_on_hw_ila [get_hw_ilas -of_objects [get_hw_devices xc7z010_1] -filter {CELL_NAME=~"ila_0_inst"}]
display_hw_ila_data [upload_hw_ila_data [get_hw_ilas -of_objects [get_hw_devices xc7z010_1] -filter {CELL_NAME=~"ila_0_inst"}]]
INFO: [Labtools 27-1966] The ILA core 'hw_ila_1' triggered at 2024-Nov-24 13:19:59
INFO: [Labtools 27-3304] ILA Waveform data saved to file E:/AX7010_2023.1-course_s1_fpga-18_ad9238_hdmi/vivado_ad9238/vivado_ad9238.hw/backup/hw_ila_data_1.ila. Use Tcl command 'read_hw_ila_data' or Vivado File->Import->Import ILA Data menu item to import the previously saved data.
run_hw_ila [get_hw_ilas -of_objects [get_hw_devices xc7z010_1] -filter {CELL_NAME=~"ila_0_inst"}]
INFO: [Labtools 27-1964] The ILA core 'hw_ila_1' trigger was armed at 2024-Nov-24 13:20:22
wait_on_hw_ila [get_hw_ilas -of_objects [get_hw_devices xc7z010_1] -filter {CELL_NAME=~"ila_0_inst"}]
display_hw_ila_data [upload_hw_ila_data [get_hw_ilas -of_objects [get_hw_devices xc7z010_1] -filter {CELL_NAME=~"ila_0_inst"}]]
INFO: [Labtools 27-1966] The ILA core 'hw_ila_1' triggered at 2024-Nov-24 13:20:22
INFO: [Labtools 27-3304] ILA Waveform data saved to file E:/AX7010_2023.1-course_s1_fpga-18_ad9238_hdmi/vivado_ad9238/vivado_ad9238.hw/backup/hw_ila_data_1.ila. Use Tcl command 'read_hw_ila_data' or Vivado File->Import->Import ILA Data menu item to import the previously saved data.
run_hw_ila [get_hw_ilas -of_objects [get_hw_devices xc7z010_1] -filter {CELL_NAME=~"ila_0_inst"}]
INFO: [Labtools 27-1964] The ILA core 'hw_ila_1' trigger was armed at 2024-Nov-24 13:20:24
wait_on_hw_ila [get_hw_ilas -of_objects [get_hw_devices xc7z010_1] -filter {CELL_NAME=~"ila_0_inst"}]
display_hw_ila_data [upload_hw_ila_data [get_hw_ilas -of_objects [get_hw_devices xc7z010_1] -filter {CELL_NAME=~"ila_0_inst"}]]
INFO: [Labtools 27-1966] The ILA core 'hw_ila_1' triggered at 2024-Nov-24 13:20:24
INFO: [Labtools 27-3304] ILA Waveform data saved to file E:/AX7010_2023.1-course_s1_fpga-18_ad9238_hdmi/vivado_ad9238/vivado_ad9238.hw/backup/hw_ila_data_1.ila. Use Tcl command 'read_hw_ila_data' or Vivado File->Import->Import ILA Data menu item to import the previously saved data.
run_hw_ila [get_hw_ilas -of_objects [get_hw_devices xc7z010_1] -filter {CELL_NAME=~"ila_0_inst"}] -trigger_now
INFO: [Labtools 27-1964] The ILA core 'hw_ila_1' trigger was armed at 2024-Nov-24 13:20:25
wait_on_hw_ila [get_hw_ilas -of_objects [get_hw_devices xc7z010_1] -filter {CELL_NAME=~"ila_0_inst"}]
display_hw_ila_data [upload_hw_ila_data [get_hw_ilas -of_objects [get_hw_devices xc7z010_1] -filter {CELL_NAME=~"ila_0_inst"}]]
INFO: [Labtools 27-1966] The ILA core 'hw_ila_1' triggered at 2024-Nov-24 13:20:25
INFO: [Labtools 27-3304] ILA Waveform data saved to file E:/AX7010_2023.1-course_s1_fpga-18_ad9238_hdmi/vivado_ad9238/vivado_ad9238.hw/backup/hw_ila_data_1.ila. Use Tcl command 'read_hw_ila_data' or Vivado File->Import->Import ILA Data menu item to import the previously saved data.
run_hw_ila [get_hw_ilas -of_objects [get_hw_devices xc7z010_1] -filter {CELL_NAME=~"ila_0_inst"}] -trigger_now
INFO: [Labtools 27-1964] The ILA core 'hw_ila_1' trigger was armed at 2024-Nov-24 13:20:27
wait_on_hw_ila [get_hw_ilas -of_objects [get_hw_devices xc7z010_1] -filter {CELL_NAME=~"ila_0_inst"}]
display_hw_ila_data [upload_hw_ila_data [get_hw_ilas -of_objects [get_hw_devices xc7z010_1] -filter {CELL_NAME=~"ila_0_inst"}]]
INFO: [Labtools 27-1966] The ILA core 'hw_ila_1' triggered at 2024-Nov-24 13:20:27
INFO: [Labtools 27-3304] ILA Waveform data saved to file E:/AX7010_2023.1-course_s1_fpga-18_ad9238_hdmi/vivado_ad9238/vivado_ad9238.hw/backup/hw_ila_data_1.ila. Use Tcl command 'read_hw_ila_data' or Vivado File->Import->Import ILA Data menu item to import the previously saved data.
run_hw_ila [get_hw_ilas -of_objects [get_hw_devices xc7z010_1] -filter {CELL_NAME=~"ila_0_inst"}] -trigger_now
INFO: [Labtools 27-1964] The ILA core 'hw_ila_1' trigger was armed at 2024-Nov-24 13:20:28
wait_on_hw_ila [get_hw_ilas -of_objects [get_hw_devices xc7z010_1] -filter {CELL_NAME=~"ila_0_inst"}]
display_hw_ila_data [upload_hw_ila_data [get_hw_ilas -of_objects [get_hw_devices xc7z010_1] -filter {CELL_NAME=~"ila_0_inst"}]]
INFO: [Labtools 27-1966] The ILA core 'hw_ila_1' triggered at 2024-Nov-24 13:20:28
INFO: [Labtools 27-3304] ILA Waveform data saved to file E:/AX7010_2023.1-course_s1_fpga-18_ad9238_hdmi/vivado_ad9238/vivado_ad9238.hw/backup/hw_ila_data_1.ila. Use Tcl command 'read_hw_ila_data' or Vivado File->Import->Import ILA Data menu item to import the previously saved data.
run_hw_ila [get_hw_ilas -of_objects [get_hw_devices xc7z010_1] -filter {CELL_NAME=~"ila_0_inst"}] -trigger_now
INFO: [Labtools 27-1964] The ILA core 'hw_ila_1' trigger was armed at 2024-Nov-24 13:20:31
wait_on_hw_ila [get_hw_ilas -of_objects [get_hw_devices xc7z010_1] -filter {CELL_NAME=~"ila_0_inst"}]
display_hw_ila_data [upload_hw_ila_data [get_hw_ilas -of_objects [get_hw_devices xc7z010_1] -filter {CELL_NAME=~"ila_0_inst"}]]
INFO: [Labtools 27-1966] The ILA core 'hw_ila_1' triggered at 2024-Nov-24 13:20:31
INFO: [Labtools 27-3304] ILA Waveform data saved to file E:/AX7010_2023.1-course_s1_fpga-18_ad9238_hdmi/vivado_ad9238/vivado_ad9238.hw/backup/hw_ila_data_1.ila. Use Tcl command 'read_hw_ila_data' or Vivado File->Import->Import ILA Data menu item to import the previously saved data.
run_hw_ila [get_hw_ilas -of_objects [get_hw_devices xc7z010_1] -filter {CELL_NAME=~"ila_0_inst"}] -trigger_now
INFO: [Labtools 27-1964] The ILA core 'hw_ila_1' trigger was armed at 2024-Nov-24 13:20:33
wait_on_hw_ila [get_hw_ilas -of_objects [get_hw_devices xc7z010_1] -filter {CELL_NAME=~"ila_0_inst"}]
display_hw_ila_data [upload_hw_ila_data [get_hw_ilas -of_objects [get_hw_devices xc7z010_1] -filter {CELL_NAME=~"ila_0_inst"}]]
INFO: [Labtools 27-1966] The ILA core 'hw_ila_1' triggered at 2024-Nov-24 13:20:33
INFO: [Labtools 27-3304] ILA Waveform data saved to file E:/AX7010_2023.1-course_s1_fpga-18_ad9238_hdmi/vivado_ad9238/vivado_ad9238.hw/backup/hw_ila_data_1.ila. Use Tcl command 'read_hw_ila_data' or Vivado File->Import->Import ILA Data menu item to import the previously saved data.
run_hw_ila [get_hw_ilas -of_objects [get_hw_devices xc7z010_1] -filter {CELL_NAME=~"ila_0_inst"}] -trigger_now
INFO: [Labtools 27-1964] The ILA core 'hw_ila_1' trigger was armed at 2024-Nov-24 13:20:34
wait_on_hw_ila [get_hw_ilas -of_objects [get_hw_devices xc7z010_1] -filter {CELL_NAME=~"ila_0_inst"}]
display_hw_ila_data [upload_hw_ila_data [get_hw_ilas -of_objects [get_hw_devices xc7z010_1] -filter {CELL_NAME=~"ila_0_inst"}]]
INFO: [Labtools 27-1966] The ILA core 'hw_ila_1' triggered at 2024-Nov-24 13:20:34
INFO: [Labtools 27-3304] ILA Waveform data saved to file E:/AX7010_2023.1-course_s1_fpga-18_ad9238_hdmi/vivado_ad9238/vivado_ad9238.hw/backup/hw_ila_data_1.ila. Use Tcl command 'read_hw_ila_data' or Vivado File->Import->Import ILA Data menu item to import the previously saved data.
run_hw_ila [get_hw_ilas -of_objects [get_hw_devices xc7z010_1] -filter {CELL_NAME=~"ila_0_inst"}] -trigger_now
INFO: [Labtools 27-1964] The ILA core 'hw_ila_1' trigger was armed at 2024-Nov-24 13:20:35
wait_on_hw_ila [get_hw_ilas -of_objects [get_hw_devices xc7z010_1] -filter {CELL_NAME=~"ila_0_inst"}]
display_hw_ila_data [upload_hw_ila_data [get_hw_ilas -of_objects [get_hw_devices xc7z010_1] -filter {CELL_NAME=~"ila_0_inst"}]]
INFO: [Labtools 27-1966] The ILA core 'hw_ila_1' triggered at 2024-Nov-24 13:20:35
INFO: [Labtools 27-3304] ILA Waveform data saved to file E:/AX7010_2023.1-course_s1_fpga-18_ad9238_hdmi/vivado_ad9238/vivado_ad9238.hw/backup/hw_ila_data_1.ila. Use Tcl command 'read_hw_ila_data' or Vivado File->Import->Import ILA Data menu item to import the previously saved data.
run_hw_ila [get_hw_ilas -of_objects [get_hw_devices xc7z010_1] -filter {CELL_NAME=~"ila_0_inst"}] -trigger_now
INFO: [Labtools 27-1964] The ILA core 'hw_ila_1' trigger was armed at 2024-Nov-24 13:20:37
wait_on_hw_ila [get_hw_ilas -of_objects [get_hw_devices xc7z010_1] -filter {CELL_NAME=~"ila_0_inst"}]
display_hw_ila_data [upload_hw_ila_data [get_hw_ilas -of_objects [get_hw_devices xc7z010_1] -filter {CELL_NAME=~"ila_0_inst"}]]
INFO: [Labtools 27-1966] The ILA core 'hw_ila_1' triggered at 2024-Nov-24 13:20:37
INFO: [Labtools 27-3304] ILA Waveform data saved to file E:/AX7010_2023.1-course_s1_fpga-18_ad9238_hdmi/vivado_ad9238/vivado_ad9238.hw/backup/hw_ila_data_1.ila. Use Tcl command 'read_hw_ila_data' or Vivado File->Import->Import ILA Data menu item to import the previously saved data.
run_hw_ila [get_hw_ilas -of_objects [get_hw_devices xc7z010_1] -filter {CELL_NAME=~"ila_0_inst"}] -trigger_now
INFO: [Labtools 27-1964] The ILA core 'hw_ila_1' trigger was armed at 2024-Nov-24 13:20:39
wait_on_hw_ila [get_hw_ilas -of_objects [get_hw_devices xc7z010_1] -filter {CELL_NAME=~"ila_0_inst"}]
display_hw_ila_data [upload_hw_ila_data [get_hw_ilas -of_objects [get_hw_devices xc7z010_1] -filter {CELL_NAME=~"ila_0_inst"}]]
INFO: [Labtools 27-1966] The ILA core 'hw_ila_1' triggered at 2024-Nov-24 13:20:39
INFO: [Labtools 27-3304] ILA Waveform data saved to file E:/AX7010_2023.1-course_s1_fpga-18_ad9238_hdmi/vivado_ad9238/vivado_ad9238.hw/backup/hw_ila_data_1.ila. Use Tcl command 'read_hw_ila_data' or Vivado File->Import->Import ILA Data menu item to import the previously saved data.
run_hw_ila [get_hw_ilas -of_objects [get_hw_devices xc7z010_1] -filter {CELL_NAME=~"ila_0_inst"}] -trigger_now
INFO: [Labtools 27-1964] The ILA core 'hw_ila_1' trigger was armed at 2024-Nov-24 13:20:41
wait_on_hw_ila [get_hw_ilas -of_objects [get_hw_devices xc7z010_1] -filter {CELL_NAME=~"ila_0_inst"}]
display_hw_ila_data [upload_hw_ila_data [get_hw_ilas -of_objects [get_hw_devices xc7z010_1] -filter {CELL_NAME=~"ila_0_inst"}]]
INFO: [Labtools 27-1966] The ILA core 'hw_ila_1' triggered at 2024-Nov-24 13:20:41
INFO: [Labtools 27-3304] ILA Waveform data saved to file E:/AX7010_2023.1-course_s1_fpga-18_ad9238_hdmi/vivado_ad9238/vivado_ad9238.hw/backup/hw_ila_data_1.ila. Use Tcl command 'read_hw_ila_data' or Vivado File->Import->Import ILA Data menu item to import the previously saved data.
run_hw_ila [get_hw_ilas -of_objects [get_hw_devices xc7z010_1] -filter {CELL_NAME=~"ila_0_inst"}]
INFO: [Labtools 27-1964] The ILA core 'hw_ila_1' trigger was armed at 2024-Nov-24 13:20:43
wait_on_hw_ila [get_hw_ilas -of_objects [get_hw_devices xc7z010_1] -filter {CELL_NAME=~"ila_0_inst"}]
display_hw_ila_data [upload_hw_ila_data [get_hw_ilas -of_objects [get_hw_devices xc7z010_1] -filter {CELL_NAME=~"ila_0_inst"}]]
INFO: [Labtools 27-1966] The ILA core 'hw_ila_1' triggered at 2024-Nov-24 13:20:43
INFO: [Labtools 27-3304] ILA Waveform data saved to file E:/AX7010_2023.1-course_s1_fpga-18_ad9238_hdmi/vivado_ad9238/vivado_ad9238.hw/backup/hw_ila_data_1.ila. Use Tcl command 'read_hw_ila_data' or Vivado File->Import->Import ILA Data menu item to import the previously saved data.
run_hw_ila [get_hw_ilas -of_objects [get_hw_devices xc7z010_1] -filter {CELL_NAME=~"ila_0_inst"}]
INFO: [Labtools 27-1964] The ILA core 'hw_ila_1' trigger was armed at 2024-Nov-24 13:20:44
wait_on_hw_ila [get_hw_ilas -of_objects [get_hw_devices xc7z010_1] -filter {CELL_NAME=~"ila_0_inst"}]
display_hw_ila_data [upload_hw_ila_data [get_hw_ilas -of_objects [get_hw_devices xc7z010_1] -filter {CELL_NAME=~"ila_0_inst"}]]
INFO: [Labtools 27-1966] The ILA core 'hw_ila_1' triggered at 2024-Nov-24 13:20:44
INFO: [Labtools 27-3304] ILA Waveform data saved to file E:/AX7010_2023.1-course_s1_fpga-18_ad9238_hdmi/vivado_ad9238/vivado_ad9238.hw/backup/hw_ila_data_1.ila. Use Tcl command 'read_hw_ila_data' or Vivado File->Import->Import ILA Data menu item to import the previously saved data.
run_hw_ila [get_hw_ilas -of_objects [get_hw_devices xc7z010_1] -filter {CELL_NAME=~"ila_0_inst"}]
INFO: [Labtools 27-1964] The ILA core 'hw_ila_1' trigger was armed at 2024-Nov-24 13:20:46
wait_on_hw_ila [get_hw_ilas -of_objects [get_hw_devices xc7z010_1] -filter {CELL_NAME=~"ila_0_inst"}]
display_hw_ila_data [upload_hw_ila_data [get_hw_ilas -of_objects [get_hw_devices xc7z010_1] -filter {CELL_NAME=~"ila_0_inst"}]]
INFO: [Labtools 27-1966] The ILA core 'hw_ila_1' triggered at 2024-Nov-24 13:20:46
INFO: [Labtools 27-3304] ILA Waveform data saved to file E:/AX7010_2023.1-course_s1_fpga-18_ad9238_hdmi/vivado_ad9238/vivado_ad9238.hw/backup/hw_ila_data_1.ila. Use Tcl command 'read_hw_ila_data' or Vivado File->Import->Import ILA Data menu item to import the previously saved data.
run_hw_ila [get_hw_ilas -of_objects [get_hw_devices xc7z010_1] -filter {CELL_NAME=~"ila_0_inst"}]
INFO: [Labtools 27-1964] The ILA core 'hw_ila_1' trigger was armed at 2024-Nov-24 13:21:01
wait_on_hw_ila [get_hw_ilas -of_objects [get_hw_devices xc7z010_1] -filter {CELL_NAME=~"ila_0_inst"}]
display_hw_ila_data [upload_hw_ila_data [get_hw_ilas -of_objects [get_hw_devices xc7z010_1] -filter {CELL_NAME=~"ila_0_inst"}]]
INFO: [Labtools 27-1966] The ILA core 'hw_ila_1' triggered at 2024-Nov-24 13:21:01
INFO: [Labtools 27-3304] ILA Waveform data saved to file E:/AX7010_2023.1-course_s1_fpga-18_ad9238_hdmi/vivado_ad9238/vivado_ad9238.hw/backup/hw_ila_data_1.ila. Use Tcl command 'read_hw_ila_data' or Vivado File->Import->Import ILA Data menu item to import the previously saved data.
run_hw_ila [get_hw_ilas -of_objects [get_hw_devices xc7z010_1] -filter {CELL_NAME=~"ila_0_inst"}]
INFO: [Labtools 27-1964] The ILA core 'hw_ila_1' trigger was armed at 2024-Nov-24 13:21:02
wait_on_hw_ila [get_hw_ilas -of_objects [get_hw_devices xc7z010_1] -filter {CELL_NAME=~"ila_0_inst"}]
display_hw_ila_data [upload_hw_ila_data [get_hw_ilas -of_objects [get_hw_devices xc7z010_1] -filter {CELL_NAME=~"ila_0_inst"}]]
INFO: [Labtools 27-1966] The ILA core 'hw_ila_1' triggered at 2024-Nov-24 13:21:02
INFO: [Labtools 27-3304] ILA Waveform data saved to file E:/AX7010_2023.1-course_s1_fpga-18_ad9238_hdmi/vivado_ad9238/vivado_ad9238.hw/backup/hw_ila_data_1.ila. Use Tcl command 'read_hw_ila_data' or Vivado File->Import->Import ILA Data menu item to import the previously saved data.
run_hw_ila [get_hw_ilas -of_objects [get_hw_devices xc7z010_1] -filter {CELL_NAME=~"ila_0_inst"}]
INFO: [Labtools 27-1964] The ILA core 'hw_ila_1' trigger was armed at 2024-Nov-24 13:21:04
wait_on_hw_ila [get_hw_ilas -of_objects [get_hw_devices xc7z010_1] -filter {CELL_NAME=~"ila_0_inst"}]
display_hw_ila_data [upload_hw_ila_data [get_hw_ilas -of_objects [get_hw_devices xc7z010_1] -filter {CELL_NAME=~"ila_0_inst"}]]
INFO: [Labtools 27-1966] The ILA core 'hw_ila_1' triggered at 2024-Nov-24 13:21:04
INFO: [Labtools 27-3304] ILA Waveform data saved to file E:/AX7010_2023.1-course_s1_fpga-18_ad9238_hdmi/vivado_ad9238/vivado_ad9238.hw/backup/hw_ila_data_1.ila. Use Tcl command 'read_hw_ila_data' or Vivado File->Import->Import ILA Data menu item to import the previously saved data.
run_hw_ila [get_hw_ilas -of_objects [get_hw_devices xc7z010_1] -filter {CELL_NAME=~"ila_0_inst"}]
INFO: [Labtools 27-1964] The ILA core 'hw_ila_1' trigger was armed at 2024-Nov-24 13:24:27
wait_on_hw_ila [get_hw_ilas -of_objects [get_hw_devices xc7z010_1] -filter {CELL_NAME=~"ila_0_inst"}]
display_hw_ila_data [upload_hw_ila_data [get_hw_ilas -of_objects [get_hw_devices xc7z010_1] -filter {CELL_NAME=~"ila_0_inst"}]]
INFO: [Labtools 27-1966] The ILA core 'hw_ila_1' triggered at 2024-Nov-24 13:24:28
INFO: [Labtools 27-3304] ILA Waveform data saved to file E:/AX7010_2023.1-course_s1_fpga-18_ad9238_hdmi/vivado_ad9238/vivado_ad9238.hw/backup/hw_ila_data_1.ila. Use Tcl command 'read_hw_ila_data' or Vivado File->Import->Import ILA Data menu item to import the previously saved data.
run_hw_ila [get_hw_ilas -of_objects [get_hw_devices xc7z010_1] -filter {CELL_NAME=~"ila_0_inst"}]
INFO: [Labtools 27-1964] The ILA core 'hw_ila_1' trigger was armed at 2024-Nov-24 13:24:38
wait_on_hw_ila [get_hw_ilas -of_objects [get_hw_devices xc7z010_1] -filter {CELL_NAME=~"ila_0_inst"}]
display_hw_ila_data [upload_hw_ila_data [get_hw_ilas -of_objects [get_hw_devices xc7z010_1] -filter {CELL_NAME=~"ila_0_inst"}]]
INFO: [Labtools 27-1966] The ILA core 'hw_ila_1' triggered at 2024-Nov-24 13:24:38
INFO: [Labtools 27-3304] ILA Waveform data saved to file E:/AX7010_2023.1-course_s1_fpga-18_ad9238_hdmi/vivado_ad9238/vivado_ad9238.hw/backup/hw_ila_data_1.ila. Use Tcl command 'read_hw_ila_data' or Vivado File->Import->Import ILA Data menu item to import the previously saved data.
run_hw_ila [get_hw_ilas -of_objects [get_hw_devices xc7z010_1] -filter {CELL_NAME=~"ila_0_inst"}]
INFO: [Labtools 27-1964] The ILA core 'hw_ila_1' trigger was armed at 2024-Nov-24 13:24:40
wait_on_hw_ila [get_hw_ilas -of_objects [get_hw_devices xc7z010_1] -filter {CELL_NAME=~"ila_0_inst"}]
display_hw_ila_data [upload_hw_ila_data [get_hw_ilas -of_objects [get_hw_devices xc7z010_1] -filter {CELL_NAME=~"ila_0_inst"}]]
INFO: [Labtools 27-1966] The ILA core 'hw_ila_1' triggered at 2024-Nov-24 13:24:40
INFO: [Labtools 27-3304] ILA Waveform data saved to file E:/AX7010_2023.1-course_s1_fpga-18_ad9238_hdmi/vivado_ad9238/vivado_ad9238.hw/backup/hw_ila_data_1.ila. Use Tcl command 'read_hw_ila_data' or Vivado File->Import->Import ILA Data menu item to import the previously saved data.
run_hw_ila [get_hw_ilas -of_objects [get_hw_devices xc7z010_1] -filter {CELL_NAME=~"ila_0_inst"}]
INFO: [Labtools 27-1964] The ILA core 'hw_ila_1' trigger was armed at 2024-Nov-24 13:24:42
wait_on_hw_ila [get_hw_ilas -of_objects [get_hw_devices xc7z010_1] -filter {CELL_NAME=~"ila_0_inst"}]
display_hw_ila_data [upload_hw_ila_data [get_hw_ilas -of_objects [get_hw_devices xc7z010_1] -filter {CELL_NAME=~"ila_0_inst"}]]
INFO: [Labtools 27-1966] The ILA core 'hw_ila_1' triggered at 2024-Nov-24 13:24:42
INFO: [Labtools 27-3304] ILA Waveform data saved to file E:/AX7010_2023.1-course_s1_fpga-18_ad9238_hdmi/vivado_ad9238/vivado_ad9238.hw/backup/hw_ila_data_1.ila. Use Tcl command 'read_hw_ila_data' or Vivado File->Import->Import ILA Data menu item to import the previously saved data.
run_hw_ila [get_hw_ilas -of_objects [get_hw_devices xc7z010_1] -filter {CELL_NAME=~"ila_0_inst"}]
INFO: [Labtools 27-1964] The ILA core 'hw_ila_1' trigger was armed at 2024-Nov-24 13:24:43
wait_on_hw_ila [get_hw_ilas -of_objects [get_hw_devices xc7z010_1] -filter {CELL_NAME=~"ila_0_inst"}]
display_hw_ila_data [upload_hw_ila_data [get_hw_ilas -of_objects [get_hw_devices xc7z010_1] -filter {CELL_NAME=~"ila_0_inst"}]]
INFO: [Labtools 27-1966] The ILA core 'hw_ila_1' triggered at 2024-Nov-24 13:24:43
INFO: [Labtools 27-3304] ILA Waveform data saved to file E:/AX7010_2023.1-course_s1_fpga-18_ad9238_hdmi/vivado_ad9238/vivado_ad9238.hw/backup/hw_ila_data_1.ila. Use Tcl command 'read_hw_ila_data' or Vivado File->Import->Import ILA Data menu item to import the previously saved data.
run_hw_ila [get_hw_ilas -of_objects [get_hw_devices xc7z010_1] -filter {CELL_NAME=~"ila_0_inst"}] -trigger_now
INFO: [Labtools 27-1964] The ILA core 'hw_ila_1' trigger was armed at 2024-Nov-24 13:24:45
wait_on_hw_ila [get_hw_ilas -of_objects [get_hw_devices xc7z010_1] -filter {CELL_NAME=~"ila_0_inst"}]
display_hw_ila_data [upload_hw_ila_data [get_hw_ilas -of_objects [get_hw_devices xc7z010_1] -filter {CELL_NAME=~"ila_0_inst"}]]
INFO: [Labtools 27-1966] The ILA core 'hw_ila_1' triggered at 2024-Nov-24 13:24:45
INFO: [Labtools 27-3304] ILA Waveform data saved to file E:/AX7010_2023.1-course_s1_fpga-18_ad9238_hdmi/vivado_ad9238/vivado_ad9238.hw/backup/hw_ila_data_1.ila. Use Tcl command 'read_hw_ila_data' or Vivado File->Import->Import ILA Data menu item to import the previously saved data.
WARNING: [IP_Flow 19-4067] Ignoring invalid widget type specified checkbox.Providing a default widget
set_property -dict [list CONFIG.C_NUM_OF_PROBES {5}] [get_ips ila_0]
generate_target all [get_files  e:/AX7010_2023.1-course_s1_fpga-18_ad9238_hdmi/vivado_ad9238/vivado_ad9238.srcs/sources_1/ip/ila_0/ila_0.xci]
INFO: [IP_Flow 19-1686] Generating 'Instantiation Template' target for IP 'ila_0'...
INFO: [IP_Flow 19-1686] Generating 'Synthesis' target for IP 'ila_0'...
WARNING: [IP_Flow 19-4994] Overwriting existing constraint file 'e:/AX7010_2023.1-course_s1_fpga-18_ad9238_hdmi/vivado_ad9238/vivado_ad9238.srcs/sources_1/ip/ila_0/ila_0_ooc.xdc'
INFO: [IP_Flow 19-1686] Generating 'Simulation' target for IP 'ila_0'...
INFO: [IP_Flow 19-1686] Generating 'Implementation' target for IP 'ila_0'...
INFO: [IP_Flow 19-1686] Generating 'Change Log' target for IP 'ila_0'...
catch { config_ip_cache -export [get_ips -all ila_0] }
export_ip_user_files -of_objects [get_files e:/AX7010_2023.1-course_s1_fpga-18_ad9238_hdmi/vivado_ad9238/vivado_ad9238.srcs/sources_1/ip/ila_0/ila_0.xci] -no_script -sync -force -quiet
reset_run ila_0_synth_1
WARNING: [Vivado 12-1017] Problems encountered:
1. Failed to delete one or more files in run directory E:/AX7010_2023.1-course_s1_fpga-18_ad9238_hdmi/vivado_ad9238/vivado_ad9238.runs/ila_0_synth_1

launch_runs ila_0_synth_1 -jobs 16
[Sun Nov 24 13:30:12 2024] Launched ila_0_synth_1...
Run output will be captured here: E:/AX7010_2023.1-course_s1_fpga-18_ad9238_hdmi/vivado_ad9238/vivado_ad9238.runs/ila_0_synth_1/runme.log
export_simulation -of_objects [get_files e:/AX7010_2023.1-course_s1_fpga-18_ad9238_hdmi/vivado_ad9238/vivado_ad9238.srcs/sources_1/ip/ila_0/ila_0.xci] -directory E:/AX7010_2023.1-course_s1_fpga-18_ad9238_hdmi/vivado_ad9238/vivado_ad9238.ip_user_files/sim_scripts -ip_user_files_dir E:/AX7010_2023.1-course_s1_fpga-18_ad9238_hdmi/vivado_ad9238/vivado_ad9238.ip_user_files -ipstatic_source_dir E:/AX7010_2023.1-course_s1_fpga-18_ad9238_hdmi/vivado_ad9238/vivado_ad9238.ip_user_files/ipstatic -lib_map_path [list {modelsim=E:/AX7010_2023.1-course_s1_fpga-18_ad9238_hdmi/vivado_ad9238/vivado_ad9238.cache/compile_simlib/modelsim} {questa=E:/AX7010_2023.1-course_s1_fpga-18_ad9238_hdmi/vivado_ad9238/vivado_ad9238.cache/compile_simlib/questa} {riviera=E:/AX7010_2023.1-course_s1_fpga-18_ad9238_hdmi/vivado_ad9238/vivado_ad9238.cache/compile_simlib/riviera} {activehdl=E:/AX7010_2023.1-course_s1_fpga-18_ad9238_hdmi/vivado_ad9238/vivado_ad9238.cache/compile_simlib/activehdl}] -use_ip_compiled_libs -force -quiet
reset_run synth_1
WARNING: [Vivado 12-1017] Problems encountered:
1. Failed to delete one or more files in run directory E:/AX7010_2023.1-course_s1_fpga-18_ad9238_hdmi/vivado_ad9238/vivado_ad9238.runs/synth_1

launch_runs impl_1 -jobs 16
WARNING: [Project 1-478] Design 'synth_1' is stale and will not be used when launching 'impl_1'
[Sun Nov 24 13:30:25 2024] Launched ila_0_synth_1, synth_1...
Run output will be captured here:
ila_0_synth_1: E:/AX7010_2023.1-course_s1_fpga-18_ad9238_hdmi/vivado_ad9238/vivado_ad9238.runs/ila_0_synth_1/runme.log
synth_1: E:/AX7010_2023.1-course_s1_fpga-18_ad9238_hdmi/vivado_ad9238/vivado_ad9238.runs/synth_1/runme.log
[Sun Nov 24 13:30:25 2024] Launched impl_1...
Run output will be captured here: E:/AX7010_2023.1-course_s1_fpga-18_ad9238_hdmi/vivado_ad9238/vivado_ad9238.runs/impl_1/runme.log
run_hw_ila [get_hw_ilas -of_objects [get_hw_devices xc7z010_1] -filter {CELL_NAME=~"ila_0_inst"}]
INFO: [Labtools 27-1964] The ILA core 'hw_ila_1' trigger was armed at 2024-Nov-24 13:30:56
wait_on_hw_ila [get_hw_ilas -of_objects [get_hw_devices xc7z010_1] -filter {CELL_NAME=~"ila_0_inst"}]
display_hw_ila_data [upload_hw_ila_data [get_hw_ilas -of_objects [get_hw_devices xc7z010_1] -filter {CELL_NAME=~"ila_0_inst"}]]
INFO: [Labtools 27-1966] The ILA core 'hw_ila_1' triggered at 2024-Nov-24 13:30:56
INFO: [Labtools 27-3304] ILA Waveform data saved to file E:/AX7010_2023.1-course_s1_fpga-18_ad9238_hdmi/vivado_ad9238/vivado_ad9238.hw/backup/hw_ila_data_1.ila. Use Tcl command 'read_hw_ila_data' or Vivado File->Import->Import ILA Data menu item to import the previously saved data.
run_hw_ila [get_hw_ilas -of_objects [get_hw_devices xc7z010_1] -filter {CELL_NAME=~"ila_0_inst"}]
INFO: [Labtools 27-1964] The ILA core 'hw_ila_1' trigger was armed at 2024-Nov-24 13:30:59
wait_on_hw_ila [get_hw_ilas -of_objects [get_hw_devices xc7z010_1] -filter {CELL_NAME=~"ila_0_inst"}]
display_hw_ila_data [upload_hw_ila_data [get_hw_ilas -of_objects [get_hw_devices xc7z010_1] -filter {CELL_NAME=~"ila_0_inst"}]]
INFO: [Labtools 27-1966] The ILA core 'hw_ila_1' triggered at 2024-Nov-24 13:30:59
INFO: [Labtools 27-3304] ILA Waveform data saved to file E:/AX7010_2023.1-course_s1_fpga-18_ad9238_hdmi/vivado_ad9238/vivado_ad9238.hw/backup/hw_ila_data_1.ila. Use Tcl command 'read_hw_ila_data' or Vivado File->Import->Import ILA Data menu item to import the previously saved data.
run_hw_ila [get_hw_ilas -of_objects [get_hw_devices xc7z010_1] -filter {CELL_NAME=~"ila_0_inst"}]
INFO: [Labtools 27-1964] The ILA core 'hw_ila_1' trigger was armed at 2024-Nov-24 13:31:01
wait_on_hw_ila [get_hw_ilas -of_objects [get_hw_devices xc7z010_1] -filter {CELL_NAME=~"ila_0_inst"}]
display_hw_ila_data [upload_hw_ila_data [get_hw_ilas -of_objects [get_hw_devices xc7z010_1] -filter {CELL_NAME=~"ila_0_inst"}]]
INFO: [Labtools 27-1966] The ILA core 'hw_ila_1' triggered at 2024-Nov-24 13:31:01
INFO: [Labtools 27-3304] ILA Waveform data saved to file E:/AX7010_2023.1-course_s1_fpga-18_ad9238_hdmi/vivado_ad9238/vivado_ad9238.hw/backup/hw_ila_data_1.ila. Use Tcl command 'read_hw_ila_data' or Vivado File->Import->Import ILA Data menu item to import the previously saved data.
reset_run impl_1
reset_run synth_1
WARNING: [Vivado 12-1017] Problems encountered:
1. Failed to delete one or more files in run directory E:/AX7010_2023.1-course_s1_fpga-18_ad9238_hdmi/vivado_ad9238/vivado_ad9238.runs/synth_1

launch_runs impl_1 -jobs 16
WARNING: [Project 1-478] Design 'synth_1' is stale and will not be used when launching 'impl_1'
[Sun Nov 24 13:33:33 2024] Launched synth_1...
Run output will be captured here: E:/AX7010_2023.1-course_s1_fpga-18_ad9238_hdmi/vivado_ad9238/vivado_ad9238.runs/synth_1/runme.log
[Sun Nov 24 13:33:33 2024] Launched impl_1...
Run output will be captured here: E:/AX7010_2023.1-course_s1_fpga-18_ad9238_hdmi/vivado_ad9238/vivado_ad9238.runs/impl_1/runme.log
launch_runs impl_1 -to_step write_bitstream -jobs 16
[Sun Nov 24 13:36:02 2024] Launched impl_1...
Run output will be captured here: E:/AX7010_2023.1-course_s1_fpga-18_ad9238_hdmi/vivado_ad9238/vivado_ad9238.runs/impl_1/runme.log
set_property PROBES.FILE {E:/AX7010_2023.1-course_s1_fpga-18_ad9238_hdmi/vivado_ad9238/vivado_ad9238.runs/impl_1/top.ltx} [get_hw_devices xc7z010_1]
set_property FULL_PROBES.FILE {E:/AX7010_2023.1-course_s1_fpga-18_ad9238_hdmi/vivado_ad9238/vivado_ad9238.runs/impl_1/top.ltx} [get_hw_devices xc7z010_1]
set_property PROGRAM.FILE {E:/AX7010_2023.1-course_s1_fpga-18_ad9238_hdmi/vivado_ad9238/vivado_ad9238.runs/impl_1/top.bit} [get_hw_devices xc7z010_1]
program_hw_devices [get_hw_devices xc7z010_1]
INFO: [Labtools 27-3164] End of startup status: HIGH
refresh_hw_device [lindex [get_hw_devices xc7z010_1] 0]
INFO: [Labtools 27-2302] Device xc7z010 (JTAG device index = 1) is programmed with a design that has 1 ILA core(s).
add_wave -into {hw_ila_data_1.wcfg} -radix hex { {MOSI_OBUF} }
run_hw_ila [get_hw_ilas -of_objects [get_hw_devices xc7z010_1] -filter {CELL_NAME=~"ila_0_inst"}]
INFO: [Labtools 27-1964] The ILA core 'hw_ila_1' trigger was armed at 2024-Nov-24 13:38:34
wait_on_hw_ila [get_hw_ilas -of_objects [get_hw_devices xc7z010_1] -filter {CELL_NAME=~"ila_0_inst"}]
display_hw_ila_data [upload_hw_ila_data [get_hw_ilas -of_objects [get_hw_devices xc7z010_1] -filter {CELL_NAME=~"ila_0_inst"}]]
INFO: [Labtools 27-1966] The ILA core 'hw_ila_1' triggered at 2024-Nov-24 13:38:34
INFO: [Labtools 27-3304] ILA Waveform data saved to file E:/AX7010_2023.1-course_s1_fpga-18_ad9238_hdmi/vivado_ad9238/vivado_ad9238.hw/backup/hw_ila_data_1.ila. Use Tcl command 'read_hw_ila_data' or Vivado File->Import->Import ILA Data menu item to import the previously saved data.
run_hw_ila [get_hw_ilas -of_objects [get_hw_devices xc7z010_1] -filter {CELL_NAME=~"ila_0_inst"}]
INFO: [Labtools 27-1964] The ILA core 'hw_ila_1' trigger was armed at 2024-Nov-24 13:38:43
wait_on_hw_ila [get_hw_ilas -of_objects [get_hw_devices xc7z010_1] -filter {CELL_NAME=~"ila_0_inst"}]
display_hw_ila_data [upload_hw_ila_data [get_hw_ilas -of_objects [get_hw_devices xc7z010_1] -filter {CELL_NAME=~"ila_0_inst"}]]
INFO: [Labtools 27-1966] The ILA core 'hw_ila_1' triggered at 2024-Nov-24 13:38:43
INFO: [Labtools 27-3304] ILA Waveform data saved to file E:/AX7010_2023.1-course_s1_fpga-18_ad9238_hdmi/vivado_ad9238/vivado_ad9238.hw/backup/hw_ila_data_1.ila. Use Tcl command 'read_hw_ila_data' or Vivado File->Import->Import ILA Data menu item to import the previously saved data.
run_hw_ila [get_hw_ilas -of_objects [get_hw_devices xc7z010_1] -filter {CELL_NAME=~"ila_0_inst"}]
INFO: [Labtools 27-1964] The ILA core 'hw_ila_1' trigger was armed at 2024-Nov-24 13:38:46
wait_on_hw_ila [get_hw_ilas -of_objects [get_hw_devices xc7z010_1] -filter {CELL_NAME=~"ila_0_inst"}]
display_hw_ila_data [upload_hw_ila_data [get_hw_ilas -of_objects [get_hw_devices xc7z010_1] -filter {CELL_NAME=~"ila_0_inst"}]]
INFO: [Labtools 27-1966] The ILA core 'hw_ila_1' triggered at 2024-Nov-24 13:38:46
INFO: [Labtools 27-3304] ILA Waveform data saved to file E:/AX7010_2023.1-course_s1_fpga-18_ad9238_hdmi/vivado_ad9238/vivado_ad9238.hw/backup/hw_ila_data_1.ila. Use Tcl command 'read_hw_ila_data' or Vivado File->Import->Import ILA Data menu item to import the previously saved data.
run_hw_ila [get_hw_ilas -of_objects [get_hw_devices xc7z010_1] -filter {CELL_NAME=~"ila_0_inst"}]
INFO: [Labtools 27-1964] The ILA core 'hw_ila_1' trigger was armed at 2024-Nov-24 13:38:49
wait_on_hw_ila [get_hw_ilas -of_objects [get_hw_devices xc7z010_1] -filter {CELL_NAME=~"ila_0_inst"}]
display_hw_ila_data [upload_hw_ila_data [get_hw_ilas -of_objects [get_hw_devices xc7z010_1] -filter {CELL_NAME=~"ila_0_inst"}]]
INFO: [Labtools 27-1966] The ILA core 'hw_ila_1' triggered at 2024-Nov-24 13:38:49
INFO: [Labtools 27-3304] ILA Waveform data saved to file E:/AX7010_2023.1-course_s1_fpga-18_ad9238_hdmi/vivado_ad9238/vivado_ad9238.hw/backup/hw_ila_data_1.ila. Use Tcl command 'read_hw_ila_data' or Vivado File->Import->Import ILA Data menu item to import the previously saved data.
run_hw_ila [get_hw_ilas -of_objects [get_hw_devices xc7z010_1] -filter {CELL_NAME=~"ila_0_inst"}]
INFO: [Labtools 27-1964] The ILA core 'hw_ila_1' trigger was armed at 2024-Nov-24 13:38:51
wait_on_hw_ila [get_hw_ilas -of_objects [get_hw_devices xc7z010_1] -filter {CELL_NAME=~"ila_0_inst"}]
display_hw_ila_data [upload_hw_ila_data [get_hw_ilas -of_objects [get_hw_devices xc7z010_1] -filter {CELL_NAME=~"ila_0_inst"}]]
INFO: [Labtools 27-1966] The ILA core 'hw_ila_1' triggered at 2024-Nov-24 13:38:51
INFO: [Labtools 27-3304] ILA Waveform data saved to file E:/AX7010_2023.1-course_s1_fpga-18_ad9238_hdmi/vivado_ad9238/vivado_ad9238.hw/backup/hw_ila_data_1.ila. Use Tcl command 'read_hw_ila_data' or Vivado File->Import->Import ILA Data menu item to import the previously saved data.
run_hw_ila [get_hw_ilas -of_objects [get_hw_devices xc7z010_1] -filter {CELL_NAME=~"ila_0_inst"}]
INFO: [Labtools 27-1964] The ILA core 'hw_ila_1' trigger was armed at 2024-Nov-24 13:38:53
wait_on_hw_ila [get_hw_ilas -of_objects [get_hw_devices xc7z010_1] -filter {CELL_NAME=~"ila_0_inst"}]
display_hw_ila_data [upload_hw_ila_data [get_hw_ilas -of_objects [get_hw_devices xc7z010_1] -filter {CELL_NAME=~"ila_0_inst"}]]
INFO: [Labtools 27-1966] The ILA core 'hw_ila_1' triggered at 2024-Nov-24 13:38:53
INFO: [Labtools 27-3304] ILA Waveform data saved to file E:/AX7010_2023.1-course_s1_fpga-18_ad9238_hdmi/vivado_ad9238/vivado_ad9238.hw/backup/hw_ila_data_1.ila. Use Tcl command 'read_hw_ila_data' or Vivado File->Import->Import ILA Data menu item to import the previously saved data.
reset_run synth_1
WARNING: [Vivado 12-1017] Problems encountered:
1. Failed to delete one or more files in run directory E:/AX7010_2023.1-course_s1_fpga-18_ad9238_hdmi/vivado_ad9238/vivado_ad9238.runs/synth_1

launch_runs impl_1 -jobs 16
WARNING: [Project 1-478] Design 'synth_1' is stale and will not be used when launching 'impl_1'
[Sun Nov 24 13:40:08 2024] Launched synth_1...
Run output will be captured here: E:/AX7010_2023.1-course_s1_fpga-18_ad9238_hdmi/vivado_ad9238/vivado_ad9238.runs/synth_1/runme.log
[Sun Nov 24 13:40:08 2024] Launched impl_1...
Run output will be captured here: E:/AX7010_2023.1-course_s1_fpga-18_ad9238_hdmi/vivado_ad9238/vivado_ad9238.runs/impl_1/runme.log
launch_runs impl_1 -to_step write_bitstream -jobs 16
[Sun Nov 24 13:41:49 2024] Launched impl_1...
Run output will be captured here: E:/AX7010_2023.1-course_s1_fpga-18_ad9238_hdmi/vivado_ad9238/vivado_ad9238.runs/impl_1/runme.log
set_property PROBES.FILE {E:/AX7010_2023.1-course_s1_fpga-18_ad9238_hdmi/vivado_ad9238/vivado_ad9238.runs/impl_1/top.ltx} [get_hw_devices xc7z010_1]
set_property FULL_PROBES.FILE {E:/AX7010_2023.1-course_s1_fpga-18_ad9238_hdmi/vivado_ad9238/vivado_ad9238.runs/impl_1/top.ltx} [get_hw_devices xc7z010_1]
set_property PROGRAM.FILE {E:/AX7010_2023.1-course_s1_fpga-18_ad9238_hdmi/vivado_ad9238/vivado_ad9238.runs/impl_1/top.bit} [get_hw_devices xc7z010_1]
program_hw_devices [get_hw_devices xc7z010_1]
INFO: [Labtools 27-3164] End of startup status: HIGH
refresh_hw_device [lindex [get_hw_devices xc7z010_1] 0]
INFO: [Labtools 27-2302] Device xc7z010 (JTAG device index = 1) is programmed with a design that has 1 ILA core(s).
run_hw_ila [get_hw_ilas -of_objects [get_hw_devices xc7z010_1] -filter {CELL_NAME=~"ila_0_inst"}]
INFO: [Labtools 27-1964] The ILA core 'hw_ila_1' trigger was armed at 2024-Nov-24 13:42:51
wait_on_hw_ila [get_hw_ilas -of_objects [get_hw_devices xc7z010_1] -filter {CELL_NAME=~"ila_0_inst"}]
display_hw_ila_data [upload_hw_ila_data [get_hw_ilas -of_objects [get_hw_devices xc7z010_1] -filter {CELL_NAME=~"ila_0_inst"}]]
INFO: [Labtools 27-1966] The ILA core 'hw_ila_1' triggered at 2024-Nov-24 13:42:51
INFO: [Labtools 27-3304] ILA Waveform data saved to file E:/AX7010_2023.1-course_s1_fpga-18_ad9238_hdmi/vivado_ad9238/vivado_ad9238.hw/backup/hw_ila_data_1.ila. Use Tcl command 'read_hw_ila_data' or Vivado File->Import->Import ILA Data menu item to import the previously saved data.
run_hw_ila [get_hw_ilas -of_objects [get_hw_devices xc7z010_1] -filter {CELL_NAME=~"ila_0_inst"}]
INFO: [Labtools 27-1964] The ILA core 'hw_ila_1' trigger was armed at 2024-Nov-24 13:43:01
wait_on_hw_ila [get_hw_ilas -of_objects [get_hw_devices xc7z010_1] -filter {CELL_NAME=~"ila_0_inst"}]
display_hw_ila_data [upload_hw_ila_data [get_hw_ilas -of_objects [get_hw_devices xc7z010_1] -filter {CELL_NAME=~"ila_0_inst"}]]
INFO: [Labtools 27-1966] The ILA core 'hw_ila_1' triggered at 2024-Nov-24 13:43:01
INFO: [Labtools 27-3304] ILA Waveform data saved to file E:/AX7010_2023.1-course_s1_fpga-18_ad9238_hdmi/vivado_ad9238/vivado_ad9238.hw/backup/hw_ila_data_1.ila. Use Tcl command 'read_hw_ila_data' or Vivado File->Import->Import ILA Data menu item to import the previously saved data.
run_hw_ila [get_hw_ilas -of_objects [get_hw_devices xc7z010_1] -filter {CELL_NAME=~"ila_0_inst"}]
INFO: [Labtools 27-1964] The ILA core 'hw_ila_1' trigger was armed at 2024-Nov-24 13:43:03
wait_on_hw_ila [get_hw_ilas -of_objects [get_hw_devices xc7z010_1] -filter {CELL_NAME=~"ila_0_inst"}]
display_hw_ila_data [upload_hw_ila_data [get_hw_ilas -of_objects [get_hw_devices xc7z010_1] -filter {CELL_NAME=~"ila_0_inst"}]]
INFO: [Labtools 27-1966] The ILA core 'hw_ila_1' triggered at 2024-Nov-24 13:43:03
INFO: [Labtools 27-3304] ILA Waveform data saved to file E:/AX7010_2023.1-course_s1_fpga-18_ad9238_hdmi/vivado_ad9238/vivado_ad9238.hw/backup/hw_ila_data_1.ila. Use Tcl command 'read_hw_ila_data' or Vivado File->Import->Import ILA Data menu item to import the previously saved data.
run_hw_ila [get_hw_ilas -of_objects [get_hw_devices xc7z010_1] -filter {CELL_NAME=~"ila_0_inst"}]
INFO: [Labtools 27-1964] The ILA core 'hw_ila_1' trigger was armed at 2024-Nov-24 13:43:04
wait_on_hw_ila [get_hw_ilas -of_objects [get_hw_devices xc7z010_1] -filter {CELL_NAME=~"ila_0_inst"}]
display_hw_ila_data [upload_hw_ila_data [get_hw_ilas -of_objects [get_hw_devices xc7z010_1] -filter {CELL_NAME=~"ila_0_inst"}]]
INFO: [Labtools 27-1966] The ILA core 'hw_ila_1' triggered at 2024-Nov-24 13:43:04
INFO: [Labtools 27-3304] ILA Waveform data saved to file E:/AX7010_2023.1-course_s1_fpga-18_ad9238_hdmi/vivado_ad9238/vivado_ad9238.hw/backup/hw_ila_data_1.ila. Use Tcl command 'read_hw_ila_data' or Vivado File->Import->Import ILA Data menu item to import the previously saved data.
run_hw_ila [get_hw_ilas -of_objects [get_hw_devices xc7z010_1] -filter {CELL_NAME=~"ila_0_inst"}]
INFO: [Labtools 27-1964] The ILA core 'hw_ila_1' trigger was armed at 2024-Nov-24 13:43:06
wait_on_hw_ila [get_hw_ilas -of_objects [get_hw_devices xc7z010_1] -filter {CELL_NAME=~"ila_0_inst"}]
display_hw_ila_data [upload_hw_ila_data [get_hw_ilas -of_objects [get_hw_devices xc7z010_1] -filter {CELL_NAME=~"ila_0_inst"}]]
INFO: [Labtools 27-1966] The ILA core 'hw_ila_1' triggered at 2024-Nov-24 13:43:06
INFO: [Labtools 27-3304] ILA Waveform data saved to file E:/AX7010_2023.1-course_s1_fpga-18_ad9238_hdmi/vivado_ad9238/vivado_ad9238.hw/backup/hw_ila_data_1.ila. Use Tcl command 'read_hw_ila_data' or Vivado File->Import->Import ILA Data menu item to import the previously saved data.
run_hw_ila [get_hw_ilas -of_objects [get_hw_devices xc7z010_1] -filter {CELL_NAME=~"ila_0_inst"}]
INFO: [Labtools 27-1964] The ILA core 'hw_ila_1' trigger was armed at 2024-Nov-24 13:43:19
wait_on_hw_ila [get_hw_ilas -of_objects [get_hw_devices xc7z010_1] -filter {CELL_NAME=~"ila_0_inst"}]
display_hw_ila_data [upload_hw_ila_data [get_hw_ilas -of_objects [get_hw_devices xc7z010_1] -filter {CELL_NAME=~"ila_0_inst"}]]
INFO: [Labtools 27-1966] The ILA core 'hw_ila_1' triggered at 2024-Nov-24 13:43:19
INFO: [Labtools 27-3304] ILA Waveform data saved to file E:/AX7010_2023.1-course_s1_fpga-18_ad9238_hdmi/vivado_ad9238/vivado_ad9238.hw/backup/hw_ila_data_1.ila. Use Tcl command 'read_hw_ila_data' or Vivado File->Import->Import ILA Data menu item to import the previously saved data.
run_hw_ila [get_hw_ilas -of_objects [get_hw_devices xc7z010_1] -filter {CELL_NAME=~"ila_0_inst"}]
INFO: [Labtools 27-1964] The ILA core 'hw_ila_1' trigger was armed at 2024-Nov-24 13:43:21
wait_on_hw_ila [get_hw_ilas -of_objects [get_hw_devices xc7z010_1] -filter {CELL_NAME=~"ila_0_inst"}]
display_hw_ila_data [upload_hw_ila_data [get_hw_ilas -of_objects [get_hw_devices xc7z010_1] -filter {CELL_NAME=~"ila_0_inst"}]]
INFO: [Labtools 27-1966] The ILA core 'hw_ila_1' triggered at 2024-Nov-24 13:43:21
INFO: [Labtools 27-3304] ILA Waveform data saved to file E:/AX7010_2023.1-course_s1_fpga-18_ad9238_hdmi/vivado_ad9238/vivado_ad9238.hw/backup/hw_ila_data_1.ila. Use Tcl command 'read_hw_ila_data' or Vivado File->Import->Import ILA Data menu item to import the previously saved data.
run_hw_ila [get_hw_ilas -of_objects [get_hw_devices xc7z010_1] -filter {CELL_NAME=~"ila_0_inst"}]
INFO: [Labtools 27-1964] The ILA core 'hw_ila_1' trigger was armed at 2024-Nov-24 13:43:22
wait_on_hw_ila [get_hw_ilas -of_objects [get_hw_devices xc7z010_1] -filter {CELL_NAME=~"ila_0_inst"}]
display_hw_ila_data [upload_hw_ila_data [get_hw_ilas -of_objects [get_hw_devices xc7z010_1] -filter {CELL_NAME=~"ila_0_inst"}]]
INFO: [Labtools 27-1966] The ILA core 'hw_ila_1' triggered at 2024-Nov-24 13:43:22
INFO: [Labtools 27-3304] ILA Waveform data saved to file E:/AX7010_2023.1-course_s1_fpga-18_ad9238_hdmi/vivado_ad9238/vivado_ad9238.hw/backup/hw_ila_data_1.ila. Use Tcl command 'read_hw_ila_data' or Vivado File->Import->Import ILA Data menu item to import the previously saved data.
run_hw_ila [get_hw_ilas -of_objects [get_hw_devices xc7z010_1] -filter {CELL_NAME=~"ila_0_inst"}] -trigger_now
INFO: [Labtools 27-1964] The ILA core 'hw_ila_1' trigger was armed at 2024-Nov-24 13:43:26
wait_on_hw_ila [get_hw_ilas -of_objects [get_hw_devices xc7z010_1] -filter {CELL_NAME=~"ila_0_inst"}]
display_hw_ila_data [upload_hw_ila_data [get_hw_ilas -of_objects [get_hw_devices xc7z010_1] -filter {CELL_NAME=~"ila_0_inst"}]]
INFO: [Labtools 27-1966] The ILA core 'hw_ila_1' triggered at 2024-Nov-24 13:43:26
INFO: [Labtools 27-3304] ILA Waveform data saved to file E:/AX7010_2023.1-course_s1_fpga-18_ad9238_hdmi/vivado_ad9238/vivado_ad9238.hw/backup/hw_ila_data_1.ila. Use Tcl command 'read_hw_ila_data' or Vivado File->Import->Import ILA Data menu item to import the previously saved data.
run_hw_ila [get_hw_ilas -of_objects [get_hw_devices xc7z010_1] -filter {CELL_NAME=~"ila_0_inst"}] -trigger_now
INFO: [Labtools 27-1964] The ILA core 'hw_ila_1' trigger was armed at 2024-Nov-24 13:43:28
wait_on_hw_ila [get_hw_ilas -of_objects [get_hw_devices xc7z010_1] -filter {CELL_NAME=~"ila_0_inst"}]
display_hw_ila_data [upload_hw_ila_data [get_hw_ilas -of_objects [get_hw_devices xc7z010_1] -filter {CELL_NAME=~"ila_0_inst"}]]
INFO: [Labtools 27-1966] The ILA core 'hw_ila_1' triggered at 2024-Nov-24 13:43:28
INFO: [Labtools 27-3304] ILA Waveform data saved to file E:/AX7010_2023.1-course_s1_fpga-18_ad9238_hdmi/vivado_ad9238/vivado_ad9238.hw/backup/hw_ila_data_1.ila. Use Tcl command 'read_hw_ila_data' or Vivado File->Import->Import ILA Data menu item to import the previously saved data.
run_hw_ila [get_hw_ilas -of_objects [get_hw_devices xc7z010_1] -filter {CELL_NAME=~"ila_0_inst"}] -trigger_now
INFO: [Labtools 27-1964] The ILA core 'hw_ila_1' trigger was armed at 2024-Nov-24 13:43:29
wait_on_hw_ila [get_hw_ilas -of_objects [get_hw_devices xc7z010_1] -filter {CELL_NAME=~"ila_0_inst"}]
display_hw_ila_data [upload_hw_ila_data [get_hw_ilas -of_objects [get_hw_devices xc7z010_1] -filter {CELL_NAME=~"ila_0_inst"}]]
INFO: [Labtools 27-1966] The ILA core 'hw_ila_1' triggered at 2024-Nov-24 13:43:29
INFO: [Labtools 27-3304] ILA Waveform data saved to file E:/AX7010_2023.1-course_s1_fpga-18_ad9238_hdmi/vivado_ad9238/vivado_ad9238.hw/backup/hw_ila_data_1.ila. Use Tcl command 'read_hw_ila_data' or Vivado File->Import->Import ILA Data menu item to import the previously saved data.
run_hw_ila [get_hw_ilas -of_objects [get_hw_devices xc7z010_1] -filter {CELL_NAME=~"ila_0_inst"}] -trigger_now
INFO: [Labtools 27-1964] The ILA core 'hw_ila_1' trigger was armed at 2024-Nov-24 13:43:31
wait_on_hw_ila [get_hw_ilas -of_objects [get_hw_devices xc7z010_1] -filter {CELL_NAME=~"ila_0_inst"}]
display_hw_ila_data [upload_hw_ila_data [get_hw_ilas -of_objects [get_hw_devices xc7z010_1] -filter {CELL_NAME=~"ila_0_inst"}]]
INFO: [Labtools 27-1966] The ILA core 'hw_ila_1' triggered at 2024-Nov-24 13:43:31
INFO: [Labtools 27-3304] ILA Waveform data saved to file E:/AX7010_2023.1-course_s1_fpga-18_ad9238_hdmi/vivado_ad9238/vivado_ad9238.hw/backup/hw_ila_data_1.ila. Use Tcl command 'read_hw_ila_data' or Vivado File->Import->Import ILA Data menu item to import the previously saved data.
run_hw_ila [get_hw_ilas -of_objects [get_hw_devices xc7z010_1] -filter {CELL_NAME=~"ila_0_inst"}] -trigger_now
INFO: [Labtools 27-1964] The ILA core 'hw_ila_1' trigger was armed at 2024-Nov-24 13:43:33
wait_on_hw_ila [get_hw_ilas -of_objects [get_hw_devices xc7z010_1] -filter {CELL_NAME=~"ila_0_inst"}]
display_hw_ila_data [upload_hw_ila_data [get_hw_ilas -of_objects [get_hw_devices xc7z010_1] -filter {CELL_NAME=~"ila_0_inst"}]]
INFO: [Labtools 27-1966] The ILA core 'hw_ila_1' triggered at 2024-Nov-24 13:43:33
INFO: [Labtools 27-3304] ILA Waveform data saved to file E:/AX7010_2023.1-course_s1_fpga-18_ad9238_hdmi/vivado_ad9238/vivado_ad9238.hw/backup/hw_ila_data_1.ila. Use Tcl command 'read_hw_ila_data' or Vivado File->Import->Import ILA Data menu item to import the previously saved data.
run_hw_ila [get_hw_ilas -of_objects [get_hw_devices xc7z010_1] -filter {CELL_NAME=~"ila_0_inst"}] -trigger_now
INFO: [Labtools 27-1964] The ILA core 'hw_ila_1' trigger was armed at 2024-Nov-24 13:43:35
wait_on_hw_ila [get_hw_ilas -of_objects [get_hw_devices xc7z010_1] -filter {CELL_NAME=~"ila_0_inst"}]
display_hw_ila_data [upload_hw_ila_data [get_hw_ilas -of_objects [get_hw_devices xc7z010_1] -filter {CELL_NAME=~"ila_0_inst"}]]
INFO: [Labtools 27-1966] The ILA core 'hw_ila_1' triggered at 2024-Nov-24 13:43:35
INFO: [Labtools 27-3304] ILA Waveform data saved to file E:/AX7010_2023.1-course_s1_fpga-18_ad9238_hdmi/vivado_ad9238/vivado_ad9238.hw/backup/hw_ila_data_1.ila. Use Tcl command 'read_hw_ila_data' or Vivado File->Import->Import ILA Data menu item to import the previously saved data.
run_hw_ila [get_hw_ilas -of_objects [get_hw_devices xc7z010_1] -filter {CELL_NAME=~"ila_0_inst"}] -trigger_now
INFO: [Labtools 27-1964] The ILA core 'hw_ila_1' trigger was armed at 2024-Nov-24 13:43:37
wait_on_hw_ila [get_hw_ilas -of_objects [get_hw_devices xc7z010_1] -filter {CELL_NAME=~"ila_0_inst"}]
display_hw_ila_data [upload_hw_ila_data [get_hw_ilas -of_objects [get_hw_devices xc7z010_1] -filter {CELL_NAME=~"ila_0_inst"}]]
INFO: [Labtools 27-1966] The ILA core 'hw_ila_1' triggered at 2024-Nov-24 13:43:37
INFO: [Labtools 27-3304] ILA Waveform data saved to file E:/AX7010_2023.1-course_s1_fpga-18_ad9238_hdmi/vivado_ad9238/vivado_ad9238.hw/backup/hw_ila_data_1.ila. Use Tcl command 'read_hw_ila_data' or Vivado File->Import->Import ILA Data menu item to import the previously saved data.
run_hw_ila [get_hw_ilas -of_objects [get_hw_devices xc7z010_1] -filter {CELL_NAME=~"ila_0_inst"}] -trigger_now
INFO: [Labtools 27-1964] The ILA core 'hw_ila_1' trigger was armed at 2024-Nov-24 13:43:39
wait_on_hw_ila [get_hw_ilas -of_objects [get_hw_devices xc7z010_1] -filter {CELL_NAME=~"ila_0_inst"}]
display_hw_ila_data [upload_hw_ila_data [get_hw_ilas -of_objects [get_hw_devices xc7z010_1] -filter {CELL_NAME=~"ila_0_inst"}]]
INFO: [Labtools 27-1966] The ILA core 'hw_ila_1' triggered at 2024-Nov-24 13:43:39
INFO: [Labtools 27-3304] ILA Waveform data saved to file E:/AX7010_2023.1-course_s1_fpga-18_ad9238_hdmi/vivado_ad9238/vivado_ad9238.hw/backup/hw_ila_data_1.ila. Use Tcl command 'read_hw_ila_data' or Vivado File->Import->Import ILA Data menu item to import the previously saved data.
run_hw_ila [get_hw_ilas -of_objects [get_hw_devices xc7z010_1] -filter {CELL_NAME=~"ila_0_inst"}] -trigger_now
INFO: [Labtools 27-1964] The ILA core 'hw_ila_1' trigger was armed at 2024-Nov-24 13:43:40
wait_on_hw_ila [get_hw_ilas -of_objects [get_hw_devices xc7z010_1] -filter {CELL_NAME=~"ila_0_inst"}]
display_hw_ila_data [upload_hw_ila_data [get_hw_ilas -of_objects [get_hw_devices xc7z010_1] -filter {CELL_NAME=~"ila_0_inst"}]]
INFO: [Labtools 27-1966] The ILA core 'hw_ila_1' triggered at 2024-Nov-24 13:43:40
INFO: [Labtools 27-3304] ILA Waveform data saved to file E:/AX7010_2023.1-course_s1_fpga-18_ad9238_hdmi/vivado_ad9238/vivado_ad9238.hw/backup/hw_ila_data_1.ila. Use Tcl command 'read_hw_ila_data' or Vivado File->Import->Import ILA Data menu item to import the previously saved data.
run_hw_ila [get_hw_ilas -of_objects [get_hw_devices xc7z010_1] -filter {CELL_NAME=~"ila_0_inst"}] -trigger_now
INFO: [Labtools 27-1964] The ILA core 'hw_ila_1' trigger was armed at 2024-Nov-24 13:43:42
wait_on_hw_ila [get_hw_ilas -of_objects [get_hw_devices xc7z010_1] -filter {CELL_NAME=~"ila_0_inst"}]
display_hw_ila_data [upload_hw_ila_data [get_hw_ilas -of_objects [get_hw_devices xc7z010_1] -filter {CELL_NAME=~"ila_0_inst"}]]
INFO: [Labtools 27-1966] The ILA core 'hw_ila_1' triggered at 2024-Nov-24 13:43:42
INFO: [Labtools 27-3304] ILA Waveform data saved to file E:/AX7010_2023.1-course_s1_fpga-18_ad9238_hdmi/vivado_ad9238/vivado_ad9238.hw/backup/hw_ila_data_1.ila. Use Tcl command 'read_hw_ila_data' or Vivado File->Import->Import ILA Data menu item to import the previously saved data.
run_hw_ila [get_hw_ilas -of_objects [get_hw_devices xc7z010_1] -filter {CELL_NAME=~"ila_0_inst"}] -trigger_now
INFO: [Labtools 27-1964] The ILA core 'hw_ila_1' trigger was armed at 2024-Nov-24 13:43:55
wait_on_hw_ila [get_hw_ilas -of_objects [get_hw_devices xc7z010_1] -filter {CELL_NAME=~"ila_0_inst"}]
display_hw_ila_data [upload_hw_ila_data [get_hw_ilas -of_objects [get_hw_devices xc7z010_1] -filter {CELL_NAME=~"ila_0_inst"}]]
INFO: [Labtools 27-1966] The ILA core 'hw_ila_1' triggered at 2024-Nov-24 13:43:55
INFO: [Labtools 27-3304] ILA Waveform data saved to file E:/AX7010_2023.1-course_s1_fpga-18_ad9238_hdmi/vivado_ad9238/vivado_ad9238.hw/backup/hw_ila_data_1.ila. Use Tcl command 'read_hw_ila_data' or Vivado File->Import->Import ILA Data menu item to import the previously saved data.
run_hw_ila [get_hw_ilas -of_objects [get_hw_devices xc7z010_1] -filter {CELL_NAME=~"ila_0_inst"}]
INFO: [Labtools 27-1964] The ILA core 'hw_ila_1' trigger was armed at 2024-Nov-24 13:43:57
wait_on_hw_ila [get_hw_ilas -of_objects [get_hw_devices xc7z010_1] -filter {CELL_NAME=~"ila_0_inst"}]
display_hw_ila_data [upload_hw_ila_data [get_hw_ilas -of_objects [get_hw_devices xc7z010_1] -filter {CELL_NAME=~"ila_0_inst"}]]
INFO: [Labtools 27-1966] The ILA core 'hw_ila_1' triggered at 2024-Nov-24 13:43:57
INFO: [Labtools 27-3304] ILA Waveform data saved to file E:/AX7010_2023.1-course_s1_fpga-18_ad9238_hdmi/vivado_ad9238/vivado_ad9238.hw/backup/hw_ila_data_1.ila. Use Tcl command 'read_hw_ila_data' or Vivado File->Import->Import ILA Data menu item to import the previously saved data.
run_hw_ila [get_hw_ilas -of_objects [get_hw_devices xc7z010_1] -filter {CELL_NAME=~"ila_0_inst"}]
INFO: [Labtools 27-1964] The ILA core 'hw_ila_1' trigger was armed at 2024-Nov-24 13:43:58
wait_on_hw_ila [get_hw_ilas -of_objects [get_hw_devices xc7z010_1] -filter {CELL_NAME=~"ila_0_inst"}]
display_hw_ila_data [upload_hw_ila_data [get_hw_ilas -of_objects [get_hw_devices xc7z010_1] -filter {CELL_NAME=~"ila_0_inst"}]]
INFO: [Labtools 27-1966] The ILA core 'hw_ila_1' triggered at 2024-Nov-24 13:43:58
INFO: [Labtools 27-3304] ILA Waveform data saved to file E:/AX7010_2023.1-course_s1_fpga-18_ad9238_hdmi/vivado_ad9238/vivado_ad9238.hw/backup/hw_ila_data_1.ila. Use Tcl command 'read_hw_ila_data' or Vivado File->Import->Import ILA Data menu item to import the previously saved data.
run_hw_ila [get_hw_ilas -of_objects [get_hw_devices xc7z010_1] -filter {CELL_NAME=~"ila_0_inst"}]
INFO: [Labtools 27-1964] The ILA core 'hw_ila_1' trigger was armed at 2024-Nov-24 13:44:02
wait_on_hw_ila [get_hw_ilas -of_objects [get_hw_devices xc7z010_1] -filter {CELL_NAME=~"ila_0_inst"}]
display_hw_ila_data [upload_hw_ila_data [get_hw_ilas -of_objects [get_hw_devices xc7z010_1] -filter {CELL_NAME=~"ila_0_inst"}]]
INFO: [Labtools 27-1966] The ILA core 'hw_ila_1' triggered at 2024-Nov-24 13:44:02
INFO: [Labtools 27-3304] ILA Waveform data saved to file E:/AX7010_2023.1-course_s1_fpga-18_ad9238_hdmi/vivado_ad9238/vivado_ad9238.hw/backup/hw_ila_data_1.ila. Use Tcl command 'read_hw_ila_data' or Vivado File->Import->Import ILA Data menu item to import the previously saved data.
run_hw_ila [get_hw_ilas -of_objects [get_hw_devices xc7z010_1] -filter {CELL_NAME=~"ila_0_inst"}] -trigger_now
INFO: [Labtools 27-1964] The ILA core 'hw_ila_1' trigger was armed at 2024-Nov-24 13:46:13
wait_on_hw_ila [get_hw_ilas -of_objects [get_hw_devices xc7z010_1] -filter {CELL_NAME=~"ila_0_inst"}]
display_hw_ila_data [upload_hw_ila_data [get_hw_ilas -of_objects [get_hw_devices xc7z010_1] -filter {CELL_NAME=~"ila_0_inst"}]]
INFO: [Labtools 27-1966] The ILA core 'hw_ila_1' triggered at 2024-Nov-24 13:46:13
INFO: [Labtools 27-3304] ILA Waveform data saved to file E:/AX7010_2023.1-course_s1_fpga-18_ad9238_hdmi/vivado_ad9238/vivado_ad9238.hw/backup/hw_ila_data_1.ila. Use Tcl command 'read_hw_ila_data' or Vivado File->Import->Import ILA Data menu item to import the previously saved data.
run_hw_ila [get_hw_ilas -of_objects [get_hw_devices xc7z010_1] -filter {CELL_NAME=~"ila_0_inst"}]
INFO: [Labtools 27-1964] The ILA core 'hw_ila_1' trigger was armed at 2024-Nov-24 13:46:15
wait_on_hw_ila [get_hw_ilas -of_objects [get_hw_devices xc7z010_1] -filter {CELL_NAME=~"ila_0_inst"}]
display_hw_ila_data [upload_hw_ila_data [get_hw_ilas -of_objects [get_hw_devices xc7z010_1] -filter {CELL_NAME=~"ila_0_inst"}]]
INFO: [Labtools 27-1966] The ILA core 'hw_ila_1' triggered at 2024-Nov-24 13:46:15
INFO: [Labtools 27-3304] ILA Waveform data saved to file E:/AX7010_2023.1-course_s1_fpga-18_ad9238_hdmi/vivado_ad9238/vivado_ad9238.hw/backup/hw_ila_data_1.ila. Use Tcl command 'read_hw_ila_data' or Vivado File->Import->Import ILA Data menu item to import the previously saved data.
run_hw_ila [get_hw_ilas -of_objects [get_hw_devices xc7z010_1] -filter {CELL_NAME=~"ila_0_inst"}]
INFO: [Labtools 27-1964] The ILA core 'hw_ila_1' trigger was armed at 2024-Nov-24 13:46:18
wait_on_hw_ila [get_hw_ilas -of_objects [get_hw_devices xc7z010_1] -filter {CELL_NAME=~"ila_0_inst"}]
display_hw_ila_data [upload_hw_ila_data [get_hw_ilas -of_objects [get_hw_devices xc7z010_1] -filter {CELL_NAME=~"ila_0_inst"}]]
INFO: [Labtools 27-1966] The ILA core 'hw_ila_1' triggered at 2024-Nov-24 13:46:18
INFO: [Labtools 27-3304] ILA Waveform data saved to file E:/AX7010_2023.1-course_s1_fpga-18_ad9238_hdmi/vivado_ad9238/vivado_ad9238.hw/backup/hw_ila_data_1.ila. Use Tcl command 'read_hw_ila_data' or Vivado File->Import->Import ILA Data menu item to import the previously saved data.
run_hw_ila [get_hw_ilas -of_objects [get_hw_devices xc7z010_1] -filter {CELL_NAME=~"ila_0_inst"}]
INFO: [Labtools 27-1964] The ILA core 'hw_ila_1' trigger was armed at 2024-Nov-24 13:46:19
wait_on_hw_ila [get_hw_ilas -of_objects [get_hw_devices xc7z010_1] -filter {CELL_NAME=~"ila_0_inst"}]
display_hw_ila_data [upload_hw_ila_data [get_hw_ilas -of_objects [get_hw_devices xc7z010_1] -filter {CELL_NAME=~"ila_0_inst"}]]
INFO: [Labtools 27-1966] The ILA core 'hw_ila_1' triggered at 2024-Nov-24 13:46:19
INFO: [Labtools 27-3304] ILA Waveform data saved to file E:/AX7010_2023.1-course_s1_fpga-18_ad9238_hdmi/vivado_ad9238/vivado_ad9238.hw/backup/hw_ila_data_1.ila. Use Tcl command 'read_hw_ila_data' or Vivado File->Import->Import ILA Data menu item to import the previously saved data.
run_hw_ila [get_hw_ilas -of_objects [get_hw_devices xc7z010_1] -filter {CELL_NAME=~"ila_0_inst"}]
INFO: [Labtools 27-1964] The ILA core 'hw_ila_1' trigger was armed at 2024-Nov-24 13:46:20
wait_on_hw_ila [get_hw_ilas -of_objects [get_hw_devices xc7z010_1] -filter {CELL_NAME=~"ila_0_inst"}]
display_hw_ila_data [upload_hw_ila_data [get_hw_ilas -of_objects [get_hw_devices xc7z010_1] -filter {CELL_NAME=~"ila_0_inst"}]]
INFO: [Labtools 27-1966] The ILA core 'hw_ila_1' triggered at 2024-Nov-24 13:46:20
INFO: [Labtools 27-3304] ILA Waveform data saved to file E:/AX7010_2023.1-course_s1_fpga-18_ad9238_hdmi/vivado_ad9238/vivado_ad9238.hw/backup/hw_ila_data_1.ila. Use Tcl command 'read_hw_ila_data' or Vivado File->Import->Import ILA Data menu item to import the previously saved data.
run_hw_ila [get_hw_ilas -of_objects [get_hw_devices xc7z010_1] -filter {CELL_NAME=~"ila_0_inst"}]
INFO: [Labtools 27-1964] The ILA core 'hw_ila_1' trigger was armed at 2024-Nov-24 13:46:23
wait_on_hw_ila [get_hw_ilas -of_objects [get_hw_devices xc7z010_1] -filter {CELL_NAME=~"ila_0_inst"}]
display_hw_ila_data [upload_hw_ila_data [get_hw_ilas -of_objects [get_hw_devices xc7z010_1] -filter {CELL_NAME=~"ila_0_inst"}]]
INFO: [Labtools 27-1966] The ILA core 'hw_ila_1' triggered at 2024-Nov-24 13:46:23
INFO: [Labtools 27-3304] ILA Waveform data saved to file E:/AX7010_2023.1-course_s1_fpga-18_ad9238_hdmi/vivado_ad9238/vivado_ad9238.hw/backup/hw_ila_data_1.ila. Use Tcl command 'read_hw_ila_data' or Vivado File->Import->Import ILA Data menu item to import the previously saved data.
run_hw_ila [get_hw_ilas -of_objects [get_hw_devices xc7z010_1] -filter {CELL_NAME=~"ila_0_inst"}]
INFO: [Labtools 27-1964] The ILA core 'hw_ila_1' trigger was armed at 2024-Nov-24 13:46:25
wait_on_hw_ila [get_hw_ilas -of_objects [get_hw_devices xc7z010_1] -filter {CELL_NAME=~"ila_0_inst"}]
display_hw_ila_data [upload_hw_ila_data [get_hw_ilas -of_objects [get_hw_devices xc7z010_1] -filter {CELL_NAME=~"ila_0_inst"}]]
INFO: [Labtools 27-1966] The ILA core 'hw_ila_1' triggered at 2024-Nov-24 13:46:25
INFO: [Labtools 27-3304] ILA Waveform data saved to file E:/AX7010_2023.1-course_s1_fpga-18_ad9238_hdmi/vivado_ad9238/vivado_ad9238.hw/backup/hw_ila_data_1.ila. Use Tcl command 'read_hw_ila_data' or Vivado File->Import->Import ILA Data menu item to import the previously saved data.
run_hw_ila [get_hw_ilas -of_objects [get_hw_devices xc7z010_1] -filter {CELL_NAME=~"ila_0_inst"}] -trigger_now
INFO: [Labtools 27-1964] The ILA core 'hw_ila_1' trigger was armed at 2024-Nov-24 13:46:26
wait_on_hw_ila [get_hw_ilas -of_objects [get_hw_devices xc7z010_1] -filter {CELL_NAME=~"ila_0_inst"}]
display_hw_ila_data [upload_hw_ila_data [get_hw_ilas -of_objects [get_hw_devices xc7z010_1] -filter {CELL_NAME=~"ila_0_inst"}]]
INFO: [Labtools 27-1966] The ILA core 'hw_ila_1' triggered at 2024-Nov-24 13:46:26
INFO: [Labtools 27-3304] ILA Waveform data saved to file E:/AX7010_2023.1-course_s1_fpga-18_ad9238_hdmi/vivado_ad9238/vivado_ad9238.hw/backup/hw_ila_data_1.ila. Use Tcl command 'read_hw_ila_data' or Vivado File->Import->Import ILA Data menu item to import the previously saved data.
reset_run synth_1
WARNING: [Vivado 12-1017] Problems encountered:
1. Failed to delete one or more files in run directory E:/AX7010_2023.1-course_s1_fpga-18_ad9238_hdmi/vivado_ad9238/vivado_ad9238.runs/synth_1

launch_runs impl_1 -jobs 16
WARNING: [Project 1-478] Design 'synth_1' is stale and will not be used when launching 'impl_1'
[Sun Nov 24 13:46:48 2024] Launched synth_1...
Run output will be captured here: E:/AX7010_2023.1-course_s1_fpga-18_ad9238_hdmi/vivado_ad9238/vivado_ad9238.runs/synth_1/runme.log
[Sun Nov 24 13:46:48 2024] Launched impl_1...
Run output will be captured here: E:/AX7010_2023.1-course_s1_fpga-18_ad9238_hdmi/vivado_ad9238/vivado_ad9238.runs/impl_1/runme.log
launch_runs impl_1 -to_step write_bitstream -jobs 16
[Sun Nov 24 13:48:35 2024] Launched impl_1...
Run output will be captured here: E:/AX7010_2023.1-course_s1_fpga-18_ad9238_hdmi/vivado_ad9238/vivado_ad9238.runs/impl_1/runme.log
set_property PROBES.FILE {E:/AX7010_2023.1-course_s1_fpga-18_ad9238_hdmi/vivado_ad9238/vivado_ad9238.runs/impl_1/top.ltx} [get_hw_devices xc7z010_1]
set_property FULL_PROBES.FILE {E:/AX7010_2023.1-course_s1_fpga-18_ad9238_hdmi/vivado_ad9238/vivado_ad9238.runs/impl_1/top.ltx} [get_hw_devices xc7z010_1]
set_property PROGRAM.FILE {E:/AX7010_2023.1-course_s1_fpga-18_ad9238_hdmi/vivado_ad9238/vivado_ad9238.runs/impl_1/top.bit} [get_hw_devices xc7z010_1]
program_hw_devices [get_hw_devices xc7z010_1]
INFO: [Labtools 27-3164] End of startup status: HIGH
refresh_hw_device [lindex [get_hw_devices xc7z010_1] 0]
INFO: [Labtools 27-2302] Device xc7z010 (JTAG device index = 1) is programmed with a design that has 1 ILA core(s).
add_wave -into {hw_ila_data_1.wcfg} -radix hex { {MISO_IBUF} }
run_hw_ila [get_hw_ilas -of_objects [get_hw_devices xc7z010_1] -filter {CELL_NAME=~"ila_0_inst"}]
INFO: [Labtools 27-1964] The ILA core 'hw_ila_1' trigger was armed at 2024-Nov-24 13:49:50
wait_on_hw_ila [get_hw_ilas -of_objects [get_hw_devices xc7z010_1] -filter {CELL_NAME=~"ila_0_inst"}]
display_hw_ila_data [upload_hw_ila_data [get_hw_ilas -of_objects [get_hw_devices xc7z010_1] -filter {CELL_NAME=~"ila_0_inst"}]]
INFO: [Labtools 27-1966] The ILA core 'hw_ila_1' triggered at 2024-Nov-24 13:49:50
INFO: [Labtools 27-3304] ILA Waveform data saved to file E:/AX7010_2023.1-course_s1_fpga-18_ad9238_hdmi/vivado_ad9238/vivado_ad9238.hw/backup/hw_ila_data_1.ila. Use Tcl command 'read_hw_ila_data' or Vivado File->Import->Import ILA Data menu item to import the previously saved data.
run_hw_ila [get_hw_ilas -of_objects [get_hw_devices xc7z010_1] -filter {CELL_NAME=~"ila_0_inst"}]
INFO: [Labtools 27-1964] The ILA core 'hw_ila_1' trigger was armed at 2024-Nov-24 13:49:52
wait_on_hw_ila [get_hw_ilas -of_objects [get_hw_devices xc7z010_1] -filter {CELL_NAME=~"ila_0_inst"}]
display_hw_ila_data [upload_hw_ila_data [get_hw_ilas -of_objects [get_hw_devices xc7z010_1] -filter {CELL_NAME=~"ila_0_inst"}]]
INFO: [Labtools 27-1966] The ILA core 'hw_ila_1' triggered at 2024-Nov-24 13:49:52
INFO: [Labtools 27-3304] ILA Waveform data saved to file E:/AX7010_2023.1-course_s1_fpga-18_ad9238_hdmi/vivado_ad9238/vivado_ad9238.hw/backup/hw_ila_data_1.ila. Use Tcl command 'read_hw_ila_data' or Vivado File->Import->Import ILA Data menu item to import the previously saved data.
run_hw_ila [get_hw_ilas -of_objects [get_hw_devices xc7z010_1] -filter {CELL_NAME=~"ila_0_inst"}]
INFO: [Labtools 27-1964] The ILA core 'hw_ila_1' trigger was armed at 2024-Nov-24 13:49:54
wait_on_hw_ila [get_hw_ilas -of_objects [get_hw_devices xc7z010_1] -filter {CELL_NAME=~"ila_0_inst"}]
display_hw_ila_data [upload_hw_ila_data [get_hw_ilas -of_objects [get_hw_devices xc7z010_1] -filter {CELL_NAME=~"ila_0_inst"}]]
INFO: [Labtools 27-1966] The ILA core 'hw_ila_1' triggered at 2024-Nov-24 13:49:54
INFO: [Labtools 27-3304] ILA Waveform data saved to file E:/AX7010_2023.1-course_s1_fpga-18_ad9238_hdmi/vivado_ad9238/vivado_ad9238.hw/backup/hw_ila_data_1.ila. Use Tcl command 'read_hw_ila_data' or Vivado File->Import->Import ILA Data menu item to import the previously saved data.
run_hw_ila [get_hw_ilas -of_objects [get_hw_devices xc7z010_1] -filter {CELL_NAME=~"ila_0_inst"}]
INFO: [Labtools 27-1964] The ILA core 'hw_ila_1' trigger was armed at 2024-Nov-24 13:49:59
wait_on_hw_ila [get_hw_ilas -of_objects [get_hw_devices xc7z010_1] -filter {CELL_NAME=~"ila_0_inst"}]
display_hw_ila_data [upload_hw_ila_data [get_hw_ilas -of_objects [get_hw_devices xc7z010_1] -filter {CELL_NAME=~"ila_0_inst"}]]
INFO: [Labtools 27-1966] The ILA core 'hw_ila_1' triggered at 2024-Nov-24 13:49:59
INFO: [Labtools 27-3304] ILA Waveform data saved to file E:/AX7010_2023.1-course_s1_fpga-18_ad9238_hdmi/vivado_ad9238/vivado_ad9238.hw/backup/hw_ila_data_1.ila. Use Tcl command 'read_hw_ila_data' or Vivado File->Import->Import ILA Data menu item to import the previously saved data.
run_hw_ila [get_hw_ilas -of_objects [get_hw_devices xc7z010_1] -filter {CELL_NAME=~"ila_0_inst"}]
INFO: [Labtools 27-1964] The ILA core 'hw_ila_1' trigger was armed at 2024-Nov-24 13:50:02
wait_on_hw_ila [get_hw_ilas -of_objects [get_hw_devices xc7z010_1] -filter {CELL_NAME=~"ila_0_inst"}]
display_hw_ila_data [upload_hw_ila_data [get_hw_ilas -of_objects [get_hw_devices xc7z010_1] -filter {CELL_NAME=~"ila_0_inst"}]]
INFO: [Labtools 27-1966] The ILA core 'hw_ila_1' triggered at 2024-Nov-24 13:50:02
INFO: [Labtools 27-3304] ILA Waveform data saved to file E:/AX7010_2023.1-course_s1_fpga-18_ad9238_hdmi/vivado_ad9238/vivado_ad9238.hw/backup/hw_ila_data_1.ila. Use Tcl command 'read_hw_ila_data' or Vivado File->Import->Import ILA Data menu item to import the previously saved data.
run_hw_ila [get_hw_ilas -of_objects [get_hw_devices xc7z010_1] -filter {CELL_NAME=~"ila_0_inst"}]
INFO: [Labtools 27-1964] The ILA core 'hw_ila_1' trigger was armed at 2024-Nov-24 13:56:06
wait_on_hw_ila [get_hw_ilas -of_objects [get_hw_devices xc7z010_1] -filter {CELL_NAME=~"ila_0_inst"}]
display_hw_ila_data [upload_hw_ila_data [get_hw_ilas -of_objects [get_hw_devices xc7z010_1] -filter {CELL_NAME=~"ila_0_inst"}]]
INFO: [Labtools 27-1966] The ILA core 'hw_ila_1' triggered at 2024-Nov-24 13:56:06
INFO: [Labtools 27-3304] ILA Waveform data saved to file E:/AX7010_2023.1-course_s1_fpga-18_ad9238_hdmi/vivado_ad9238/vivado_ad9238.hw/backup/hw_ila_data_1.ila. Use Tcl command 'read_hw_ila_data' or Vivado File->Import->Import ILA Data menu item to import the previously saved data.
run_hw_ila [get_hw_ilas -of_objects [get_hw_devices xc7z010_1] -filter {CELL_NAME=~"ila_0_inst"}]
INFO: [Labtools 27-1964] The ILA core 'hw_ila_1' trigger was armed at 2024-Nov-24 13:56:09
wait_on_hw_ila [get_hw_ilas -of_objects [get_hw_devices xc7z010_1] -filter {CELL_NAME=~"ila_0_inst"}]
display_hw_ila_data [upload_hw_ila_data [get_hw_ilas -of_objects [get_hw_devices xc7z010_1] -filter {CELL_NAME=~"ila_0_inst"}]]
INFO: [Labtools 27-1966] The ILA core 'hw_ila_1' triggered at 2024-Nov-24 13:56:09
INFO: [Labtools 27-3304] ILA Waveform data saved to file E:/AX7010_2023.1-course_s1_fpga-18_ad9238_hdmi/vivado_ad9238/vivado_ad9238.hw/backup/hw_ila_data_1.ila. Use Tcl command 'read_hw_ila_data' or Vivado File->Import->Import ILA Data menu item to import the previously saved data.
run_hw_ila [get_hw_ilas -of_objects [get_hw_devices xc7z010_1] -filter {CELL_NAME=~"ila_0_inst"}]
INFO: [Labtools 27-1964] The ILA core 'hw_ila_1' trigger was armed at 2024-Nov-24 13:56:15
wait_on_hw_ila [get_hw_ilas -of_objects [get_hw_devices xc7z010_1] -filter {CELL_NAME=~"ila_0_inst"}]
display_hw_ila_data [upload_hw_ila_data [get_hw_ilas -of_objects [get_hw_devices xc7z010_1] -filter {CELL_NAME=~"ila_0_inst"}]]
INFO: [Labtools 27-1966] The ILA core 'hw_ila_1' triggered at 2024-Nov-24 13:56:15
INFO: [Labtools 27-3304] ILA Waveform data saved to file E:/AX7010_2023.1-course_s1_fpga-18_ad9238_hdmi/vivado_ad9238/vivado_ad9238.hw/backup/hw_ila_data_1.ila. Use Tcl command 'read_hw_ila_data' or Vivado File->Import->Import ILA Data menu item to import the previously saved data.
run_hw_ila [get_hw_ilas -of_objects [get_hw_devices xc7z010_1] -filter {CELL_NAME=~"ila_0_inst"}]
INFO: [Labtools 27-1964] The ILA core 'hw_ila_1' trigger was armed at 2024-Nov-24 13:56:17
wait_on_hw_ila [get_hw_ilas -of_objects [get_hw_devices xc7z010_1] -filter {CELL_NAME=~"ila_0_inst"}]
display_hw_ila_data [upload_hw_ila_data [get_hw_ilas -of_objects [get_hw_devices xc7z010_1] -filter {CELL_NAME=~"ila_0_inst"}]]
INFO: [Labtools 27-1966] The ILA core 'hw_ila_1' triggered at 2024-Nov-24 13:56:17
INFO: [Labtools 27-3304] ILA Waveform data saved to file E:/AX7010_2023.1-course_s1_fpga-18_ad9238_hdmi/vivado_ad9238/vivado_ad9238.hw/backup/hw_ila_data_1.ila. Use Tcl command 'read_hw_ila_data' or Vivado File->Import->Import ILA Data menu item to import the previously saved data.
run_hw_ila [get_hw_ilas -of_objects [get_hw_devices xc7z010_1] -filter {CELL_NAME=~"ila_0_inst"}]
INFO: [Labtools 27-1964] The ILA core 'hw_ila_1' trigger was armed at 2024-Nov-24 13:56:20
wait_on_hw_ila [get_hw_ilas -of_objects [get_hw_devices xc7z010_1] -filter {CELL_NAME=~"ila_0_inst"}]
display_hw_ila_data [upload_hw_ila_data [get_hw_ilas -of_objects [get_hw_devices xc7z010_1] -filter {CELL_NAME=~"ila_0_inst"}]]
INFO: [Labtools 27-1966] The ILA core 'hw_ila_1' triggered at 2024-Nov-24 13:56:20
INFO: [Labtools 27-3304] ILA Waveform data saved to file E:/AX7010_2023.1-course_s1_fpga-18_ad9238_hdmi/vivado_ad9238/vivado_ad9238.hw/backup/hw_ila_data_1.ila. Use Tcl command 'read_hw_ila_data' or Vivado File->Import->Import ILA Data menu item to import the previously saved data.
run_hw_ila [get_hw_ilas -of_objects [get_hw_devices xc7z010_1] -filter {CELL_NAME=~"ila_0_inst"}]
INFO: [Labtools 27-1964] The ILA core 'hw_ila_1' trigger was armed at 2024-Nov-24 13:56:31
wait_on_hw_ila [get_hw_ilas -of_objects [get_hw_devices xc7z010_1] -filter {CELL_NAME=~"ila_0_inst"}]
display_hw_ila_data [upload_hw_ila_data [get_hw_ilas -of_objects [get_hw_devices xc7z010_1] -filter {CELL_NAME=~"ila_0_inst"}]]
INFO: [Labtools 27-1966] The ILA core 'hw_ila_1' triggered at 2024-Nov-24 13:56:31
INFO: [Labtools 27-3304] ILA Waveform data saved to file E:/AX7010_2023.1-course_s1_fpga-18_ad9238_hdmi/vivado_ad9238/vivado_ad9238.hw/backup/hw_ila_data_1.ila. Use Tcl command 'read_hw_ila_data' or Vivado File->Import->Import ILA Data menu item to import the previously saved data.
run_hw_ila [get_hw_ilas -of_objects [get_hw_devices xc7z010_1] -filter {CELL_NAME=~"ila_0_inst"}]
INFO: [Labtools 27-1964] The ILA core 'hw_ila_1' trigger was armed at 2024-Nov-24 13:56:33
wait_on_hw_ila [get_hw_ilas -of_objects [get_hw_devices xc7z010_1] -filter {CELL_NAME=~"ila_0_inst"}]
display_hw_ila_data [upload_hw_ila_data [get_hw_ilas -of_objects [get_hw_devices xc7z010_1] -filter {CELL_NAME=~"ila_0_inst"}]]
INFO: [Labtools 27-1966] The ILA core 'hw_ila_1' triggered at 2024-Nov-24 13:56:33
INFO: [Labtools 27-3304] ILA Waveform data saved to file E:/AX7010_2023.1-course_s1_fpga-18_ad9238_hdmi/vivado_ad9238/vivado_ad9238.hw/backup/hw_ila_data_1.ila. Use Tcl command 'read_hw_ila_data' or Vivado File->Import->Import ILA Data menu item to import the previously saved data.
run_hw_ila [get_hw_ilas -of_objects [get_hw_devices xc7z010_1] -filter {CELL_NAME=~"ila_0_inst"}]
INFO: [Labtools 27-1964] The ILA core 'hw_ila_1' trigger was armed at 2024-Nov-24 13:56:47
wait_on_hw_ila [get_hw_ilas -of_objects [get_hw_devices xc7z010_1] -filter {CELL_NAME=~"ila_0_inst"}]
display_hw_ila_data [upload_hw_ila_data [get_hw_ilas -of_objects [get_hw_devices xc7z010_1] -filter {CELL_NAME=~"ila_0_inst"}]]
INFO: [Labtools 27-1966] The ILA core 'hw_ila_1' triggered at 2024-Nov-24 13:56:47
INFO: [Labtools 27-3304] ILA Waveform data saved to file E:/AX7010_2023.1-course_s1_fpga-18_ad9238_hdmi/vivado_ad9238/vivado_ad9238.hw/backup/hw_ila_data_1.ila. Use Tcl command 'read_hw_ila_data' or Vivado File->Import->Import ILA Data menu item to import the previously saved data.
run_hw_ila [get_hw_ilas -of_objects [get_hw_devices xc7z010_1] -filter {CELL_NAME=~"ila_0_inst"}]
INFO: [Labtools 27-1964] The ILA core 'hw_ila_1' trigger was armed at 2024-Nov-24 13:56:50
wait_on_hw_ila [get_hw_ilas -of_objects [get_hw_devices xc7z010_1] -filter {CELL_NAME=~"ila_0_inst"}]
display_hw_ila_data [upload_hw_ila_data [get_hw_ilas -of_objects [get_hw_devices xc7z010_1] -filter {CELL_NAME=~"ila_0_inst"}]]
INFO: [Labtools 27-1966] The ILA core 'hw_ila_1' triggered at 2024-Nov-24 13:56:50
INFO: [Labtools 27-3304] ILA Waveform data saved to file E:/AX7010_2023.1-course_s1_fpga-18_ad9238_hdmi/vivado_ad9238/vivado_ad9238.hw/backup/hw_ila_data_1.ila. Use Tcl command 'read_hw_ila_data' or Vivado File->Import->Import ILA Data menu item to import the previously saved data.
run_hw_ila [get_hw_ilas -of_objects [get_hw_devices xc7z010_1] -filter {CELL_NAME=~"ila_0_inst"}]
INFO: [Labtools 27-1964] The ILA core 'hw_ila_1' trigger was armed at 2024-Nov-24 13:56:51
wait_on_hw_ila [get_hw_ilas -of_objects [get_hw_devices xc7z010_1] -filter {CELL_NAME=~"ila_0_inst"}]
display_hw_ila_data [upload_hw_ila_data [get_hw_ilas -of_objects [get_hw_devices xc7z010_1] -filter {CELL_NAME=~"ila_0_inst"}]]
INFO: [Labtools 27-1966] The ILA core 'hw_ila_1' triggered at 2024-Nov-24 13:56:51
INFO: [Labtools 27-3304] ILA Waveform data saved to file E:/AX7010_2023.1-course_s1_fpga-18_ad9238_hdmi/vivado_ad9238/vivado_ad9238.hw/backup/hw_ila_data_1.ila. Use Tcl command 'read_hw_ila_data' or Vivado File->Import->Import ILA Data menu item to import the previously saved data.
run_hw_ila [get_hw_ilas -of_objects [get_hw_devices xc7z010_1] -filter {CELL_NAME=~"ila_0_inst"}]
INFO: [Labtools 27-1964] The ILA core 'hw_ila_1' trigger was armed at 2024-Nov-24 13:56:52
wait_on_hw_ila [get_hw_ilas -of_objects [get_hw_devices xc7z010_1] -filter {CELL_NAME=~"ila_0_inst"}]
display_hw_ila_data [upload_hw_ila_data [get_hw_ilas -of_objects [get_hw_devices xc7z010_1] -filter {CELL_NAME=~"ila_0_inst"}]]
INFO: [Labtools 27-1966] The ILA core 'hw_ila_1' triggered at 2024-Nov-24 13:56:52
INFO: [Labtools 27-3304] ILA Waveform data saved to file E:/AX7010_2023.1-course_s1_fpga-18_ad9238_hdmi/vivado_ad9238/vivado_ad9238.hw/backup/hw_ila_data_1.ila. Use Tcl command 'read_hw_ila_data' or Vivado File->Import->Import ILA Data menu item to import the previously saved data.
run_hw_ila [get_hw_ilas -of_objects [get_hw_devices xc7z010_1] -filter {CELL_NAME=~"ila_0_inst"}]
INFO: [Labtools 27-1964] The ILA core 'hw_ila_1' trigger was armed at 2024-Nov-24 13:56:58
wait_on_hw_ila [get_hw_ilas -of_objects [get_hw_devices xc7z010_1] -filter {CELL_NAME=~"ila_0_inst"}]
display_hw_ila_data [upload_hw_ila_data [get_hw_ilas -of_objects [get_hw_devices xc7z010_1] -filter {CELL_NAME=~"ila_0_inst"}]]
INFO: [Labtools 27-1966] The ILA core 'hw_ila_1' triggered at 2024-Nov-24 13:56:58
INFO: [Labtools 27-3304] ILA Waveform data saved to file E:/AX7010_2023.1-course_s1_fpga-18_ad9238_hdmi/vivado_ad9238/vivado_ad9238.hw/backup/hw_ila_data_1.ila. Use Tcl command 'read_hw_ila_data' or Vivado File->Import->Import ILA Data menu item to import the previously saved data.
run_hw_ila [get_hw_ilas -of_objects [get_hw_devices xc7z010_1] -filter {CELL_NAME=~"ila_0_inst"}]
INFO: [Labtools 27-1964] The ILA core 'hw_ila_1' trigger was armed at 2024-Nov-24 13:57:00
wait_on_hw_ila [get_hw_ilas -of_objects [get_hw_devices xc7z010_1] -filter {CELL_NAME=~"ila_0_inst"}]
display_hw_ila_data [upload_hw_ila_data [get_hw_ilas -of_objects [get_hw_devices xc7z010_1] -filter {CELL_NAME=~"ila_0_inst"}]]
INFO: [Labtools 27-1966] The ILA core 'hw_ila_1' triggered at 2024-Nov-24 13:57:00
INFO: [Labtools 27-3304] ILA Waveform data saved to file E:/AX7010_2023.1-course_s1_fpga-18_ad9238_hdmi/vivado_ad9238/vivado_ad9238.hw/backup/hw_ila_data_1.ila. Use Tcl command 'read_hw_ila_data' or Vivado File->Import->Import ILA Data menu item to import the previously saved data.
run_hw_ila [get_hw_ilas -of_objects [get_hw_devices xc7z010_1] -filter {CELL_NAME=~"ila_0_inst"}] -trigger_now
INFO: [Labtools 27-1964] The ILA core 'hw_ila_1' trigger was armed at 2024-Nov-24 13:57:56
wait_on_hw_ila [get_hw_ilas -of_objects [get_hw_devices xc7z010_1] -filter {CELL_NAME=~"ila_0_inst"}]
display_hw_ila_data [upload_hw_ila_data [get_hw_ilas -of_objects [get_hw_devices xc7z010_1] -filter {CELL_NAME=~"ila_0_inst"}]]
INFO: [Labtools 27-1966] The ILA core 'hw_ila_1' triggered at 2024-Nov-24 13:57:56
INFO: [Labtools 27-3304] ILA Waveform data saved to file E:/AX7010_2023.1-course_s1_fpga-18_ad9238_hdmi/vivado_ad9238/vivado_ad9238.hw/backup/hw_ila_data_1.ila. Use Tcl command 'read_hw_ila_data' or Vivado File->Import->Import ILA Data menu item to import the previously saved data.
run_hw_ila [get_hw_ilas -of_objects [get_hw_devices xc7z010_1] -filter {CELL_NAME=~"ila_0_inst"}]
INFO: [Labtools 27-1964] The ILA core 'hw_ila_1' trigger was armed at 2024-Nov-24 13:58:10
wait_on_hw_ila [get_hw_ilas -of_objects [get_hw_devices xc7z010_1] -filter {CELL_NAME=~"ila_0_inst"}]
display_hw_ila_data [upload_hw_ila_data [get_hw_ilas -of_objects [get_hw_devices xc7z010_1] -filter {CELL_NAME=~"ila_0_inst"}]]
INFO: [Labtools 27-1966] The ILA core 'hw_ila_1' triggered at 2024-Nov-24 13:58:10
INFO: [Labtools 27-3304] ILA Waveform data saved to file E:/AX7010_2023.1-course_s1_fpga-18_ad9238_hdmi/vivado_ad9238/vivado_ad9238.hw/backup/hw_ila_data_1.ila. Use Tcl command 'read_hw_ila_data' or Vivado File->Import->Import ILA Data menu item to import the previously saved data.
run_hw_ila [get_hw_ilas -of_objects [get_hw_devices xc7z010_1] -filter {CELL_NAME=~"ila_0_inst"}] -trigger_now
INFO: [Labtools 27-1964] The ILA core 'hw_ila_1' trigger was armed at 2024-Nov-24 13:58:12
wait_on_hw_ila [get_hw_ilas -of_objects [get_hw_devices xc7z010_1] -filter {CELL_NAME=~"ila_0_inst"}]
display_hw_ila_data [upload_hw_ila_data [get_hw_ilas -of_objects [get_hw_devices xc7z010_1] -filter {CELL_NAME=~"ila_0_inst"}]]
INFO: [Labtools 27-1966] The ILA core 'hw_ila_1' triggered at 2024-Nov-24 13:58:12
INFO: [Labtools 27-3304] ILA Waveform data saved to file E:/AX7010_2023.1-course_s1_fpga-18_ad9238_hdmi/vivado_ad9238/vivado_ad9238.hw/backup/hw_ila_data_1.ila. Use Tcl command 'read_hw_ila_data' or Vivado File->Import->Import ILA Data menu item to import the previously saved data.
run_hw_ila [get_hw_ilas -of_objects [get_hw_devices xc7z010_1] -filter {CELL_NAME=~"ila_0_inst"}] -trigger_now
INFO: [Labtools 27-1964] The ILA core 'hw_ila_1' trigger was armed at 2024-Nov-24 13:58:13
wait_on_hw_ila -timeout 0 [get_hw_ilas -of_objects [get_hw_devices xc7z010_1] -filter {CELL_NAME=~"ila_0_inst"}]
display_hw_ila_data [upload_hw_ila_data [get_hw_ilas -of_objects [get_hw_devices xc7z010_1] -filter {CELL_NAME=~"ila_0_inst"}]]
INFO: [Labtools 27-1966] The ILA core 'hw_ila_1' triggered at 2024-Nov-24 13:58:13
INFO: [Labtools 27-3304] ILA Waveform data saved to file E:/AX7010_2023.1-course_s1_fpga-18_ad9238_hdmi/vivado_ad9238/vivado_ad9238.hw/backup/hw_ila_data_1.ila. Use Tcl command 'read_hw_ila_data' or Vivado File->Import->Import ILA Data menu item to import the previously saved data.
run_hw_ila [get_hw_ilas -of_objects [get_hw_devices xc7z010_1] -filter {CELL_NAME=~"ila_0_inst"}] -trigger_now
INFO: [Labtools 27-1964] The ILA core 'hw_ila_1' trigger was armed at 2024-Nov-24 13:58:14
wait_on_hw_ila [get_hw_ilas -of_objects [get_hw_devices xc7z010_1] -filter {CELL_NAME=~"ila_0_inst"}]
display_hw_ila_data [upload_hw_ila_data [get_hw_ilas -of_objects [get_hw_devices xc7z010_1] -filter {CELL_NAME=~"ila_0_inst"}]]
INFO: [Labtools 27-1966] The ILA core 'hw_ila_1' triggered at 2024-Nov-24 13:58:14
INFO: [Labtools 27-3304] ILA Waveform data saved to file E:/AX7010_2023.1-course_s1_fpga-18_ad9238_hdmi/vivado_ad9238/vivado_ad9238.hw/backup/hw_ila_data_1.ila. Use Tcl command 'read_hw_ila_data' or Vivado File->Import->Import ILA Data menu item to import the previously saved data.
run_hw_ila [get_hw_ilas -of_objects [get_hw_devices xc7z010_1] -filter {CELL_NAME=~"ila_0_inst"}]
INFO: [Labtools 27-1964] The ILA core 'hw_ila_1' trigger was armed at 2024-Nov-24 13:58:18
wait_on_hw_ila [get_hw_ilas -of_objects [get_hw_devices xc7z010_1] -filter {CELL_NAME=~"ila_0_inst"}]
display_hw_ila_data [upload_hw_ila_data [get_hw_ilas -of_objects [get_hw_devices xc7z010_1] -filter {CELL_NAME=~"ila_0_inst"}]]
INFO: [Labtools 27-1966] The ILA core 'hw_ila_1' triggered at 2024-Nov-24 13:58:18
INFO: [Labtools 27-3304] ILA Waveform data saved to file E:/AX7010_2023.1-course_s1_fpga-18_ad9238_hdmi/vivado_ad9238/vivado_ad9238.hw/backup/hw_ila_data_1.ila. Use Tcl command 'read_hw_ila_data' or Vivado File->Import->Import ILA Data menu item to import the previously saved data.
run_hw_ila [get_hw_ilas -of_objects [get_hw_devices xc7z010_1] -filter {CELL_NAME=~"ila_0_inst"}] -trigger_now
INFO: [Labtools 27-1964] The ILA core 'hw_ila_1' trigger was armed at 2024-Nov-24 13:58:20
wait_on_hw_ila [get_hw_ilas -of_objects [get_hw_devices xc7z010_1] -filter {CELL_NAME=~"ila_0_inst"}]
display_hw_ila_data [upload_hw_ila_data [get_hw_ilas -of_objects [get_hw_devices xc7z010_1] -filter {CELL_NAME=~"ila_0_inst"}]]
INFO: [Labtools 27-1966] The ILA core 'hw_ila_1' triggered at 2024-Nov-24 13:58:20
INFO: [Labtools 27-3304] ILA Waveform data saved to file E:/AX7010_2023.1-course_s1_fpga-18_ad9238_hdmi/vivado_ad9238/vivado_ad9238.hw/backup/hw_ila_data_1.ila. Use Tcl command 'read_hw_ila_data' or Vivado File->Import->Import ILA Data menu item to import the previously saved data.
run_hw_ila [get_hw_ilas -of_objects [get_hw_devices xc7z010_1] -filter {CELL_NAME=~"ila_0_inst"}] -trigger_now
INFO: [Labtools 27-1964] The ILA core 'hw_ila_1' trigger was armed at 2024-Nov-24 13:58:22
wait_on_hw_ila [get_hw_ilas -of_objects [get_hw_devices xc7z010_1] -filter {CELL_NAME=~"ila_0_inst"}]
display_hw_ila_data [upload_hw_ila_data [get_hw_ilas -of_objects [get_hw_devices xc7z010_1] -filter {CELL_NAME=~"ila_0_inst"}]]
INFO: [Labtools 27-1966] The ILA core 'hw_ila_1' triggered at 2024-Nov-24 13:58:22
INFO: [Labtools 27-3304] ILA Waveform data saved to file E:/AX7010_2023.1-course_s1_fpga-18_ad9238_hdmi/vivado_ad9238/vivado_ad9238.hw/backup/hw_ila_data_1.ila. Use Tcl command 'read_hw_ila_data' or Vivado File->Import->Import ILA Data menu item to import the previously saved data.
run_hw_ila [get_hw_ilas -of_objects [get_hw_devices xc7z010_1] -filter {CELL_NAME=~"ila_0_inst"}] -trigger_now
INFO: [Labtools 27-1964] The ILA core 'hw_ila_1' trigger was armed at 2024-Nov-24 13:58:23
wait_on_hw_ila [get_hw_ilas -of_objects [get_hw_devices xc7z010_1] -filter {CELL_NAME=~"ila_0_inst"}]
display_hw_ila_data [upload_hw_ila_data [get_hw_ilas -of_objects [get_hw_devices xc7z010_1] -filter {CELL_NAME=~"ila_0_inst"}]]
INFO: [Labtools 27-1966] The ILA core 'hw_ila_1' triggered at 2024-Nov-24 13:58:23
INFO: [Labtools 27-3304] ILA Waveform data saved to file E:/AX7010_2023.1-course_s1_fpga-18_ad9238_hdmi/vivado_ad9238/vivado_ad9238.hw/backup/hw_ila_data_1.ila. Use Tcl command 'read_hw_ila_data' or Vivado File->Import->Import ILA Data menu item to import the previously saved data.
run_hw_ila [get_hw_ilas -of_objects [get_hw_devices xc7z010_1] -filter {CELL_NAME=~"ila_0_inst"}] -trigger_now
INFO: [Labtools 27-1964] The ILA core 'hw_ila_1' trigger was armed at 2024-Nov-24 13:58:28
wait_on_hw_ila [get_hw_ilas -of_objects [get_hw_devices xc7z010_1] -filter {CELL_NAME=~"ila_0_inst"}]
display_hw_ila_data [upload_hw_ila_data [get_hw_ilas -of_objects [get_hw_devices xc7z010_1] -filter {CELL_NAME=~"ila_0_inst"}]]
INFO: [Labtools 27-1966] The ILA core 'hw_ila_1' triggered at 2024-Nov-24 13:58:28
INFO: [Labtools 27-3304] ILA Waveform data saved to file E:/AX7010_2023.1-course_s1_fpga-18_ad9238_hdmi/vivado_ad9238/vivado_ad9238.hw/backup/hw_ila_data_1.ila. Use Tcl command 'read_hw_ila_data' or Vivado File->Import->Import ILA Data menu item to import the previously saved data.
reset_run synth_1
WARNING: [Vivado 12-1017] Problems encountered:
1. Failed to delete one or more files in run directory E:/AX7010_2023.1-course_s1_fpga-18_ad9238_hdmi/vivado_ad9238/vivado_ad9238.runs/synth_1

launch_runs impl_1 -jobs 16
WARNING: [Project 1-478] Design 'synth_1' is stale and will not be used when launching 'impl_1'
[Sun Nov 24 14:02:47 2024] Launched synth_1...
Run output will be captured here: E:/AX7010_2023.1-course_s1_fpga-18_ad9238_hdmi/vivado_ad9238/vivado_ad9238.runs/synth_1/runme.log
[Sun Nov 24 14:02:47 2024] Launched impl_1...
Run output will be captured here: E:/AX7010_2023.1-course_s1_fpga-18_ad9238_hdmi/vivado_ad9238/vivado_ad9238.runs/impl_1/runme.log
launch_runs impl_1 -to_step write_bitstream -jobs 16
[Sun Nov 24 14:04:56 2024] Launched impl_1...
Run output will be captured here: E:/AX7010_2023.1-course_s1_fpga-18_ad9238_hdmi/vivado_ad9238/vivado_ad9238.runs/impl_1/runme.log
set_property PROBES.FILE {E:/AX7010_2023.1-course_s1_fpga-18_ad9238_hdmi/vivado_ad9238/vivado_ad9238.runs/impl_1/top.ltx} [get_hw_devices xc7z010_1]
set_property FULL_PROBES.FILE {E:/AX7010_2023.1-course_s1_fpga-18_ad9238_hdmi/vivado_ad9238/vivado_ad9238.runs/impl_1/top.ltx} [get_hw_devices xc7z010_1]
set_property PROGRAM.FILE {E:/AX7010_2023.1-course_s1_fpga-18_ad9238_hdmi/vivado_ad9238/vivado_ad9238.runs/impl_1/top.bit} [get_hw_devices xc7z010_1]
program_hw_devices [get_hw_devices xc7z010_1]
INFO: [Labtools 27-3164] End of startup status: HIGH
refresh_hw_device [lindex [get_hw_devices xc7z010_1] 0]
INFO: [Labtools 27-2302] Device xc7z010 (JTAG device index = 1) is programmed with a design that has 1 ILA core(s).
add_wave -into {hw_ila_data_1.wcfg} -radix hex { {outrddat} }
set_property PROBES.FILE {E:/AX7010_2023.1-course_s1_fpga-18_ad9238_hdmi/vivado_ad9238/vivado_ad9238.runs/impl_1/top.ltx} [get_hw_devices xc7z010_1]
set_property FULL_PROBES.FILE {E:/AX7010_2023.1-course_s1_fpga-18_ad9238_hdmi/vivado_ad9238/vivado_ad9238.runs/impl_1/top.ltx} [get_hw_devices xc7z010_1]
set_property PROGRAM.FILE {E:/AX7010_2023.1-course_s1_fpga-18_ad9238_hdmi/vivado_ad9238/vivado_ad9238.runs/impl_1/top.bit} [get_hw_devices xc7z010_1]
program_hw_devices [get_hw_devices xc7z010_1]
INFO: [Labtools 27-3164] End of startup status: HIGH
refresh_hw_device [lindex [get_hw_devices xc7z010_1] 0]
INFO: [Labtools 27-2302] Device xc7z010 (JTAG device index = 1) is programmed with a design that has 1 ILA core(s).
run_hw_ila [get_hw_ilas -of_objects [get_hw_devices xc7z010_1] -filter {CELL_NAME=~"ila_0_inst"}]
INFO: [Labtools 27-1964] The ILA core 'hw_ila_1' trigger was armed at 2024-Nov-24 14:07:42
wait_on_hw_ila [get_hw_ilas -of_objects [get_hw_devices xc7z010_1] -filter {CELL_NAME=~"ila_0_inst"}]
display_hw_ila_data [upload_hw_ila_data [get_hw_ilas -of_objects [get_hw_devices xc7z010_1] -filter {CELL_NAME=~"ila_0_inst"}]]
INFO: [Labtools 27-1966] The ILA core 'hw_ila_1' triggered at 2024-Nov-24 14:07:42
INFO: [Labtools 27-3304] ILA Waveform data saved to file E:/AX7010_2023.1-course_s1_fpga-18_ad9238_hdmi/vivado_ad9238/vivado_ad9238.hw/backup/hw_ila_data_1.ila. Use Tcl command 'read_hw_ila_data' or Vivado File->Import->Import ILA Data menu item to import the previously saved data.
run_hw_ila [get_hw_ilas -of_objects [get_hw_devices xc7z010_1] -filter {CELL_NAME=~"ila_0_inst"}]
INFO: [Labtools 27-1964] The ILA core 'hw_ila_1' trigger was armed at 2024-Nov-24 14:07:48
wait_on_hw_ila [get_hw_ilas -of_objects [get_hw_devices xc7z010_1] -filter {CELL_NAME=~"ila_0_inst"}]
display_hw_ila_data [upload_hw_ila_data [get_hw_ilas -of_objects [get_hw_devices xc7z010_1] -filter {CELL_NAME=~"ila_0_inst"}]]
INFO: [Labtools 27-1966] The ILA core 'hw_ila_1' triggered at 2024-Nov-24 14:07:48
INFO: [Labtools 27-3304] ILA Waveform data saved to file E:/AX7010_2023.1-course_s1_fpga-18_ad9238_hdmi/vivado_ad9238/vivado_ad9238.hw/backup/hw_ila_data_1.ila. Use Tcl command 'read_hw_ila_data' or Vivado File->Import->Import ILA Data menu item to import the previously saved data.
run_hw_ila [get_hw_ilas -of_objects [get_hw_devices xc7z010_1] -filter {CELL_NAME=~"ila_0_inst"}]
INFO: [Labtools 27-1964] The ILA core 'hw_ila_1' trigger was armed at 2024-Nov-24 14:07:51
wait_on_hw_ila [get_hw_ilas -of_objects [get_hw_devices xc7z010_1] -filter {CELL_NAME=~"ila_0_inst"}]
display_hw_ila_data [upload_hw_ila_data [get_hw_ilas -of_objects [get_hw_devices xc7z010_1] -filter {CELL_NAME=~"ila_0_inst"}]]
INFO: [Labtools 27-1966] The ILA core 'hw_ila_1' triggered at 2024-Nov-24 14:07:51
INFO: [Labtools 27-3304] ILA Waveform data saved to file E:/AX7010_2023.1-course_s1_fpga-18_ad9238_hdmi/vivado_ad9238/vivado_ad9238.hw/backup/hw_ila_data_1.ila. Use Tcl command 'read_hw_ila_data' or Vivado File->Import->Import ILA Data menu item to import the previously saved data.
run_hw_ila [get_hw_ilas -of_objects [get_hw_devices xc7z010_1] -filter {CELL_NAME=~"ila_0_inst"}]
INFO: [Labtools 27-1964] The ILA core 'hw_ila_1' trigger was armed at 2024-Nov-24 14:07:52
wait_on_hw_ila [get_hw_ilas -of_objects [get_hw_devices xc7z010_1] -filter {CELL_NAME=~"ila_0_inst"}]
display_hw_ila_data [upload_hw_ila_data [get_hw_ilas -of_objects [get_hw_devices xc7z010_1] -filter {CELL_NAME=~"ila_0_inst"}]]
INFO: [Labtools 27-1966] The ILA core 'hw_ila_1' triggered at 2024-Nov-24 14:07:52
INFO: [Labtools 27-3304] ILA Waveform data saved to file E:/AX7010_2023.1-course_s1_fpga-18_ad9238_hdmi/vivado_ad9238/vivado_ad9238.hw/backup/hw_ila_data_1.ila. Use Tcl command 'read_hw_ila_data' or Vivado File->Import->Import ILA Data menu item to import the previously saved data.
run_hw_ila [get_hw_ilas -of_objects [get_hw_devices xc7z010_1] -filter {CELL_NAME=~"ila_0_inst"}]
INFO: [Labtools 27-1964] The ILA core 'hw_ila_1' trigger was armed at 2024-Nov-24 14:07:54
wait_on_hw_ila [get_hw_ilas -of_objects [get_hw_devices xc7z010_1] -filter {CELL_NAME=~"ila_0_inst"}]
display_hw_ila_data [upload_hw_ila_data [get_hw_ilas -of_objects [get_hw_devices xc7z010_1] -filter {CELL_NAME=~"ila_0_inst"}]]
INFO: [Labtools 27-1966] The ILA core 'hw_ila_1' triggered at 2024-Nov-24 14:07:54
INFO: [Labtools 27-3304] ILA Waveform data saved to file E:/AX7010_2023.1-course_s1_fpga-18_ad9238_hdmi/vivado_ad9238/vivado_ad9238.hw/backup/hw_ila_data_1.ila. Use Tcl command 'read_hw_ila_data' or Vivado File->Import->Import ILA Data menu item to import the previously saved data.
run_hw_ila [get_hw_ilas -of_objects [get_hw_devices xc7z010_1] -filter {CELL_NAME=~"ila_0_inst"}]
INFO: [Labtools 27-1964] The ILA core 'hw_ila_1' trigger was armed at 2024-Nov-24 14:07:55
wait_on_hw_ila [get_hw_ilas -of_objects [get_hw_devices xc7z010_1] -filter {CELL_NAME=~"ila_0_inst"}]
display_hw_ila_data [upload_hw_ila_data [get_hw_ilas -of_objects [get_hw_devices xc7z010_1] -filter {CELL_NAME=~"ila_0_inst"}]]
INFO: [Labtools 27-1966] The ILA core 'hw_ila_1' triggered at 2024-Nov-24 14:07:55
INFO: [Labtools 27-3304] ILA Waveform data saved to file E:/AX7010_2023.1-course_s1_fpga-18_ad9238_hdmi/vivado_ad9238/vivado_ad9238.hw/backup/hw_ila_data_1.ila. Use Tcl command 'read_hw_ila_data' or Vivado File->Import->Import ILA Data menu item to import the previously saved data.
run_hw_ila [get_hw_ilas -of_objects [get_hw_devices xc7z010_1] -filter {CELL_NAME=~"ila_0_inst"}]
INFO: [Labtools 27-1964] The ILA core 'hw_ila_1' trigger was armed at 2024-Nov-24 14:08:02
wait_on_hw_ila [get_hw_ilas -of_objects [get_hw_devices xc7z010_1] -filter {CELL_NAME=~"ila_0_inst"}]
display_hw_ila_data [upload_hw_ila_data [get_hw_ilas -of_objects [get_hw_devices xc7z010_1] -filter {CELL_NAME=~"ila_0_inst"}]]
INFO: [Labtools 27-1966] The ILA core 'hw_ila_1' triggered at 2024-Nov-24 14:08:02
INFO: [Labtools 27-3304] ILA Waveform data saved to file E:/AX7010_2023.1-course_s1_fpga-18_ad9238_hdmi/vivado_ad9238/vivado_ad9238.hw/backup/hw_ila_data_1.ila. Use Tcl command 'read_hw_ila_data' or Vivado File->Import->Import ILA Data menu item to import the previously saved data.
run_hw_ila [get_hw_ilas -of_objects [get_hw_devices xc7z010_1] -filter {CELL_NAME=~"ila_0_inst"}]
INFO: [Labtools 27-1964] The ILA core 'hw_ila_1' trigger was armed at 2024-Nov-24 14:08:04
wait_on_hw_ila [get_hw_ilas -of_objects [get_hw_devices xc7z010_1] -filter {CELL_NAME=~"ila_0_inst"}]
display_hw_ila_data [upload_hw_ila_data [get_hw_ilas -of_objects [get_hw_devices xc7z010_1] -filter {CELL_NAME=~"ila_0_inst"}]]
INFO: [Labtools 27-1966] The ILA core 'hw_ila_1' triggered at 2024-Nov-24 14:08:04
INFO: [Labtools 27-3304] ILA Waveform data saved to file E:/AX7010_2023.1-course_s1_fpga-18_ad9238_hdmi/vivado_ad9238/vivado_ad9238.hw/backup/hw_ila_data_1.ila. Use Tcl command 'read_hw_ila_data' or Vivado File->Import->Import ILA Data menu item to import the previously saved data.
run_hw_ila [get_hw_ilas -of_objects [get_hw_devices xc7z010_1] -filter {CELL_NAME=~"ila_0_inst"}]
INFO: [Labtools 27-1964] The ILA core 'hw_ila_1' trigger was armed at 2024-Nov-24 14:08:06
wait_on_hw_ila [get_hw_ilas -of_objects [get_hw_devices xc7z010_1] -filter {CELL_NAME=~"ila_0_inst"}]
display_hw_ila_data [upload_hw_ila_data [get_hw_ilas -of_objects [get_hw_devices xc7z010_1] -filter {CELL_NAME=~"ila_0_inst"}]]
INFO: [Labtools 27-1966] The ILA core 'hw_ila_1' triggered at 2024-Nov-24 14:08:06
INFO: [Labtools 27-3304] ILA Waveform data saved to file E:/AX7010_2023.1-course_s1_fpga-18_ad9238_hdmi/vivado_ad9238/vivado_ad9238.hw/backup/hw_ila_data_1.ila. Use Tcl command 'read_hw_ila_data' or Vivado File->Import->Import ILA Data menu item to import the previously saved data.
run_hw_ila [get_hw_ilas -of_objects [get_hw_devices xc7z010_1] -filter {CELL_NAME=~"ila_0_inst"}]
INFO: [Labtools 27-1964] The ILA core 'hw_ila_1' trigger was armed at 2024-Nov-24 14:08:07
wait_on_hw_ila [get_hw_ilas -of_objects [get_hw_devices xc7z010_1] -filter {CELL_NAME=~"ila_0_inst"}]
display_hw_ila_data [upload_hw_ila_data [get_hw_ilas -of_objects [get_hw_devices xc7z010_1] -filter {CELL_NAME=~"ila_0_inst"}]]
INFO: [Labtools 27-1966] The ILA core 'hw_ila_1' triggered at 2024-Nov-24 14:08:07
INFO: [Labtools 27-3304] ILA Waveform data saved to file E:/AX7010_2023.1-course_s1_fpga-18_ad9238_hdmi/vivado_ad9238/vivado_ad9238.hw/backup/hw_ila_data_1.ila. Use Tcl command 'read_hw_ila_data' or Vivado File->Import->Import ILA Data menu item to import the previously saved data.
run_hw_ila [get_hw_ilas -of_objects [get_hw_devices xc7z010_1] -filter {CELL_NAME=~"ila_0_inst"}]
INFO: [Labtools 27-1964] The ILA core 'hw_ila_1' trigger was armed at 2024-Nov-24 14:08:09
wait_on_hw_ila [get_hw_ilas -of_objects [get_hw_devices xc7z010_1] -filter {CELL_NAME=~"ila_0_inst"}]
display_hw_ila_data [upload_hw_ila_data [get_hw_ilas -of_objects [get_hw_devices xc7z010_1] -filter {CELL_NAME=~"ila_0_inst"}]]
INFO: [Labtools 27-1966] The ILA core 'hw_ila_1' triggered at 2024-Nov-24 14:08:09
INFO: [Labtools 27-3304] ILA Waveform data saved to file E:/AX7010_2023.1-course_s1_fpga-18_ad9238_hdmi/vivado_ad9238/vivado_ad9238.hw/backup/hw_ila_data_1.ila. Use Tcl command 'read_hw_ila_data' or Vivado File->Import->Import ILA Data menu item to import the previously saved data.
run_hw_ila [get_hw_ilas -of_objects [get_hw_devices xc7z010_1] -filter {CELL_NAME=~"ila_0_inst"}]
INFO: [Labtools 27-1964] The ILA core 'hw_ila_1' trigger was armed at 2024-Nov-24 14:08:10
wait_on_hw_ila [get_hw_ilas -of_objects [get_hw_devices xc7z010_1] -filter {CELL_NAME=~"ila_0_inst"}]
display_hw_ila_data [upload_hw_ila_data [get_hw_ilas -of_objects [get_hw_devices xc7z010_1] -filter {CELL_NAME=~"ila_0_inst"}]]
INFO: [Labtools 27-1966] The ILA core 'hw_ila_1' triggered at 2024-Nov-24 14:08:10
INFO: [Labtools 27-3304] ILA Waveform data saved to file E:/AX7010_2023.1-course_s1_fpga-18_ad9238_hdmi/vivado_ad9238/vivado_ad9238.hw/backup/hw_ila_data_1.ila. Use Tcl command 'read_hw_ila_data' or Vivado File->Import->Import ILA Data menu item to import the previously saved data.
run_hw_ila [get_hw_ilas -of_objects [get_hw_devices xc7z010_1] -filter {CELL_NAME=~"ila_0_inst"}]
INFO: [Labtools 27-1964] The ILA core 'hw_ila_1' trigger was armed at 2024-Nov-24 14:08:12
wait_on_hw_ila [get_hw_ilas -of_objects [get_hw_devices xc7z010_1] -filter {CELL_NAME=~"ila_0_inst"}]
display_hw_ila_data [upload_hw_ila_data [get_hw_ilas -of_objects [get_hw_devices xc7z010_1] -filter {CELL_NAME=~"ila_0_inst"}]]
INFO: [Labtools 27-1966] The ILA core 'hw_ila_1' triggered at 2024-Nov-24 14:08:12
INFO: [Labtools 27-3304] ILA Waveform data saved to file E:/AX7010_2023.1-course_s1_fpga-18_ad9238_hdmi/vivado_ad9238/vivado_ad9238.hw/backup/hw_ila_data_1.ila. Use Tcl command 'read_hw_ila_data' or Vivado File->Import->Import ILA Data menu item to import the previously saved data.
run_hw_ila [get_hw_ilas -of_objects [get_hw_devices xc7z010_1] -filter {CELL_NAME=~"ila_0_inst"}]
INFO: [Labtools 27-1964] The ILA core 'hw_ila_1' trigger was armed at 2024-Nov-24 14:09:29
wait_on_hw_ila [get_hw_ilas -of_objects [get_hw_devices xc7z010_1] -filter {CELL_NAME=~"ila_0_inst"}]
display_hw_ila_data [upload_hw_ila_data [get_hw_ilas -of_objects [get_hw_devices xc7z010_1] -filter {CELL_NAME=~"ila_0_inst"}]]
INFO: [Labtools 27-1966] The ILA core 'hw_ila_1' triggered at 2024-Nov-24 14:09:29
INFO: [Labtools 27-3304] ILA Waveform data saved to file E:/AX7010_2023.1-course_s1_fpga-18_ad9238_hdmi/vivado_ad9238/vivado_ad9238.hw/backup/hw_ila_data_1.ila. Use Tcl command 'read_hw_ila_data' or Vivado File->Import->Import ILA Data menu item to import the previously saved data.
run_hw_ila [get_hw_ilas -of_objects [get_hw_devices xc7z010_1] -filter {CELL_NAME=~"ila_0_inst"}] -trigger_now
INFO: [Labtools 27-1964] The ILA core 'hw_ila_1' trigger was armed at 2024-Nov-24 14:09:32
wait_on_hw_ila [get_hw_ilas -of_objects [get_hw_devices xc7z010_1] -filter {CELL_NAME=~"ila_0_inst"}]
display_hw_ila_data [upload_hw_ila_data [get_hw_ilas -of_objects [get_hw_devices xc7z010_1] -filter {CELL_NAME=~"ila_0_inst"}]]
INFO: [Labtools 27-1966] The ILA core 'hw_ila_1' triggered at 2024-Nov-24 14:09:32
INFO: [Labtools 27-3304] ILA Waveform data saved to file E:/AX7010_2023.1-course_s1_fpga-18_ad9238_hdmi/vivado_ad9238/vivado_ad9238.hw/backup/hw_ila_data_1.ila. Use Tcl command 'read_hw_ila_data' or Vivado File->Import->Import ILA Data menu item to import the previously saved data.
run_hw_ila [get_hw_ilas -of_objects [get_hw_devices xc7z010_1] -filter {CELL_NAME=~"ila_0_inst"}] -trigger_now
INFO: [Labtools 27-1964] The ILA core 'hw_ila_1' trigger was armed at 2024-Nov-24 14:09:33
wait_on_hw_ila [get_hw_ilas -of_objects [get_hw_devices xc7z010_1] -filter {CELL_NAME=~"ila_0_inst"}]
display_hw_ila_data [upload_hw_ila_data [get_hw_ilas -of_objects [get_hw_devices xc7z010_1] -filter {CELL_NAME=~"ila_0_inst"}]]
INFO: [Labtools 27-1966] The ILA core 'hw_ila_1' triggered at 2024-Nov-24 14:09:33
INFO: [Labtools 27-3304] ILA Waveform data saved to file E:/AX7010_2023.1-course_s1_fpga-18_ad9238_hdmi/vivado_ad9238/vivado_ad9238.hw/backup/hw_ila_data_1.ila. Use Tcl command 'read_hw_ila_data' or Vivado File->Import->Import ILA Data menu item to import the previously saved data.
run_hw_ila [get_hw_ilas -of_objects [get_hw_devices xc7z010_1] -filter {CELL_NAME=~"ila_0_inst"}] -trigger_now
INFO: [Labtools 27-1964] The ILA core 'hw_ila_1' trigger was armed at 2024-Nov-24 14:09:36
wait_on_hw_ila [get_hw_ilas -of_objects [get_hw_devices xc7z010_1] -filter {CELL_NAME=~"ila_0_inst"}]
display_hw_ila_data [upload_hw_ila_data [get_hw_ilas -of_objects [get_hw_devices xc7z010_1] -filter {CELL_NAME=~"ila_0_inst"}]]
INFO: [Labtools 27-1966] The ILA core 'hw_ila_1' triggered at 2024-Nov-24 14:09:36
INFO: [Labtools 27-3304] ILA Waveform data saved to file E:/AX7010_2023.1-course_s1_fpga-18_ad9238_hdmi/vivado_ad9238/vivado_ad9238.hw/backup/hw_ila_data_1.ila. Use Tcl command 'read_hw_ila_data' or Vivado File->Import->Import ILA Data menu item to import the previously saved data.
run_hw_ila [get_hw_ilas -of_objects [get_hw_devices xc7z010_1] -filter {CELL_NAME=~"ila_0_inst"}] -trigger_now
INFO: [Labtools 27-1964] The ILA core 'hw_ila_1' trigger was armed at 2024-Nov-24 14:09:38
wait_on_hw_ila [get_hw_ilas -of_objects [get_hw_devices xc7z010_1] -filter {CELL_NAME=~"ila_0_inst"}]
display_hw_ila_data [upload_hw_ila_data [get_hw_ilas -of_objects [get_hw_devices xc7z010_1] -filter {CELL_NAME=~"ila_0_inst"}]]
INFO: [Labtools 27-1966] The ILA core 'hw_ila_1' triggered at 2024-Nov-24 14:09:38
INFO: [Labtools 27-3304] ILA Waveform data saved to file E:/AX7010_2023.1-course_s1_fpga-18_ad9238_hdmi/vivado_ad9238/vivado_ad9238.hw/backup/hw_ila_data_1.ila. Use Tcl command 'read_hw_ila_data' or Vivado File->Import->Import ILA Data menu item to import the previously saved data.
WARNING: [IP_Flow 19-4067] Ignoring invalid widget type specified checkbox.Providing a default widget
WARNING: [IP_Flow 19-4067] Ignoring invalid widget type specified checkbox.Providing a default widget
create_ip -name blk_mem_gen -vendor xilinx.com -library ip -version 8.4 -module_name blk_mem_gen_0 -dir e:/AX7010_2023.1-course_s1_fpga-18_ad9238_hdmi/vivado_ad9238/vivado_ad9238.srcs/sources_1/ip
set_property -dict [list CONFIG.Write_Width_A {12} CONFIG.Write_Depth_A {100} CONFIG.Read_Width_A {12} CONFIG.Write_Width_B {12} CONFIG.Read_Width_B {12}] [get_ips blk_mem_gen_0]
generate_target {instantiation_template} [get_files e:/AX7010_2023.1-course_s1_fpga-18_ad9238_hdmi/vivado_ad9238/vivado_ad9238.srcs/sources_1/ip/blk_mem_gen_0/blk_mem_gen_0.xci]
INFO: [IP_Flow 19-1686] Generating 'Instantiation Template' target for IP 'blk_mem_gen_0'...
WARNING: [IP_Flow 19-4067] Ignoring invalid widget type specified checkbox.Providing a default widget
WARNING: [IP_Flow 19-4067] Ignoring invalid widget type specified checkbox.Providing a default widget
INFO: [IP_Flow 19-3484] Absolute path of file 'e:/AX7010_2023.1-course_s1_fpga-18_ad9238_hdmi/vivado_ad9238/tool/triwave.coe' provided. It will be converted relative to IP Instance files '../../../../tool/triwave.coe'
create_ip -name blk_mem_gen -vendor xilinx.com -library ip -version 8.4 -module_name rom1 -dir e:/AX7010_2023.1-course_s1_fpga-18_ad9238_hdmi/vivado_ad9238/vivado_ad9238.srcs/sources_1/ip
set_property -dict [list CONFIG.Component_Name {rom1} CONFIG.Write_Width_A {12} CONFIG.Write_Depth_A {100} CONFIG.Read_Width_A {12} CONFIG.Enable_A {Always_Enabled} CONFIG.Write_Width_B {12} CONFIG.Read_Width_B {12} CONFIG.Register_PortA_Output_of_Memory_Primitives {false} CONFIG.Load_Init_File {true} CONFIG.Coe_File {E:/AX7010_2023.1-course_s1_fpga-18_ad9238_hdmi/vivado_ad9238/tool/triwave.coe}] [get_ips rom1]
WARNING: [Vivado 12-3523] Attempt to change 'Component_Name' from 'rom1' to 'rom1' is not allowed and is ignored.
INFO: [IP_Flow 19-3484] Absolute path of file 'e:/AX7010_2023.1-course_s1_fpga-18_ad9238_hdmi/vivado_ad9238/tool/triwave.coe' provided. It will be converted relative to IP Instance files '../../../../tool/triwave.coe'
generate_target {instantiation_template} [get_files e:/AX7010_2023.1-course_s1_fpga-18_ad9238_hdmi/vivado_ad9238/vivado_ad9238.srcs/sources_1/ip/rom1/rom1.xci]
INFO: [IP_Flow 19-1686] Generating 'Instantiation Template' target for IP 'rom1'...
generate_target all [get_files  e:/AX7010_2023.1-course_s1_fpga-18_ad9238_hdmi/vivado_ad9238/vivado_ad9238.srcs/sources_1/ip/rom1/rom1.xci]
INFO: [IP_Flow 19-1686] Generating 'Synthesis' target for IP 'rom1'...
INFO: [IP_Flow 19-1686] Generating 'Simulation' target for IP 'rom1'...
INFO: [IP_Flow 19-1686] Generating 'Miscellaneous' target for IP 'rom1'...
INFO: [IP_Flow 19-1686] Generating 'Change Log' target for IP 'rom1'...
catch { config_ip_cache -export [get_ips -all rom1] }
export_ip_user_files -of_objects [get_files e:/AX7010_2023.1-course_s1_fpga-18_ad9238_hdmi/vivado_ad9238/vivado_ad9238.srcs/sources_1/ip/rom1/rom1.xci] -no_script -sync -force -quiet
create_ip_run [get_files -of_objects [get_fileset sources_1] e:/AX7010_2023.1-course_s1_fpga-18_ad9238_hdmi/vivado_ad9238/vivado_ad9238.srcs/sources_1/ip/rom1/rom1.xci]
launch_runs rom1_synth_1 -jobs 16
[Sun Nov 24 14:20:20 2024] Launched rom1_synth_1...
Run output will be captured here: E:/AX7010_2023.1-course_s1_fpga-18_ad9238_hdmi/vivado_ad9238/vivado_ad9238.runs/rom1_synth_1/runme.log
export_simulation -of_objects [get_files e:/AX7010_2023.1-course_s1_fpga-18_ad9238_hdmi/vivado_ad9238/vivado_ad9238.srcs/sources_1/ip/rom1/rom1.xci] -directory E:/AX7010_2023.1-course_s1_fpga-18_ad9238_hdmi/vivado_ad9238/vivado_ad9238.ip_user_files/sim_scripts -ip_user_files_dir E:/AX7010_2023.1-course_s1_fpga-18_ad9238_hdmi/vivado_ad9238/vivado_ad9238.ip_user_files -ipstatic_source_dir E:/AX7010_2023.1-course_s1_fpga-18_ad9238_hdmi/vivado_ad9238/vivado_ad9238.ip_user_files/ipstatic -lib_map_path [list {modelsim=E:/AX7010_2023.1-course_s1_fpga-18_ad9238_hdmi/vivado_ad9238/vivado_ad9238.cache/compile_simlib/modelsim} {questa=E:/AX7010_2023.1-course_s1_fpga-18_ad9238_hdmi/vivado_ad9238/vivado_ad9238.cache/compile_simlib/questa} {riviera=E:/AX7010_2023.1-course_s1_fpga-18_ad9238_hdmi/vivado_ad9238/vivado_ad9238.cache/compile_simlib/riviera} {activehdl=E:/AX7010_2023.1-course_s1_fpga-18_ad9238_hdmi/vivado_ad9238/vivado_ad9238.cache/compile_simlib/activehdl}] -use_ip_compiled_libs -force -quiet
update_compile_order -fileset sources_1
export_ip_user_files -of_objects  [get_files e:/AX7010_2023.1-course_s1_fpga-18_ad9238_hdmi/vivado_ad9238/vivado_ad9238.srcs/sources_1/ip/blk_mem_gen_0/blk_mem_gen_0.xci] -no_script -reset -force -quiet
remove_files  e:/AX7010_2023.1-course_s1_fpga-18_ad9238_hdmi/vivado_ad9238/vivado_ad9238.srcs/sources_1/ip/blk_mem_gen_0/blk_mem_gen_0.xci
WARNING: [IP_Flow 19-4067] Ignoring invalid widget type specified checkbox.Providing a default widget
WARNING: [IP_Flow 19-4067] Ignoring invalid widget type specified checkbox.Providing a default widget
INFO: [IP_Flow 19-3484] Absolute path of file 'e:/AX7010_2023.1-course_s1_fpga-18_ad9238_hdmi/vivado_ad9238/tool/sinwave.coe' provided. It will be converted relative to IP Instance files '../../../../tool/sinwave.coe'
create_ip -name blk_mem_gen -vendor xilinx.com -library ip -version 8.4 -module_name blk_mem_gen_0 -dir e:/AX7010_2023.1-course_s1_fpga-18_ad9238_hdmi/vivado_ad9238/vivado_ad9238.srcs/sources_1/ip
set_property -dict [list CONFIG.Write_Width_A {12} CONFIG.Write_Depth_A {40000} CONFIG.Read_Width_A {12} CONFIG.Enable_A {Always_Enabled} CONFIG.Write_Width_B {12} CONFIG.Read_Width_B {12} CONFIG.Register_PortA_Output_of_Memory_Primitives {false} CONFIG.Load_Init_File {true} CONFIG.Coe_File {E:/AX7010_2023.1-course_s1_fpga-18_ad9238_hdmi/vivado_ad9238/tool/sinwave.coe}] [get_ips blk_mem_gen_0]
INFO: [IP_Flow 19-3484] Absolute path of file 'e:/AX7010_2023.1-course_s1_fpga-18_ad9238_hdmi/vivado_ad9238/tool/sinwave.coe' provided. It will be converted relative to IP Instance files '../../../../tool/sinwave.coe'
generate_target {instantiation_template} [get_files e:/AX7010_2023.1-course_s1_fpga-18_ad9238_hdmi/vivado_ad9238/vivado_ad9238.srcs/sources_1/ip/blk_mem_gen_0_1/blk_mem_gen_0.xci]
INFO: [IP_Flow 19-1686] Generating 'Instantiation Template' target for IP 'blk_mem_gen_0'...
generate_target all [get_files  e:/AX7010_2023.1-course_s1_fpga-18_ad9238_hdmi/vivado_ad9238/vivado_ad9238.srcs/sources_1/ip/blk_mem_gen_0_1/blk_mem_gen_0.xci]
INFO: [IP_Flow 19-1686] Generating 'Synthesis' target for IP 'blk_mem_gen_0'...
INFO: [IP_Flow 19-1686] Generating 'Simulation' target for IP 'blk_mem_gen_0'...
INFO: [IP_Flow 19-1686] Generating 'Miscellaneous' target for IP 'blk_mem_gen_0'...
INFO: [IP_Flow 19-1686] Generating 'Change Log' target for IP 'blk_mem_gen_0'...
catch { config_ip_cache -export [get_ips -all blk_mem_gen_0] }
export_ip_user_files -of_objects [get_files e:/AX7010_2023.1-course_s1_fpga-18_ad9238_hdmi/vivado_ad9238/vivado_ad9238.srcs/sources_1/ip/blk_mem_gen_0_1/blk_mem_gen_0.xci] -no_script -sync -force -quiet
create_ip_run [get_files -of_objects [get_fileset sources_1] e:/AX7010_2023.1-course_s1_fpga-18_ad9238_hdmi/vivado_ad9238/vivado_ad9238.srcs/sources_1/ip/blk_mem_gen_0_1/blk_mem_gen_0.xci]
launch_runs blk_mem_gen_0_synth_1 -jobs 16
[Sun Nov 24 14:25:01 2024] Launched blk_mem_gen_0_synth_1...
Run output will be captured here: E:/AX7010_2023.1-course_s1_fpga-18_ad9238_hdmi/vivado_ad9238/vivado_ad9238.runs/blk_mem_gen_0_synth_1/runme.log
export_simulation -of_objects [get_files e:/AX7010_2023.1-course_s1_fpga-18_ad9238_hdmi/vivado_ad9238/vivado_ad9238.srcs/sources_1/ip/blk_mem_gen_0_1/blk_mem_gen_0.xci] -directory E:/AX7010_2023.1-course_s1_fpga-18_ad9238_hdmi/vivado_ad9238/vivado_ad9238.ip_user_files/sim_scripts -ip_user_files_dir E:/AX7010_2023.1-course_s1_fpga-18_ad9238_hdmi/vivado_ad9238/vivado_ad9238.ip_user_files -ipstatic_source_dir E:/AX7010_2023.1-course_s1_fpga-18_ad9238_hdmi/vivado_ad9238/vivado_ad9238.ip_user_files/ipstatic -lib_map_path [list {modelsim=E:/AX7010_2023.1-course_s1_fpga-18_ad9238_hdmi/vivado_ad9238/vivado_ad9238.cache/compile_simlib/modelsim} {questa=E:/AX7010_2023.1-course_s1_fpga-18_ad9238_hdmi/vivado_ad9238/vivado_ad9238.cache/compile_simlib/questa} {riviera=E:/AX7010_2023.1-course_s1_fpga-18_ad9238_hdmi/vivado_ad9238/vivado_ad9238.cache/compile_simlib/riviera} {activehdl=E:/AX7010_2023.1-course_s1_fpga-18_ad9238_hdmi/vivado_ad9238/vivado_ad9238.cache/compile_simlib/activehdl}] -use_ip_compiled_libs -force -quiet
create_ip -name clk_wiz -vendor xilinx.com -library ip -version 6.0 -module_name clk_wiz_0 -dir e:/AX7010_2023.1-course_s1_fpga-18_ad9238_hdmi/vivado_ad9238/vivado_ad9238.srcs/sources_1/ip
set_property -dict [list CONFIG.PRIMITIVE {PLL} CONFIG.PRIM_IN_FREQ {50} CONFIG.CLKOUT1_REQUESTED_OUT_FREQ {20} CONFIG.CLKIN1_JITTER_PS {200.0} CONFIG.CLKOUT1_DRIVES {BUFG} CONFIG.CLKOUT2_DRIVES {BUFG} CONFIG.CLKOUT3_DRIVES {BUFG} CONFIG.CLKOUT4_DRIVES {BUFG} CONFIG.CLKOUT5_DRIVES {BUFG} CONFIG.CLKOUT6_DRIVES {BUFG} CONFIG.CLKOUT7_DRIVES {BUFG} CONFIG.MMCM_BANDWIDTH {OPTIMIZED} CONFIG.MMCM_CLKFBOUT_MULT_F {18} CONFIG.MMCM_CLKIN1_PERIOD {20.000} CONFIG.MMCM_CLKIN2_PERIOD {10.0} CONFIG.MMCM_COMPENSATION {ZHOLD} CONFIG.MMCM_CLKOUT0_DIVIDE_F {45} CONFIG.CLKOUT1_JITTER {258.893} CONFIG.CLKOUT1_PHASE_ERROR {161.614}] [get_ips clk_wiz_0]
generate_target {instantiation_template} [get_files e:/AX7010_2023.1-course_s1_fpga-18_ad9238_hdmi/vivado_ad9238/vivado_ad9238.srcs/sources_1/ip/clk_wiz_0/clk_wiz_0.xci]
INFO: [IP_Flow 19-1686] Generating 'Instantiation Template' target for IP 'clk_wiz_0'...
update_compile_order -fileset sources_1
generate_target all [get_files  e:/AX7010_2023.1-course_s1_fpga-18_ad9238_hdmi/vivado_ad9238/vivado_ad9238.srcs/sources_1/ip/clk_wiz_0/clk_wiz_0.xci]
INFO: [IP_Flow 19-1686] Generating 'Synthesis' target for IP 'clk_wiz_0'...
INFO: [IP_Flow 19-1686] Generating 'Simulation' target for IP 'clk_wiz_0'...
INFO: [IP_Flow 19-1686] Generating 'Implementation' target for IP 'clk_wiz_0'...
INFO: [IP_Flow 19-1686] Generating 'Change Log' target for IP 'clk_wiz_0'...
catch { config_ip_cache -export [get_ips -all clk_wiz_0] }
export_ip_user_files -of_objects [get_files e:/AX7010_2023.1-course_s1_fpga-18_ad9238_hdmi/vivado_ad9238/vivado_ad9238.srcs/sources_1/ip/clk_wiz_0/clk_wiz_0.xci] -no_script -sync -force -quiet
create_ip_run [get_files -of_objects [get_fileset sources_1] e:/AX7010_2023.1-course_s1_fpga-18_ad9238_hdmi/vivado_ad9238/vivado_ad9238.srcs/sources_1/ip/clk_wiz_0/clk_wiz_0.xci]
launch_runs clk_wiz_0_synth_1 -jobs 16
[Sun Nov 24 14:27:48 2024] Launched clk_wiz_0_synth_1...
Run output will be captured here: E:/AX7010_2023.1-course_s1_fpga-18_ad9238_hdmi/vivado_ad9238/vivado_ad9238.runs/clk_wiz_0_synth_1/runme.log
export_simulation -of_objects [get_files e:/AX7010_2023.1-course_s1_fpga-18_ad9238_hdmi/vivado_ad9238/vivado_ad9238.srcs/sources_1/ip/clk_wiz_0/clk_wiz_0.xci] -directory E:/AX7010_2023.1-course_s1_fpga-18_ad9238_hdmi/vivado_ad9238/vivado_ad9238.ip_user_files/sim_scripts -ip_user_files_dir E:/AX7010_2023.1-course_s1_fpga-18_ad9238_hdmi/vivado_ad9238/vivado_ad9238.ip_user_files -ipstatic_source_dir E:/AX7010_2023.1-course_s1_fpga-18_ad9238_hdmi/vivado_ad9238/vivado_ad9238.ip_user_files/ipstatic -lib_map_path [list {modelsim=E:/AX7010_2023.1-course_s1_fpga-18_ad9238_hdmi/vivado_ad9238/vivado_ad9238.cache/compile_simlib/modelsim} {questa=E:/AX7010_2023.1-course_s1_fpga-18_ad9238_hdmi/vivado_ad9238/vivado_ad9238.cache/compile_simlib/questa} {riviera=E:/AX7010_2023.1-course_s1_fpga-18_ad9238_hdmi/vivado_ad9238/vivado_ad9238.cache/compile_simlib/riviera} {activehdl=E:/AX7010_2023.1-course_s1_fpga-18_ad9238_hdmi/vivado_ad9238/vivado_ad9238.cache/compile_simlib/activehdl}] -use_ip_compiled_libs -force -quiet
close [ open E:/AX7010_2023.1-course_s1_fpga-18_ad9238_hdmi/vivado_ad9238/vivado_ad9238.srcs/sources_1/new/wave_comparator.v w ]
add_files E:/AX7010_2023.1-course_s1_fpga-18_ad9238_hdmi/vivado_ad9238/vivado_ad9238.srcs/sources_1/new/wave_comparator.v
close [ open E:/AX7010_2023.1-course_s1_fpga-18_ad9238_hdmi/vivado_ad9238/vivado_ad9238.srcs/sources_1/new/wave_clk.v w ]
add_files E:/AX7010_2023.1-course_s1_fpga-18_ad9238_hdmi/vivado_ad9238/vivado_ad9238.srcs/sources_1/new/wave_clk.v
close [ open E:/AX7010_2023.1-course_s1_fpga-18_ad9238_hdmi/vivado_ad9238/vivado_ad9238.srcs/sources_1/new/wave.v w ]
add_files E:/AX7010_2023.1-course_s1_fpga-18_ad9238_hdmi/vivado_ad9238/vivado_ad9238.srcs/sources_1/new/wave.v
update_compile_order -fileset sources_1
WARNING: [IP_Flow 19-4067] Ignoring invalid widget type specified checkbox.Providing a default widget
WARNING: [IP_Flow 19-4067] Ignoring invalid widget type specified checkbox.Providing a default widget
WARNING: [IP_Flow 19-4067] Ignoring invalid widget type specified checkbox.Providing a default widget
WARNING: [IP_Flow 19-4067] Ignoring invalid widget type specified checkbox.Providing a default widget
WARNING: [IP_Flow 19-4067] Ignoring invalid widget type specified checkbox.Providing a default widget
WARNING: [IP_Flow 19-4067] Ignoring invalid widget type specified checkbox.Providing a default widget
INFO: [IP_Flow 19-3484] Absolute path of file 'e:/AX7010_2023.1-course_s1_fpga-18_ad9238_hdmi/vivado_ad9238/tool/triwave.coe' provided. It will be converted relative to IP Instance files '../../../../tool/triwave.coe'
create_ip -name blk_mem_gen -vendor xilinx.com -library ip -version 8.4 -module_name rom_tri -dir e:/AX7010_2023.1-course_s1_fpga-18_ad9238_hdmi/vivado_ad9238/vivado_ad9238.srcs/sources_1/ip
set_property -dict [list CONFIG.Component_Name {rom_tri} CONFIG.Write_Width_A {12} CONFIG.Write_Depth_A {100} CONFIG.Read_Width_A {12} CONFIG.Enable_A {Always_Enabled} CONFIG.Write_Width_B {12} CONFIG.Read_Width_B {12} CONFIG.Register_PortA_Output_of_Memory_Primitives {false} CONFIG.Load_Init_File {true} CONFIG.Coe_File {E:/AX7010_2023.1-course_s1_fpga-18_ad9238_hdmi/vivado_ad9238/tool/triwave.coe}] [get_ips rom_tri]
WARNING: [Vivado 12-3523] Attempt to change 'Component_Name' from 'rom_tri' to 'rom_tri' is not allowed and is ignored.
INFO: [IP_Flow 19-3484] Absolute path of file 'e:/AX7010_2023.1-course_s1_fpga-18_ad9238_hdmi/vivado_ad9238/tool/triwave.coe' provided. It will be converted relative to IP Instance files '../../../../tool/triwave.coe'
generate_target {instantiation_template} [get_files e:/AX7010_2023.1-course_s1_fpga-18_ad9238_hdmi/vivado_ad9238/vivado_ad9238.srcs/sources_1/ip/rom_tri/rom_tri.xci]
INFO: [IP_Flow 19-1686] Generating 'Instantiation Template' target for IP 'rom_tri'...
generate_target all [get_files  e:/AX7010_2023.1-course_s1_fpga-18_ad9238_hdmi/vivado_ad9238/vivado_ad9238.srcs/sources_1/ip/rom_tri/rom_tri.xci]
INFO: [IP_Flow 19-1686] Generating 'Synthesis' target for IP 'rom_tri'...
INFO: [IP_Flow 19-1686] Generating 'Simulation' target for IP 'rom_tri'...
INFO: [IP_Flow 19-1686] Generating 'Miscellaneous' target for IP 'rom_tri'...
INFO: [IP_Flow 19-1686] Generating 'Change Log' target for IP 'rom_tri'...
catch { config_ip_cache -export [get_ips -all rom_tri] }
INFO: [IP_Flow 19-4993] Using cached IP synthesis design for IP rom_tri, cache-ID = 25388d58752a4c51; cache size = 16.516 MB.
export_ip_user_files -of_objects [get_files e:/AX7010_2023.1-course_s1_fpga-18_ad9238_hdmi/vivado_ad9238/vivado_ad9238.srcs/sources_1/ip/rom_tri/rom_tri.xci] -no_script -sync -force -quiet
create_ip_run [get_files -of_objects [get_fileset sources_1] e:/AX7010_2023.1-course_s1_fpga-18_ad9238_hdmi/vivado_ad9238/vivado_ad9238.srcs/sources_1/ip/rom_tri/rom_tri.xci]
INFO: [Vivado 12-3453] The given sub-design is up-to-date, no action was taken.  If a run is still desired, use the '-force' option for the file:'e:/AX7010_2023.1-course_s1_fpga-18_ad9238_hdmi/vivado_ad9238/vivado_ad9238.srcs/sources_1/ip/rom_tri/rom_tri.xci'
export_simulation -of_objects [get_files e:/AX7010_2023.1-course_s1_fpga-18_ad9238_hdmi/vivado_ad9238/vivado_ad9238.srcs/sources_1/ip/rom_tri/rom_tri.xci] -directory E:/AX7010_2023.1-course_s1_fpga-18_ad9238_hdmi/vivado_ad9238/vivado_ad9238.ip_user_files/sim_scripts -ip_user_files_dir E:/AX7010_2023.1-course_s1_fpga-18_ad9238_hdmi/vivado_ad9238/vivado_ad9238.ip_user_files -ipstatic_source_dir E:/AX7010_2023.1-course_s1_fpga-18_ad9238_hdmi/vivado_ad9238/vivado_ad9238.ip_user_files/ipstatic -lib_map_path [list {modelsim=E:/AX7010_2023.1-course_s1_fpga-18_ad9238_hdmi/vivado_ad9238/vivado_ad9238.cache/compile_simlib/modelsim} {questa=E:/AX7010_2023.1-course_s1_fpga-18_ad9238_hdmi/vivado_ad9238/vivado_ad9238.cache/compile_simlib/questa} {riviera=E:/AX7010_2023.1-course_s1_fpga-18_ad9238_hdmi/vivado_ad9238/vivado_ad9238.cache/compile_simlib/riviera} {activehdl=E:/AX7010_2023.1-course_s1_fpga-18_ad9238_hdmi/vivado_ad9238/vivado_ad9238.cache/compile_simlib/activehdl}] -use_ip_compiled_libs -force -quiet
export_ip_user_files -of_objects  [get_files e:/AX7010_2023.1-course_s1_fpga-18_ad9238_hdmi/vivado_ad9238/vivado_ad9238.srcs/sources_1/ip/rom1/rom1.xci] -no_script -reset -force -quiet
remove_files  -fileset rom1 e:/AX7010_2023.1-course_s1_fpga-18_ad9238_hdmi/vivado_ad9238/vivado_ad9238.srcs/sources_1/ip/rom1/rom1.xci
INFO: [Project 1-386] Moving file 'e:/AX7010_2023.1-course_s1_fpga-18_ad9238_hdmi/vivado_ad9238/vivado_ad9238.srcs/sources_1/ip/rom1/rom1.xci' from fileset 'rom1' to fileset 'sources_1'.
update_compile_order -fileset sources_1
WARNING: [IP_Flow 19-4067] Ignoring invalid widget type specified checkbox.Providing a default widget
WARNING: [IP_Flow 19-4067] Ignoring invalid widget type specified checkbox.Providing a default widget
INFO: [IP_Flow 19-3484] Absolute path of file 'e:/AX7010_2023.1-course_s1_fpga-18_ad9238_hdmi/vivado_ad9238/tool/sinwave.coe' provided. It will be converted relative to IP Instance files '../../../../tool/sinwave.coe'
create_ip -name blk_mem_gen -vendor xilinx.com -library ip -version 8.4 -module_name rom_sin -dir e:/AX7010_2023.1-course_s1_fpga-18_ad9238_hdmi/vivado_ad9238/vivado_ad9238.srcs/sources_1/ip
set_property -dict [list CONFIG.Component_Name {rom_sin} CONFIG.Write_Width_A {12} CONFIG.Write_Depth_A {40000} CONFIG.Read_Width_A {12} CONFIG.Enable_A {Always_Enabled} CONFIG.Write_Width_B {12} CONFIG.Read_Width_B {12} CONFIG.Register_PortA_Output_of_Memory_Primitives {false} CONFIG.Load_Init_File {true} CONFIG.Coe_File {E:/AX7010_2023.1-course_s1_fpga-18_ad9238_hdmi/vivado_ad9238/tool/sinwave.coe}] [get_ips rom_sin]
WARNING: [Vivado 12-3523] Attempt to change 'Component_Name' from 'rom_sin' to 'rom_sin' is not allowed and is ignored.
INFO: [IP_Flow 19-3484] Absolute path of file 'e:/AX7010_2023.1-course_s1_fpga-18_ad9238_hdmi/vivado_ad9238/tool/sinwave.coe' provided. It will be converted relative to IP Instance files '../../../../tool/sinwave.coe'
generate_target {instantiation_template} [get_files e:/AX7010_2023.1-course_s1_fpga-18_ad9238_hdmi/vivado_ad9238/vivado_ad9238.srcs/sources_1/ip/rom_sin/rom_sin.xci]
INFO: [IP_Flow 19-1686] Generating 'Instantiation Template' target for IP 'rom_sin'...
generate_target all [get_files  e:/AX7010_2023.1-course_s1_fpga-18_ad9238_hdmi/vivado_ad9238/vivado_ad9238.srcs/sources_1/ip/rom_sin/rom_sin.xci]
INFO: [IP_Flow 19-1686] Generating 'Synthesis' target for IP 'rom_sin'...
INFO: [IP_Flow 19-1686] Generating 'Simulation' target for IP 'rom_sin'...
INFO: [IP_Flow 19-1686] Generating 'Miscellaneous' target for IP 'rom_sin'...
INFO: [IP_Flow 19-1686] Generating 'Change Log' target for IP 'rom_sin'...
catch { config_ip_cache -export [get_ips -all rom_sin] }
INFO: [IP_Flow 19-4993] Using cached IP synthesis design for IP rom_sin, cache-ID = dabab0218dfca164; cache size = 16.516 MB.
export_ip_user_files -of_objects [get_files e:/AX7010_2023.1-course_s1_fpga-18_ad9238_hdmi/vivado_ad9238/vivado_ad9238.srcs/sources_1/ip/rom_sin/rom_sin.xci] -no_script -sync -force -quiet
create_ip_run [get_files -of_objects [get_fileset sources_1] e:/AX7010_2023.1-course_s1_fpga-18_ad9238_hdmi/vivado_ad9238/vivado_ad9238.srcs/sources_1/ip/rom_sin/rom_sin.xci]
INFO: [Vivado 12-3453] The given sub-design is up-to-date, no action was taken.  If a run is still desired, use the '-force' option for the file:'e:/AX7010_2023.1-course_s1_fpga-18_ad9238_hdmi/vivado_ad9238/vivado_ad9238.srcs/sources_1/ip/rom_sin/rom_sin.xci'
export_simulation -of_objects [get_files e:/AX7010_2023.1-course_s1_fpga-18_ad9238_hdmi/vivado_ad9238/vivado_ad9238.srcs/sources_1/ip/rom_sin/rom_sin.xci] -directory E:/AX7010_2023.1-course_s1_fpga-18_ad9238_hdmi/vivado_ad9238/vivado_ad9238.ip_user_files/sim_scripts -ip_user_files_dir E:/AX7010_2023.1-course_s1_fpga-18_ad9238_hdmi/vivado_ad9238/vivado_ad9238.ip_user_files -ipstatic_source_dir E:/AX7010_2023.1-course_s1_fpga-18_ad9238_hdmi/vivado_ad9238/vivado_ad9238.ip_user_files/ipstatic -lib_map_path [list {modelsim=E:/AX7010_2023.1-course_s1_fpga-18_ad9238_hdmi/vivado_ad9238/vivado_ad9238.cache/compile_simlib/modelsim} {questa=E:/AX7010_2023.1-course_s1_fpga-18_ad9238_hdmi/vivado_ad9238/vivado_ad9238.cache/compile_simlib/questa} {riviera=E:/AX7010_2023.1-course_s1_fpga-18_ad9238_hdmi/vivado_ad9238/vivado_ad9238.cache/compile_simlib/riviera} {activehdl=E:/AX7010_2023.1-course_s1_fpga-18_ad9238_hdmi/vivado_ad9238/vivado_ad9238.cache/compile_simlib/activehdl}] -use_ip_compiled_libs -force -quiet
export_ip_user_files -of_objects  [get_files e:/AX7010_2023.1-course_s1_fpga-18_ad9238_hdmi/vivado_ad9238/vivado_ad9238.srcs/sources_1/ip/blk_mem_gen_0_1/blk_mem_gen_0.xci] -no_script -reset -force -quiet
remove_files  -fileset blk_mem_gen_0 e:/AX7010_2023.1-course_s1_fpga-18_ad9238_hdmi/vivado_ad9238/vivado_ad9238.srcs/sources_1/ip/blk_mem_gen_0_1/blk_mem_gen_0.xci
INFO: [Project 1-386] Moving file 'e:/AX7010_2023.1-course_s1_fpga-18_ad9238_hdmi/vivado_ad9238/vivado_ad9238.srcs/sources_1/ip/blk_mem_gen_0_1/blk_mem_gen_0.xci' from fileset 'blk_mem_gen_0' to fileset 'sources_1'.
update_compile_order -fileset sources_1
set_property -dict [list CONFIG.CLKOUT1_REQUESTED_OUT_FREQ {80} CONFIG.MMCM_CLKFBOUT_MULT_F {24} CONFIG.MMCM_CLKOUT0_DIVIDE_F {15} CONFIG.CLKOUT1_JITTER {146.190} CONFIG.CLKOUT1_PHASE_ERROR {154.678}] [get_ips clk_wiz_0]
generate_target all [get_files  e:/AX7010_2023.1-course_s1_fpga-18_ad9238_hdmi/vivado_ad9238/vivado_ad9238.srcs/sources_1/ip/clk_wiz_0/clk_wiz_0.xci]
INFO: [IP_Flow 19-1686] Generating 'Instantiation Template' target for IP 'clk_wiz_0'...
INFO: [IP_Flow 19-1686] Generating 'Synthesis' target for IP 'clk_wiz_0'...
INFO: [IP_Flow 19-1686] Generating 'Simulation' target for IP 'clk_wiz_0'...
INFO: [IP_Flow 19-1686] Generating 'Implementation' target for IP 'clk_wiz_0'...
INFO: [IP_Flow 19-1686] Generating 'Change Log' target for IP 'clk_wiz_0'...
catch { config_ip_cache -export [get_ips -all clk_wiz_0] }
export_ip_user_files -of_objects [get_files e:/AX7010_2023.1-course_s1_fpga-18_ad9238_hdmi/vivado_ad9238/vivado_ad9238.srcs/sources_1/ip/clk_wiz_0/clk_wiz_0.xci] -no_script -sync -force -quiet
reset_run clk_wiz_0_synth_1
WARNING: [Vivado 12-1017] Problems encountered:
1. Failed to delete one or more files in run directory E:/AX7010_2023.1-course_s1_fpga-18_ad9238_hdmi/vivado_ad9238/vivado_ad9238.runs/clk_wiz_0_synth_1

launch_runs clk_wiz_0_synth_1 -jobs 16
[Sun Nov 24 14:58:11 2024] Launched clk_wiz_0_synth_1...
Run output will be captured here: E:/AX7010_2023.1-course_s1_fpga-18_ad9238_hdmi/vivado_ad9238/vivado_ad9238.runs/clk_wiz_0_synth_1/runme.log
export_simulation -of_objects [get_files e:/AX7010_2023.1-course_s1_fpga-18_ad9238_hdmi/vivado_ad9238/vivado_ad9238.srcs/sources_1/ip/clk_wiz_0/clk_wiz_0.xci] -directory E:/AX7010_2023.1-course_s1_fpga-18_ad9238_hdmi/vivado_ad9238/vivado_ad9238.ip_user_files/sim_scripts -ip_user_files_dir E:/AX7010_2023.1-course_s1_fpga-18_ad9238_hdmi/vivado_ad9238/vivado_ad9238.ip_user_files -ipstatic_source_dir E:/AX7010_2023.1-course_s1_fpga-18_ad9238_hdmi/vivado_ad9238/vivado_ad9238.ip_user_files/ipstatic -lib_map_path [list {modelsim=E:/AX7010_2023.1-course_s1_fpga-18_ad9238_hdmi/vivado_ad9238/vivado_ad9238.cache/compile_simlib/modelsim} {questa=E:/AX7010_2023.1-course_s1_fpga-18_ad9238_hdmi/vivado_ad9238/vivado_ad9238.cache/compile_simlib/questa} {riviera=E:/AX7010_2023.1-course_s1_fpga-18_ad9238_hdmi/vivado_ad9238/vivado_ad9238.cache/compile_simlib/riviera} {activehdl=E:/AX7010_2023.1-course_s1_fpga-18_ad9238_hdmi/vivado_ad9238/vivado_ad9238.cache/compile_simlib/activehdl}] -use_ip_compiled_libs -force -quiet
update_compile_order -fileset sources_1
reset_run synth_1
WARNING: [Vivado 12-1017] Problems encountered:
1. Failed to delete one or more files in run directory E:/AX7010_2023.1-course_s1_fpga-18_ad9238_hdmi/vivado_ad9238/vivado_ad9238.runs/synth_1

launch_runs synth_1 -jobs 16
INFO: [Vivado 12-4149] The synthesis checkpoint for IP 'e:/AX7010_2023.1-course_s1_fpga-18_ad9238_hdmi/vivado_ad9238/vivado_ad9238.srcs/sources_1/ip/rom_sin/rom_sin.xci' is already up-to-date
INFO: [Vivado 12-4149] The synthesis checkpoint for IP 'e:/AX7010_2023.1-course_s1_fpga-18_ad9238_hdmi/vivado_ad9238/vivado_ad9238.srcs/sources_1/ip/rom_tri/rom_tri.xci' is already up-to-date
[Sun Nov 24 15:00:07 2024] Launched synth_1...
Run output will be captured here: E:/AX7010_2023.1-course_s1_fpga-18_ad9238_hdmi/vivado_ad9238/vivado_ad9238.runs/synth_1/runme.log
close_design
close_design: Time (s): cpu = 00:00:07 ; elapsed = 00:00:08 . Memory (MB): peak = 5135.277 ; gain = 1078.930
open_run synth_1 -name synth_1
Design is defaulting to impl run constrset: constrs_1
Design is defaulting to synth run part: xc7z010clg400-1
INFO: [Project 1-454] Reading design checkpoint 'e:/AX7010_2023.1-course_s1_fpga-18_ad9238_hdmi/vivado_ad9238/vivado_ad9238.srcs/sources_1/ip/adc_pll/adc_pll.dcp' for cell 'adc_pll_m0'
INFO: [Project 1-454] Reading design checkpoint 'e:/AX7010_2023.1-course_s1_fpga-18_ad9238_hdmi/vivado_ad9238/vivado_ad9238.srcs/sources_1/ip/ila_0/ila_0.dcp' for cell 'ila_0_inst'
INFO: [Project 1-454] Reading design checkpoint 'e:/AX7010_2023.1-course_s1_fpga-18_ad9238_hdmi/vivado_ad9238/vivado_ad9238.srcs/sources_1/ip/rgb2dvi_0/rgb2dvi_0.dcp' for cell 'rgb2dvi_m0'
INFO: [Project 1-454] Reading design checkpoint 'e:/AX7010_2023.1-course_s1_fpga-18_ad9238_hdmi/vivado_ad9238/vivado_ad9238.srcs/sources_1/ip/video_pll/video_pll.dcp' for cell 'video_pll_m0'
INFO: [Project 1-454] Reading design checkpoint 'e:/AX7010_2023.1-course_s1_fpga-18_ad9238_hdmi/vivado_ad9238/vivado_ad9238.srcs/sources_1/ip/dpram2048x8/dpram2048x8.dcp' for cell 'wav_display_m0/buffer'
INFO: [Project 1-454] Reading design checkpoint 'e:/AX7010_2023.1-course_s1_fpga-18_ad9238_hdmi/vivado_ad9238/vivado_ad9238.srcs/sources_1/ip/clk_wiz_0/clk_wiz_0.dcp' for cell 'wave_inst/wave_clk/clk_generator'
INFO: [Project 1-454] Reading design checkpoint 'e:/AX7010_2023.1-course_s1_fpga-18_ad9238_hdmi/vivado_ad9238/vivado_ad9238.srcs/sources_1/ip/rom_tri/rom_tri.dcp' for cell 'wave_inst/wave_comparator/rom_ip1'
INFO: [Project 1-454] Reading design checkpoint 'e:/AX7010_2023.1-course_s1_fpga-18_ad9238_hdmi/vivado_ad9238/vivado_ad9238.srcs/sources_1/ip/rom_sin/rom_sin.dcp' for cell 'wave_inst/wave_comparator/rom_ip2'
Netlist sorting complete. Time (s): cpu = 00:00:00 ; elapsed = 00:00:00.046 . Memory (MB): peak = 5144.215 ; gain = 0.000
INFO: [Netlist 29-17] Analyzing 187 Unisim elements for replacement
INFO: [Netlist 29-28] Unisim Transformation completed in 0 CPU seconds
INFO: [Project 1-479] Netlist was created with Vivado 2020.1
INFO: [Project 1-570] Preparing netlist for logic optimization
WARNING: [Opt 31-35] Removing redundant IBUF, video_pll_m0/inst/clkin1_ibufg, from the path connected to top-level port: sys_clk 
Resolution: The tool has removed redundant IBUF. To resolve this warning, check for redundant IBUF in the input design.
WARNING: [Opt 31-35] Removing redundant IBUF, wave_inst/wave_clk/clk_generator/inst/clkin1_ibufg, from the path connected to top-level port: sys_clk 
Resolution: The tool has removed redundant IBUF. To resolve this warning, check for redundant IBUF in the input design.
WARNING: [Constraints 18-550] Could not create 'IBUF_LOW_PWR' constraint because net 'video_pll_m0/clk_in1' is not directly connected to top level port. Synthesis is ignored for IBUF_LOW_PWR but preserved for implementation.
WARNING: [Constraints 18-550] Could not create 'IBUF_LOW_PWR' constraint because net 'wave_inst/wave_clk/clk_generator/clk_in1' is not directly connected to top level port. Synthesis is ignored for IBUF_LOW_PWR but preserved for implementation.
INFO: [Chipscope 16-324] Core: ila_0_inst UUID: d8923df3-e0ca-58ef-8f94-7de50e816f31 
Parsing XDC File [e:/AX7010_2023.1-course_s1_fpga-18_ad9238_hdmi/vivado_ad9238/vivado_ad9238.srcs/sources_1/ip/rgb2dvi_0/src/rgb2dvi.xdc] for cell 'rgb2dvi_m0/U0'
Finished Parsing XDC File [e:/AX7010_2023.1-course_s1_fpga-18_ad9238_hdmi/vivado_ad9238/vivado_ad9238.srcs/sources_1/ip/rgb2dvi_0/src/rgb2dvi.xdc] for cell 'rgb2dvi_m0/U0'
Parsing XDC File [e:/AX7010_2023.1-course_s1_fpga-18_ad9238_hdmi/vivado_ad9238/vivado_ad9238.srcs/sources_1/ip/video_pll/video_pll_board.xdc] for cell 'video_pll_m0/inst'
Finished Parsing XDC File [e:/AX7010_2023.1-course_s1_fpga-18_ad9238_hdmi/vivado_ad9238/vivado_ad9238.srcs/sources_1/ip/video_pll/video_pll_board.xdc] for cell 'video_pll_m0/inst'
Parsing XDC File [e:/AX7010_2023.1-course_s1_fpga-18_ad9238_hdmi/vivado_ad9238/vivado_ad9238.srcs/sources_1/ip/video_pll/video_pll.xdc] for cell 'video_pll_m0/inst'
INFO: [Timing 38-35] Done setting XDC timing constraints. [e:/AX7010_2023.1-course_s1_fpga-18_ad9238_hdmi/vivado_ad9238/vivado_ad9238.srcs/sources_1/ip/video_pll/video_pll.xdc:57]
INFO: [Timing 38-2] Deriving generated clocks [e:/AX7010_2023.1-course_s1_fpga-18_ad9238_hdmi/vivado_ad9238/vivado_ad9238.srcs/sources_1/ip/video_pll/video_pll.xdc:57]
Finished Parsing XDC File [e:/AX7010_2023.1-course_s1_fpga-18_ad9238_hdmi/vivado_ad9238/vivado_ad9238.srcs/sources_1/ip/video_pll/video_pll.xdc] for cell 'video_pll_m0/inst'
Parsing XDC File [e:/AX7010_2023.1-course_s1_fpga-18_ad9238_hdmi/vivado_ad9238/vivado_ad9238.srcs/sources_1/ip/adc_pll/adc_pll_board.xdc] for cell 'adc_pll_m0/inst'
Finished Parsing XDC File [e:/AX7010_2023.1-course_s1_fpga-18_ad9238_hdmi/vivado_ad9238/vivado_ad9238.srcs/sources_1/ip/adc_pll/adc_pll_board.xdc] for cell 'adc_pll_m0/inst'
Parsing XDC File [e:/AX7010_2023.1-course_s1_fpga-18_ad9238_hdmi/vivado_ad9238/vivado_ad9238.srcs/sources_1/ip/adc_pll/adc_pll.xdc] for cell 'adc_pll_m0/inst'
Finished Parsing XDC File [e:/AX7010_2023.1-course_s1_fpga-18_ad9238_hdmi/vivado_ad9238/vivado_ad9238.srcs/sources_1/ip/adc_pll/adc_pll.xdc] for cell 'adc_pll_m0/inst'
Parsing XDC File [e:/AX7010_2023.1-course_s1_fpga-18_ad9238_hdmi/vivado_ad9238/vivado_ad9238.srcs/sources_1/ip/ila_0/ila_v6_2/constraints/ila_impl.xdc] for cell 'ila_0_inst/inst'
Finished Parsing XDC File [e:/AX7010_2023.1-course_s1_fpga-18_ad9238_hdmi/vivado_ad9238/vivado_ad9238.srcs/sources_1/ip/ila_0/ila_v6_2/constraints/ila_impl.xdc] for cell 'ila_0_inst/inst'
Parsing XDC File [e:/AX7010_2023.1-course_s1_fpga-18_ad9238_hdmi/vivado_ad9238/vivado_ad9238.srcs/sources_1/ip/ila_0/ila_v6_2/constraints/ila.xdc] for cell 'ila_0_inst/inst'
Finished Parsing XDC File [e:/AX7010_2023.1-course_s1_fpga-18_ad9238_hdmi/vivado_ad9238/vivado_ad9238.srcs/sources_1/ip/ila_0/ila_v6_2/constraints/ila.xdc] for cell 'ila_0_inst/inst'
Parsing XDC File [e:/AX7010_2023.1-course_s1_fpga-18_ad9238_hdmi/vivado_ad9238/vivado_ad9238.srcs/sources_1/ip/clk_wiz_0/clk_wiz_0_board.xdc] for cell 'wave_inst/wave_clk/clk_generator/inst'
Finished Parsing XDC File [e:/AX7010_2023.1-course_s1_fpga-18_ad9238_hdmi/vivado_ad9238/vivado_ad9238.srcs/sources_1/ip/clk_wiz_0/clk_wiz_0_board.xdc] for cell 'wave_inst/wave_clk/clk_generator/inst'
Parsing XDC File [e:/AX7010_2023.1-course_s1_fpga-18_ad9238_hdmi/vivado_ad9238/vivado_ad9238.srcs/sources_1/ip/clk_wiz_0/clk_wiz_0.xdc] for cell 'wave_inst/wave_clk/clk_generator/inst'
INFO: [Timing 38-2] Deriving generated clocks [e:/AX7010_2023.1-course_s1_fpga-18_ad9238_hdmi/vivado_ad9238/vivado_ad9238.srcs/sources_1/ip/clk_wiz_0/clk_wiz_0.xdc:57]
Finished Parsing XDC File [e:/AX7010_2023.1-course_s1_fpga-18_ad9238_hdmi/vivado_ad9238/vivado_ad9238.srcs/sources_1/ip/clk_wiz_0/clk_wiz_0.xdc] for cell 'wave_inst/wave_clk/clk_generator/inst'
Parsing XDC File [E:/AX7010_2023.1-course_s1_fpga-18_ad9238_hdmi/vivado_ad9238/vivado_ad9238.srcs/constrs_1/new/ad9238_hdmi.xdc]
Finished Parsing XDC File [E:/AX7010_2023.1-course_s1_fpga-18_ad9238_hdmi/vivado_ad9238/vivado_ad9238.srcs/constrs_1/new/ad9238_hdmi.xdc]
Parsing XDC File [e:/AX7010_2023.1-course_s1_fpga-18_ad9238_hdmi/vivado_ad9238/vivado_ad9238.srcs/sources_1/ip/rgb2dvi_0/src/rgb2dvi_clocks.xdc] for cell 'rgb2dvi_m0/U0'
Finished Parsing XDC File [e:/AX7010_2023.1-course_s1_fpga-18_ad9238_hdmi/vivado_ad9238/vivado_ad9238.srcs/sources_1/ip/rgb2dvi_0/src/rgb2dvi_clocks.xdc] for cell 'rgb2dvi_m0/U0'
Parsing XDC File [e:/AX7010_2023.1-course_s1_fpga-18_ad9238_hdmi/vivado_ad9238/vivado_ad9238.srcs/sources_1/ip/adc_pll/adc_pll_late.xdc] for cell 'adc_pll_m0/inst'
Finished Parsing XDC File [e:/AX7010_2023.1-course_s1_fpga-18_ad9238_hdmi/vivado_ad9238/vivado_ad9238.srcs/sources_1/ip/adc_pll/adc_pll_late.xdc] for cell 'adc_pll_m0/inst'
INFO: [Opt 31-138] Pushed 0 inverter(s) to 0 load pin(s).
Netlist sorting complete. Time (s): cpu = 00:00:00 ; elapsed = 00:00:00.001 . Memory (MB): peak = 5226.227 ; gain = 0.000
INFO: [Project 1-111] Unisim Transformation Summary:
  A total of 60 instances were transformed.
  CFGLUT5 => CFGLUT5 (SRL16E, SRLC32E): 60 instances

place_ports ALI W19
place_ports BLI W18
save_constraints
launch_runs impl_1 -jobs 16
INFO: [Vivado 12-4149] The synthesis checkpoint for IP 'e:/AX7010_2023.1-course_s1_fpga-18_ad9238_hdmi/vivado_ad9238/vivado_ad9238.srcs/sources_1/ip/rom_sin/rom_sin.xci' is already up-to-date
INFO: [Vivado 12-4149] The synthesis checkpoint for IP 'e:/AX7010_2023.1-course_s1_fpga-18_ad9238_hdmi/vivado_ad9238/vivado_ad9238.srcs/sources_1/ip/rom_tri/rom_tri.xci' is already up-to-date
INFO: [Timing 38-480] Writing timing data to binary archive.
Writing placer database...
Writing XDEF routing.
Writing XDEF routing logical nets.
Writing XDEF routing special nets.
Write XDEF Complete: Time (s): cpu = 00:00:00 ; elapsed = 00:00:00.072 . Memory (MB): peak = 5226.227 ; gain = 0.000
[Sun Nov 24 15:03:28 2024] Launched impl_1...
Run output will be captured here: E:/AX7010_2023.1-course_s1_fpga-18_ad9238_hdmi/vivado_ad9238/vivado_ad9238.runs/impl_1/runme.log
set_property IOSTANDARD LVCMOS33 [get_ports [list BLI]]
set_property IOSTANDARD LVCMOS33 [get_ports [list ALI]]
save_constraints
reset_run impl_1
launch_runs impl_1 -jobs 16
INFO: [Vivado 12-4149] The synthesis checkpoint for IP 'e:/AX7010_2023.1-course_s1_fpga-18_ad9238_hdmi/vivado_ad9238/vivado_ad9238.srcs/sources_1/ip/rom_sin/rom_sin.xci' is already up-to-date
INFO: [Vivado 12-4149] The synthesis checkpoint for IP 'e:/AX7010_2023.1-course_s1_fpga-18_ad9238_hdmi/vivado_ad9238/vivado_ad9238.srcs/sources_1/ip/rom_tri/rom_tri.xci' is already up-to-date
INFO: [Timing 38-480] Writing timing data to binary archive.
Writing placer database...
Writing XDEF routing.
Writing XDEF routing logical nets.
Writing XDEF routing special nets.
Write XDEF Complete: Time (s): cpu = 00:00:00 ; elapsed = 00:00:00.034 . Memory (MB): peak = 5226.227 ; gain = 0.000
[Sun Nov 24 15:07:44 2024] Launched impl_1...
Run output will be captured here: E:/AX7010_2023.1-course_s1_fpga-18_ad9238_hdmi/vivado_ad9238/vivado_ad9238.runs/impl_1/runme.log
ERROR: [Labtoolstcl 44-513] HW Target shutdown. Closing target: localhost:3121/xilinx_tcf/Digilent/210512180081
set_property -dict [list CONFIG.PRIM_SOURCE {Global_buffer}] [get_ips clk_wiz_0]
generate_target all [get_files  e:/AX7010_2023.1-course_s1_fpga-18_ad9238_hdmi/vivado_ad9238/vivado_ad9238.srcs/sources_1/ip/clk_wiz_0/clk_wiz_0.xci]
INFO: [IP_Flow 19-1686] Generating 'Instantiation Template' target for IP 'clk_wiz_0'...
INFO: [IP_Flow 19-1686] Generating 'Synthesis' target for IP 'clk_wiz_0'...
INFO: [IP_Flow 19-1686] Generating 'Simulation' target for IP 'clk_wiz_0'...
INFO: [IP_Flow 19-1686] Generating 'Implementation' target for IP 'clk_wiz_0'...
INFO: [IP_Flow 19-1686] Generating 'Change Log' target for IP 'clk_wiz_0'...
catch { config_ip_cache -export [get_ips -all clk_wiz_0] }
export_ip_user_files -of_objects [get_files e:/AX7010_2023.1-course_s1_fpga-18_ad9238_hdmi/vivado_ad9238/vivado_ad9238.srcs/sources_1/ip/clk_wiz_0/clk_wiz_0.xci] -no_script -sync -force -quiet
reset_run clk_wiz_0_synth_1
WARNING: [Vivado 12-1017] Problems encountered:
1. Failed to delete one or more files in run directory E:/AX7010_2023.1-course_s1_fpga-18_ad9238_hdmi/vivado_ad9238/vivado_ad9238.runs/clk_wiz_0_synth_1

launch_runs clk_wiz_0_synth_1 -jobs 16
[Sun Nov 24 15:36:04 2024] Launched clk_wiz_0_synth_1...
Run output will be captured here: E:/AX7010_2023.1-course_s1_fpga-18_ad9238_hdmi/vivado_ad9238/vivado_ad9238.runs/clk_wiz_0_synth_1/runme.log
export_simulation -of_objects [get_files e:/AX7010_2023.1-course_s1_fpga-18_ad9238_hdmi/vivado_ad9238/vivado_ad9238.srcs/sources_1/ip/clk_wiz_0/clk_wiz_0.xci] -directory E:/AX7010_2023.1-course_s1_fpga-18_ad9238_hdmi/vivado_ad9238/vivado_ad9238.ip_user_files/sim_scripts -ip_user_files_dir E:/AX7010_2023.1-course_s1_fpga-18_ad9238_hdmi/vivado_ad9238/vivado_ad9238.ip_user_files -ipstatic_source_dir E:/AX7010_2023.1-course_s1_fpga-18_ad9238_hdmi/vivado_ad9238/vivado_ad9238.ip_user_files/ipstatic -lib_map_path [list {modelsim=E:/AX7010_2023.1-course_s1_fpga-18_ad9238_hdmi/vivado_ad9238/vivado_ad9238.cache/compile_simlib/modelsim} {questa=E:/AX7010_2023.1-course_s1_fpga-18_ad9238_hdmi/vivado_ad9238/vivado_ad9238.cache/compile_simlib/questa} {riviera=E:/AX7010_2023.1-course_s1_fpga-18_ad9238_hdmi/vivado_ad9238/vivado_ad9238.cache/compile_simlib/riviera} {activehdl=E:/AX7010_2023.1-course_s1_fpga-18_ad9238_hdmi/vivado_ad9238/vivado_ad9238.cache/compile_simlib/activehdl}] -use_ip_compiled_libs -force -quiet
reset_run synth_1
WARNING: [Vivado 12-1017] Problems encountered:
1. Failed to delete one or more files in run directory E:/AX7010_2023.1-course_s1_fpga-18_ad9238_hdmi/vivado_ad9238/vivado_ad9238.runs/synth_1

launch_runs synth_1 -jobs 16
INFO: [Vivado 12-4149] The synthesis checkpoint for IP 'e:/AX7010_2023.1-course_s1_fpga-18_ad9238_hdmi/vivado_ad9238/vivado_ad9238.srcs/sources_1/ip/rom_sin/rom_sin.xci' is already up-to-date
INFO: [Vivado 12-4149] The synthesis checkpoint for IP 'e:/AX7010_2023.1-course_s1_fpga-18_ad9238_hdmi/vivado_ad9238/vivado_ad9238.srcs/sources_1/ip/rom_tri/rom_tri.xci' is already up-to-date
[Sun Nov 24 15:36:12 2024] Launched clk_wiz_0_synth_1...
Run output will be captured here: E:/AX7010_2023.1-course_s1_fpga-18_ad9238_hdmi/vivado_ad9238/vivado_ad9238.runs/clk_wiz_0_synth_1/runme.log
[Sun Nov 24 15:36:12 2024] Launched synth_1...
Run output will be captured here: E:/AX7010_2023.1-course_s1_fpga-18_ad9238_hdmi/vivado_ad9238/vivado_ad9238.runs/synth_1/runme.log
launch_runs impl_1 -jobs 16
INFO: [Vivado 12-4149] The synthesis checkpoint for IP 'e:/AX7010_2023.1-course_s1_fpga-18_ad9238_hdmi/vivado_ad9238/vivado_ad9238.srcs/sources_1/ip/rom_sin/rom_sin.xci' is already up-to-date
INFO: [Vivado 12-4149] The synthesis checkpoint for IP 'e:/AX7010_2023.1-course_s1_fpga-18_ad9238_hdmi/vivado_ad9238/vivado_ad9238.srcs/sources_1/ip/rom_tri/rom_tri.xci' is already up-to-date
WARNING: [Project 1-478] Design 'synth_1' is stale and will not be used when launching 'impl_1'
[Sun Nov 24 15:37:09 2024] Launched impl_1...
Run output will be captured here: E:/AX7010_2023.1-course_s1_fpga-18_ad9238_hdmi/vivado_ad9238/vivado_ad9238.runs/impl_1/runme.log
launch_runs impl_1 -to_step write_bitstream -jobs 16
INFO: [Vivado 12-4149] The synthesis checkpoint for IP 'e:/AX7010_2023.1-course_s1_fpga-18_ad9238_hdmi/vivado_ad9238/vivado_ad9238.srcs/sources_1/ip/rom_sin/rom_sin.xci' is already up-to-date
INFO: [Vivado 12-4149] The synthesis checkpoint for IP 'e:/AX7010_2023.1-course_s1_fpga-18_ad9238_hdmi/vivado_ad9238/vivado_ad9238.srcs/sources_1/ip/rom_tri/rom_tri.xci' is already up-to-date
[Sun Nov 24 15:38:31 2024] Launched impl_1...
Run output will be captured here: E:/AX7010_2023.1-course_s1_fpga-18_ad9238_hdmi/vivado_ad9238/vivado_ad9238.runs/impl_1/runme.log
INFO: [Labtoolstcl 44-466] Opening hw_target localhost:3121/xilinx_tcf/Digilent/210512180081
WARNING: [Labtoolstcl 44-129] No matching hw_ila_data was found.
INFO: [Labtools 27-1434] Device xc7z010 (JTAG device index = 1) is programmed with a design that has no supported debug core(s) in it.
WARNING: [Labtools 27-3361] The debug hub core was not detected.
Resolution: 
1. Make sure the clock connected to the debug hub (dbg_hub) core is a free running clock and is active.
2. Make sure the BSCAN_SWITCH_USER_MASK device property in Vivado Hardware Manager reflects the user scan chain setting in the design and refresh the device.  To determine the user scan chain setting in the design, open the implemented design and use 'get_property C_USER_SCAN_CHAIN [get_debug_cores dbg_hub]'.
For more details on setting the scan chain property, consult the Vivado Debug and Programming User Guide (UG908).
WARNING: [Labtools 27-3413] Dropping logic core with cellname:'ila_0_inst' at location 'uuid_D8923DF3E0CA58EF8F947DE50E816F31' from probes file, since it cannot be found on the programmed device.
WARNING: [Labtoolstcl 44-129] No matching hw_ila_data was found.
set_property PROBES.FILE {E:/AX7010_2023.1-course_s1_fpga-18_ad9238_hdmi/vivado_ad9238/vivado_ad9238.runs/impl_1/top.ltx} [get_hw_devices xc7z010_1]
set_property FULL_PROBES.FILE {E:/AX7010_2023.1-course_s1_fpga-18_ad9238_hdmi/vivado_ad9238/vivado_ad9238.runs/impl_1/top.ltx} [get_hw_devices xc7z010_1]
set_property PROGRAM.FILE {E:/AX7010_2023.1-course_s1_fpga-18_ad9238_hdmi/vivado_ad9238/vivado_ad9238.runs/impl_1/top.bit} [get_hw_devices xc7z010_1]
program_hw_devices [get_hw_devices xc7z010_1]
INFO: [Labtools 27-3164] End of startup status: HIGH
refresh_hw_device [lindex [get_hw_devices xc7z010_1] 0]
INFO: [Labtools 27-2302] Device xc7z010 (JTAG device index = 1) is programmed with a design that has 1 ILA core(s).
display_hw_ila_data [ get_hw_ila_data hw_ila_data_1 -of_objects [get_hw_ilas -of_objects [get_hw_devices xc7z010_1] -filter {CELL_NAME=~"ila_0_inst"}]]
ERROR: [Labtoolstcl 44-513] HW Target shutdown. Closing target: localhost:3121/xilinx_tcf/Digilent/210512180081
INFO: [Labtoolstcl 44-466] Opening hw_target localhost:3121/xilinx_tcf/Digilent/210512180081
WARNING: [Labtoolstcl 44-129] No matching hw_ila_data was found.
INFO: [Labtools 27-1434] Device xc7z010 (JTAG device index = 1) is programmed with a design that has no supported debug core(s) in it.
WARNING: [Labtools 27-3361] The debug hub core was not detected.
Resolution: 
1. Make sure the clock connected to the debug hub (dbg_hub) core is a free running clock and is active.
2. Make sure the BSCAN_SWITCH_USER_MASK device property in Vivado Hardware Manager reflects the user scan chain setting in the design and refresh the device.  To determine the user scan chain setting in the design, open the implemented design and use 'get_property C_USER_SCAN_CHAIN [get_debug_cores dbg_hub]'.
For more details on setting the scan chain property, consult the Vivado Debug and Programming User Guide (UG908).
WARNING: [Labtools 27-3413] Dropping logic core with cellname:'ila_0_inst' at location 'uuid_D8923DF3E0CA58EF8F947DE50E816F31' from probes file, since it cannot be found on the programmed device.
WARNING: [Labtoolstcl 44-129] No matching hw_ila_data was found.
ERROR: [Labtoolstcl 44-513] HW Target shutdown. Closing target: localhost:3121/xilinx_tcf/Digilent/210512180081
INFO: [Labtoolstcl 44-466] Opening hw_target localhost:3121/xilinx_tcf/Digilent/210512180081
WARNING: [Labtoolstcl 44-129] No matching hw_ila_data was found.
INFO: [Labtools 27-1434] Device xc7z010 (JTAG device index = 1) is programmed with a design that has no supported debug core(s) in it.
WARNING: [Labtools 27-3361] The debug hub core was not detected.
Resolution: 
1. Make sure the clock connected to the debug hub (dbg_hub) core is a free running clock and is active.
2. Make sure the BSCAN_SWITCH_USER_MASK device property in Vivado Hardware Manager reflects the user scan chain setting in the design and refresh the device.  To determine the user scan chain setting in the design, open the implemented design and use 'get_property C_USER_SCAN_CHAIN [get_debug_cores dbg_hub]'.
For more details on setting the scan chain property, consult the Vivado Debug and Programming User Guide (UG908).
WARNING: [Labtools 27-3413] Dropping logic core with cellname:'ila_0_inst' at location 'uuid_D8923DF3E0CA58EF8F947DE50E816F31' from probes file, since it cannot be found on the programmed device.
WARNING: [Labtoolstcl 44-129] No matching hw_ila_data was found.
refresh_hw_device [lindex [get_hw_devices xc7z010_1] 0]
INFO: [Labtools 27-1434] Device xc7z010 (JTAG device index = 1) is programmed with a design that has no supported debug core(s) in it.
WARNING: [Labtools 27-3361] The debug hub core was not detected.
Resolution: 
1. Make sure the clock connected to the debug hub (dbg_hub) core is a free running clock and is active.
2. Make sure the BSCAN_SWITCH_USER_MASK device property in Vivado Hardware Manager reflects the user scan chain setting in the design and refresh the device.  To determine the user scan chain setting in the design, open the implemented design and use 'get_property C_USER_SCAN_CHAIN [get_debug_cores dbg_hub]'.
For more details on setting the scan chain property, consult the Vivado Debug and Programming User Guide (UG908).
WARNING: [Labtools 27-3413] Dropping logic core with cellname:'ila_0_inst' at location 'uuid_D8923DF3E0CA58EF8F947DE50E816F31' from probes file, since it cannot be found on the programmed device.
set_property PROBES.FILE {E:/AX7010_2023.1-course_s1_fpga-18_ad9238_hdmi/vivado_ad9238/vivado_ad9238.runs/impl_1/top.ltx} [get_hw_devices xc7z010_1]
set_property FULL_PROBES.FILE {E:/AX7010_2023.1-course_s1_fpga-18_ad9238_hdmi/vivado_ad9238/vivado_ad9238.runs/impl_1/top.ltx} [get_hw_devices xc7z010_1]
set_property PROGRAM.FILE {E:/AX7010_2023.1-course_s1_fpga-18_ad9238_hdmi/vivado_ad9238/vivado_ad9238.runs/impl_1/top.bit} [get_hw_devices xc7z010_1]
program_hw_devices [get_hw_devices xc7z010_1]
INFO: [Labtools 27-3164] End of startup status: HIGH
refresh_hw_device [lindex [get_hw_devices xc7z010_1] 0]
INFO: [Labtools 27-2302] Device xc7z010 (JTAG device index = 1) is programmed with a design that has 1 ILA core(s).
display_hw_ila_data [ get_hw_ila_data hw_ila_data_1 -of_objects [get_hw_ilas -of_objects [get_hw_devices xc7z010_1] -filter {CELL_NAME=~"ila_0_inst"}]]
ERROR: [Labtoolstcl 44-513] HW Target shutdown. Closing target: localhost:3121/xilinx_tcf/Digilent/210512180081
INFO: [Labtoolstcl 44-466] Opening hw_target localhost:3121/xilinx_tcf/Digilent/210512180081
WARNING: [Labtoolstcl 44-129] No matching hw_ila_data was found.
INFO: [Labtools 27-1434] Device xc7z010 (JTAG device index = 1) is programmed with a design that has no supported debug core(s) in it.
WARNING: [Labtools 27-3361] The debug hub core was not detected.
Resolution: 
1. Make sure the clock connected to the debug hub (dbg_hub) core is a free running clock and is active.
2. Make sure the BSCAN_SWITCH_USER_MASK device property in Vivado Hardware Manager reflects the user scan chain setting in the design and refresh the device.  To determine the user scan chain setting in the design, open the implemented design and use 'get_property C_USER_SCAN_CHAIN [get_debug_cores dbg_hub]'.
For more details on setting the scan chain property, consult the Vivado Debug and Programming User Guide (UG908).
WARNING: [Labtools 27-3413] Dropping logic core with cellname:'ila_0_inst' at location 'uuid_D8923DF3E0CA58EF8F947DE50E816F31' from probes file, since it cannot be found on the programmed device.
WARNING: [Labtoolstcl 44-129] No matching hw_ila_data was found.
set_property PROBES.FILE {E:/AX7010_2023.1-course_s1_fpga-18_ad9238_hdmi/vivado_ad9238/vivado_ad9238.runs/impl_1/top.ltx} [get_hw_devices xc7z010_1]
set_property FULL_PROBES.FILE {E:/AX7010_2023.1-course_s1_fpga-18_ad9238_hdmi/vivado_ad9238/vivado_ad9238.runs/impl_1/top.ltx} [get_hw_devices xc7z010_1]
set_property PROGRAM.FILE {E:/AX7010_2023.1-course_s1_fpga-18_ad9238_hdmi/vivado_ad9238/vivado_ad9238.runs/impl_1/top.bit} [get_hw_devices xc7z010_1]
program_hw_devices [get_hw_devices xc7z010_1]
INFO: [Labtools 27-3164] End of startup status: HIGH
refresh_hw_device [lindex [get_hw_devices xc7z010_1] 0]
INFO: [Labtools 27-2302] Device xc7z010 (JTAG device index = 1) is programmed with a design that has 1 ILA core(s).
display_hw_ila_data [ get_hw_ila_data hw_ila_data_1 -of_objects [get_hw_ilas -of_objects [get_hw_devices xc7z010_1] -filter {CELL_NAME=~"ila_0_inst"}]]
ERROR: [Labtoolstcl 44-513] HW Target shutdown. Closing target: localhost:3121/xilinx_tcf/Digilent/210512180081
INFO: [Labtoolstcl 44-466] Opening hw_target localhost:3121/xilinx_tcf/Digilent/210512180081
WARNING: [Labtoolstcl 44-129] No matching hw_ila_data was found.
INFO: [Labtools 27-1434] Device xc7z010 (JTAG device index = 1) is programmed with a design that has no supported debug core(s) in it.
WARNING: [Labtools 27-3361] The debug hub core was not detected.
Resolution: 
1. Make sure the clock connected to the debug hub (dbg_hub) core is a free running clock and is active.
2. Make sure the BSCAN_SWITCH_USER_MASK device property in Vivado Hardware Manager reflects the user scan chain setting in the design and refresh the device.  To determine the user scan chain setting in the design, open the implemented design and use 'get_property C_USER_SCAN_CHAIN [get_debug_cores dbg_hub]'.
For more details on setting the scan chain property, consult the Vivado Debug and Programming User Guide (UG908).
WARNING: [Labtools 27-3413] Dropping logic core with cellname:'ila_0_inst' at location 'uuid_D8923DF3E0CA58EF8F947DE50E816F31' from probes file, since it cannot be found on the programmed device.
WARNING: [Labtoolstcl 44-129] No matching hw_ila_data was found.
set_property PROBES.FILE {E:/AX7010_2023.1-course_s1_fpga-18_ad9238_hdmi/vivado_ad9238/vivado_ad9238.runs/impl_1/top.ltx} [get_hw_devices xc7z010_1]
set_property FULL_PROBES.FILE {E:/AX7010_2023.1-course_s1_fpga-18_ad9238_hdmi/vivado_ad9238/vivado_ad9238.runs/impl_1/top.ltx} [get_hw_devices xc7z010_1]
set_property PROGRAM.FILE {E:/AX7010_2023.1-course_s1_fpga-18_ad9238_hdmi/vivado_ad9238/vivado_ad9238.runs/impl_1/top.bit} [get_hw_devices xc7z010_1]
program_hw_devices [get_hw_devices xc7z010_1]
INFO: [Labtools 27-3164] End of startup status: HIGH
refresh_hw_device [lindex [get_hw_devices xc7z010_1] 0]
INFO: [Labtools 27-2302] Device xc7z010 (JTAG device index = 1) is programmed with a design that has 1 ILA core(s).
display_hw_ila_data [ get_hw_ila_data hw_ila_data_1 -of_objects [get_hw_ilas -of_objects [get_hw_devices xc7z010_1] -filter {CELL_NAME=~"ila_0_inst"}]]
reset_run synth_1
WARNING: [Vivado 12-1017] Problems encountered:
1. Failed to delete one or more files in run directory E:/AX7010_2023.1-course_s1_fpga-18_ad9238_hdmi/vivado_ad9238/vivado_ad9238.runs/synth_1

launch_runs impl_1 -jobs 16
INFO: [Vivado 12-4149] The synthesis checkpoint for IP 'e:/AX7010_2023.1-course_s1_fpga-18_ad9238_hdmi/vivado_ad9238/vivado_ad9238.srcs/sources_1/ip/rom_sin/rom_sin.xci' is already up-to-date
INFO: [Vivado 12-4149] The synthesis checkpoint for IP 'e:/AX7010_2023.1-course_s1_fpga-18_ad9238_hdmi/vivado_ad9238/vivado_ad9238.srcs/sources_1/ip/rom_tri/rom_tri.xci' is already up-to-date
WARNING: [Project 1-478] Design 'synth_1' is stale and will not be used when launching 'impl_1'
[Sun Nov 24 15:46:12 2024] Launched synth_1...
Run output will be captured here: E:/AX7010_2023.1-course_s1_fpga-18_ad9238_hdmi/vivado_ad9238/vivado_ad9238.runs/synth_1/runme.log
[Sun Nov 24 15:46:12 2024] Launched impl_1...
Run output will be captured here: E:/AX7010_2023.1-course_s1_fpga-18_ad9238_hdmi/vivado_ad9238/vivado_ad9238.runs/impl_1/runme.log
launch_runs impl_1 -to_step write_bitstream -jobs 16
INFO: [Vivado 12-4149] The synthesis checkpoint for IP 'e:/AX7010_2023.1-course_s1_fpga-18_ad9238_hdmi/vivado_ad9238/vivado_ad9238.srcs/sources_1/ip/rom_sin/rom_sin.xci' is already up-to-date
INFO: [Vivado 12-4149] The synthesis checkpoint for IP 'e:/AX7010_2023.1-course_s1_fpga-18_ad9238_hdmi/vivado_ad9238/vivado_ad9238.srcs/sources_1/ip/rom_tri/rom_tri.xci' is already up-to-date
[Sun Nov 24 15:47:56 2024] Launched impl_1...
Run output will be captured here: E:/AX7010_2023.1-course_s1_fpga-18_ad9238_hdmi/vivado_ad9238/vivado_ad9238.runs/impl_1/runme.log
set_property PROBES.FILE {E:/AX7010_2023.1-course_s1_fpga-18_ad9238_hdmi/vivado_ad9238/vivado_ad9238.runs/impl_1/top.ltx} [get_hw_devices xc7z010_1]
set_property FULL_PROBES.FILE {E:/AX7010_2023.1-course_s1_fpga-18_ad9238_hdmi/vivado_ad9238/vivado_ad9238.runs/impl_1/top.ltx} [get_hw_devices xc7z010_1]
set_property PROGRAM.FILE {E:/AX7010_2023.1-course_s1_fpga-18_ad9238_hdmi/vivado_ad9238/vivado_ad9238.runs/impl_1/top.bit} [get_hw_devices xc7z010_1]
program_hw_devices [get_hw_devices xc7z010_1]
INFO: [Labtools 27-3164] End of startup status: HIGH
refresh_hw_device [lindex [get_hw_devices xc7z010_1] 0]
INFO: [Labtools 27-2302] Device xc7z010 (JTAG device index = 1) is programmed with a design that has 1 ILA core(s).
close_design
close_design: Time (s): cpu = 00:00:05 ; elapsed = 00:00:06 . Memory (MB): peak = 5226.227 ; gain = 0.000
WARNING: [IP_Flow 19-4067] Ignoring invalid widget type specified checkbox.Providing a default widget
WARNING: [IP_Flow 19-4067] Ignoring invalid widget type specified checkbox.Providing a default widget
WARNING: [IP_Flow 19-4067] Ignoring invalid widget type specified checkbox.Providing a default widget
WARNING: [IP_Flow 19-4067] Ignoring invalid widget type specified checkbox.Providing a default widget
INFO: [IP_Flow 19-3484] Absolute path of file 'e:/AX7010_2023.1-course_s1_fpga-18_ad9238_hdmi/vivado_ad9238/tool/sinwave.coe' provided. It will be converted relative to IP Instance files '../../../../tool/sinwave.coe'
set_property -dict [list CONFIG.Coe_File {E:/AX7010_2023.1-course_s1_fpga-18_ad9238_hdmi/vivado_ad9238/tool/sinwave.coe}] [get_ips rom_sin]
INFO: [IP_Flow 19-3484] Absolute path of file 'e:/AX7010_2023.1-course_s1_fpga-18_ad9238_hdmi/vivado_ad9238/tool/sinwave.coe' provided. It will be converted relative to IP Instance files '../../../../tool/sinwave.coe'
generate_target all [get_files  e:/AX7010_2023.1-course_s1_fpga-18_ad9238_hdmi/vivado_ad9238/vivado_ad9238.srcs/sources_1/ip/rom_sin/rom_sin.xci]
INFO: [IP_Flow 19-1686] Generating 'Instantiation Template' target for IP 'rom_sin'...
INFO: [IP_Flow 19-1686] Generating 'Synthesis' target for IP 'rom_sin'...
INFO: [IP_Flow 19-1686] Generating 'Simulation' target for IP 'rom_sin'...
INFO: [IP_Flow 19-1686] Generating 'Miscellaneous' target for IP 'rom_sin'...
INFO: [IP_Flow 19-1686] Generating 'Change Log' target for IP 'rom_sin'...
catch { config_ip_cache -export [get_ips -all rom_sin] }
export_ip_user_files -of_objects [get_files e:/AX7010_2023.1-course_s1_fpga-18_ad9238_hdmi/vivado_ad9238/vivado_ad9238.srcs/sources_1/ip/rom_sin/rom_sin.xci] -no_script -sync -force -quiet
create_ip_run [get_files -of_objects [get_fileset sources_1] e:/AX7010_2023.1-course_s1_fpga-18_ad9238_hdmi/vivado_ad9238/vivado_ad9238.srcs/sources_1/ip/rom_sin/rom_sin.xci]
launch_runs rom_sin_synth_1 -jobs 16
[Sun Nov 24 15:53:21 2024] Launched rom_sin_synth_1...
Run output will be captured here: E:/AX7010_2023.1-course_s1_fpga-18_ad9238_hdmi/vivado_ad9238/vivado_ad9238.runs/rom_sin_synth_1/runme.log
export_simulation -of_objects [get_files e:/AX7010_2023.1-course_s1_fpga-18_ad9238_hdmi/vivado_ad9238/vivado_ad9238.srcs/sources_1/ip/rom_sin/rom_sin.xci] -directory E:/AX7010_2023.1-course_s1_fpga-18_ad9238_hdmi/vivado_ad9238/vivado_ad9238.ip_user_files/sim_scripts -ip_user_files_dir E:/AX7010_2023.1-course_s1_fpga-18_ad9238_hdmi/vivado_ad9238/vivado_ad9238.ip_user_files -ipstatic_source_dir E:/AX7010_2023.1-course_s1_fpga-18_ad9238_hdmi/vivado_ad9238/vivado_ad9238.ip_user_files/ipstatic -lib_map_path [list {modelsim=E:/AX7010_2023.1-course_s1_fpga-18_ad9238_hdmi/vivado_ad9238/vivado_ad9238.cache/compile_simlib/modelsim} {questa=E:/AX7010_2023.1-course_s1_fpga-18_ad9238_hdmi/vivado_ad9238/vivado_ad9238.cache/compile_simlib/questa} {riviera=E:/AX7010_2023.1-course_s1_fpga-18_ad9238_hdmi/vivado_ad9238/vivado_ad9238.cache/compile_simlib/riviera} {activehdl=E:/AX7010_2023.1-course_s1_fpga-18_ad9238_hdmi/vivado_ad9238/vivado_ad9238.cache/compile_simlib/activehdl}] -use_ip_compiled_libs -force -quiet
reset_run synth_1
WARNING: [Vivado 12-1017] Problems encountered:
1. Failed to delete one or more files in run directory E:/AX7010_2023.1-course_s1_fpga-18_ad9238_hdmi/vivado_ad9238/vivado_ad9238.runs/synth_1

launch_runs impl_1 -jobs 16
INFO: [IP_Flow 19-1686] Generating 'Synthesis' target for IP 'rom_tri'...
INFO: [IP_Flow 19-4993] Using cached IP synthesis design for IP rom_tri, cache-ID = 25388d58752a4c51; cache size = 16.632 MB.
INFO: [Vivado 12-4149] The synthesis checkpoint for IP 'e:/AX7010_2023.1-course_s1_fpga-18_ad9238_hdmi/vivado_ad9238/vivado_ad9238.srcs/sources_1/ip/rom_tri/rom_tri.xci' is already up-to-date
[Sun Nov 24 15:53:33 2024] Launched rom_sin_synth_1, synth_1...
Run output will be captured here:
rom_sin_synth_1: E:/AX7010_2023.1-course_s1_fpga-18_ad9238_hdmi/vivado_ad9238/vivado_ad9238.runs/rom_sin_synth_1/runme.log
synth_1: E:/AX7010_2023.1-course_s1_fpga-18_ad9238_hdmi/vivado_ad9238/vivado_ad9238.runs/synth_1/runme.log
[Sun Nov 24 15:53:34 2024] Launched impl_1...
Run output will be captured here: E:/AX7010_2023.1-course_s1_fpga-18_ad9238_hdmi/vivado_ad9238/vivado_ad9238.runs/impl_1/runme.log
launch_runs impl_1 -to_step write_bitstream -jobs 16
INFO: [Vivado 12-4149] The synthesis checkpoint for IP 'e:/AX7010_2023.1-course_s1_fpga-18_ad9238_hdmi/vivado_ad9238/vivado_ad9238.srcs/sources_1/ip/rom_tri/rom_tri.xci' is already up-to-date
[Sun Nov 24 15:55:43 2024] Launched impl_1...
Run output will be captured here: E:/AX7010_2023.1-course_s1_fpga-18_ad9238_hdmi/vivado_ad9238/vivado_ad9238.runs/impl_1/runme.log
set_property PROBES.FILE {E:/AX7010_2023.1-course_s1_fpga-18_ad9238_hdmi/vivado_ad9238/vivado_ad9238.runs/impl_1/top.ltx} [get_hw_devices xc7z010_1]
set_property FULL_PROBES.FILE {E:/AX7010_2023.1-course_s1_fpga-18_ad9238_hdmi/vivado_ad9238/vivado_ad9238.runs/impl_1/top.ltx} [get_hw_devices xc7z010_1]
set_property PROGRAM.FILE {E:/AX7010_2023.1-course_s1_fpga-18_ad9238_hdmi/vivado_ad9238/vivado_ad9238.runs/impl_1/top.bit} [get_hw_devices xc7z010_1]
program_hw_devices [get_hw_devices xc7z010_1]
INFO: [Labtools 27-3164] End of startup status: HIGH
refresh_hw_device [lindex [get_hw_devices xc7z010_1] 0]
INFO: [Labtools 27-2302] Device xc7z010 (JTAG device index = 1) is programmed with a design that has 1 ILA core(s).
WARNING: [IP_Flow 19-4067] Ignoring invalid widget type specified checkbox.Providing a default widget
WARNING: [IP_Flow 19-4067] Ignoring invalid widget type specified checkbox.Providing a default widget
INFO: [IP_Flow 19-3484] Absolute path of file 'e:/AX7010_2023.1-course_s1_fpga-18_ad9238_hdmi/vivado_ad9238/tool/triwave.coe' provided. It will be converted relative to IP Instance files '../../../../tool/triwave.coe'
set_property -dict [list CONFIG.Write_Depth_A {1000} CONFIG.Coe_File {E:/AX7010_2023.1-course_s1_fpga-18_ad9238_hdmi/vivado_ad9238/tool/triwave.coe}] [get_ips rom_tri]
INFO: [IP_Flow 19-3484] Absolute path of file 'e:/AX7010_2023.1-course_s1_fpga-18_ad9238_hdmi/vivado_ad9238/tool/triwave.coe' provided. It will be converted relative to IP Instance files '../../../../tool/triwave.coe'
generate_target all [get_files  e:/AX7010_2023.1-course_s1_fpga-18_ad9238_hdmi/vivado_ad9238/vivado_ad9238.srcs/sources_1/ip/rom_tri/rom_tri.xci]
INFO: [IP_Flow 19-1686] Generating 'Instantiation Template' target for IP 'rom_tri'...
INFO: [IP_Flow 19-1686] Generating 'Synthesis' target for IP 'rom_tri'...
INFO: [IP_Flow 19-1686] Generating 'Simulation' target for IP 'rom_tri'...
INFO: [IP_Flow 19-1686] Generating 'Miscellaneous' target for IP 'rom_tri'...
INFO: [IP_Flow 19-1686] Generating 'Change Log' target for IP 'rom_tri'...
catch { config_ip_cache -export [get_ips -all rom_tri] }
export_ip_user_files -of_objects [get_files e:/AX7010_2023.1-course_s1_fpga-18_ad9238_hdmi/vivado_ad9238/vivado_ad9238.srcs/sources_1/ip/rom_tri/rom_tri.xci] -no_script -sync -force -quiet
create_ip_run [get_files -of_objects [get_fileset sources_1] e:/AX7010_2023.1-course_s1_fpga-18_ad9238_hdmi/vivado_ad9238/vivado_ad9238.srcs/sources_1/ip/rom_tri/rom_tri.xci]
launch_runs rom_tri_synth_1 -jobs 16
[Sun Nov 24 16:26:44 2024] Launched rom_tri_synth_1...
Run output will be captured here: E:/AX7010_2023.1-course_s1_fpga-18_ad9238_hdmi/vivado_ad9238/vivado_ad9238.runs/rom_tri_synth_1/runme.log
export_simulation -of_objects [get_files e:/AX7010_2023.1-course_s1_fpga-18_ad9238_hdmi/vivado_ad9238/vivado_ad9238.srcs/sources_1/ip/rom_tri/rom_tri.xci] -directory E:/AX7010_2023.1-course_s1_fpga-18_ad9238_hdmi/vivado_ad9238/vivado_ad9238.ip_user_files/sim_scripts -ip_user_files_dir E:/AX7010_2023.1-course_s1_fpga-18_ad9238_hdmi/vivado_ad9238/vivado_ad9238.ip_user_files -ipstatic_source_dir E:/AX7010_2023.1-course_s1_fpga-18_ad9238_hdmi/vivado_ad9238/vivado_ad9238.ip_user_files/ipstatic -lib_map_path [list {modelsim=E:/AX7010_2023.1-course_s1_fpga-18_ad9238_hdmi/vivado_ad9238/vivado_ad9238.cache/compile_simlib/modelsim} {questa=E:/AX7010_2023.1-course_s1_fpga-18_ad9238_hdmi/vivado_ad9238/vivado_ad9238.cache/compile_simlib/questa} {riviera=E:/AX7010_2023.1-course_s1_fpga-18_ad9238_hdmi/vivado_ad9238/vivado_ad9238.cache/compile_simlib/riviera} {activehdl=E:/AX7010_2023.1-course_s1_fpga-18_ad9238_hdmi/vivado_ad9238/vivado_ad9238.cache/compile_simlib/activehdl}] -use_ip_compiled_libs -force -quiet
WARNING: [IP_Flow 19-4067] Ignoring invalid widget type specified checkbox.Providing a default widget
WARNING: [IP_Flow 19-4067] Ignoring invalid widget type specified checkbox.Providing a default widget
INFO: [IP_Flow 19-3484] Absolute path of file 'e:/AX7010_2023.1-course_s1_fpga-18_ad9238_hdmi/vivado_ad9238/tool/sinwave.coe' provided. It will be converted relative to IP Instance files '../../../../tool/sinwave.coe'
INFO: [IP_Flow 19-3484] Absolute path of file 'e:/AX7010_2023.1-course_s1_fpga-18_ad9238_hdmi/vivado_ad9238/tool/sinwave.coe' provided. It will be converted relative to IP Instance files '../../../../tool/sinwave.coe'
ERROR: [Labtoolstcl 44-513] HW Target shutdown. Closing target: localhost:3121/xilinx_tcf/Digilent/210512180081
INFO: [Labtoolstcl 44-466] Opening hw_target localhost:3121/xilinx_tcf/Digilent/210512180081
WARNING: [Labtoolstcl 44-129] No matching hw_ila_data was found.
INFO: [Labtools 27-1434] Device xc7z010 (JTAG device index = 1) is programmed with a design that has no supported debug core(s) in it.
WARNING: [Labtools 27-3361] The debug hub core was not detected.
Resolution: 
1. Make sure the clock connected to the debug hub (dbg_hub) core is a free running clock and is active.
2. Make sure the BSCAN_SWITCH_USER_MASK device property in Vivado Hardware Manager reflects the user scan chain setting in the design and refresh the device.  To determine the user scan chain setting in the design, open the implemented design and use 'get_property C_USER_SCAN_CHAIN [get_debug_cores dbg_hub]'.
For more details on setting the scan chain property, consult the Vivado Debug and Programming User Guide (UG908).
WARNING: [Labtools 27-3413] Dropping logic core with cellname:'ila_0_inst' at location 'uuid_D8923DF3E0CA58EF8F947DE50E816F31' from probes file, since it cannot be found on the programmed device.
WARNING: [Labtoolstcl 44-129] No matching hw_ila_data was found.
set_property PROBES.FILE {E:/AX7010_2023.1-course_s1_fpga-18_ad9238_hdmi/vivado_ad9238/vivado_ad9238.runs/impl_1/top.ltx} [get_hw_devices xc7z010_1]
set_property FULL_PROBES.FILE {E:/AX7010_2023.1-course_s1_fpga-18_ad9238_hdmi/vivado_ad9238/vivado_ad9238.runs/impl_1/top.ltx} [get_hw_devices xc7z010_1]
set_property PROGRAM.FILE {E:/AX7010_2023.1-course_s1_fpga-18_ad9238_hdmi/vivado_ad9238/vivado_ad9238.runs/impl_1/top.bit} [get_hw_devices xc7z010_1]
program_hw_devices [get_hw_devices xc7z010_1]
INFO: [Labtools 27-3164] End of startup status: HIGH
refresh_hw_device [lindex [get_hw_devices xc7z010_1] 0]
INFO: [Labtools 27-2302] Device xc7z010 (JTAG device index = 1) is programmed with a design that has 1 ILA core(s).
display_hw_ila_data [ get_hw_ila_data hw_ila_data_1 -of_objects [get_hw_ilas -of_objects [get_hw_devices xc7z010_1] -filter {CELL_NAME=~"ila_0_inst"}]]
ERROR: [Labtoolstcl 44-513] HW Target shutdown. Closing target: localhost:3121/xilinx_tcf/Digilent/210512180081
INFO: [Labtoolstcl 44-466] Opening hw_target localhost:3121/xilinx_tcf/Digilent/210512180081
WARNING: [Labtoolstcl 44-129] No matching hw_ila_data was found.
INFO: [Labtools 27-1434] Device xc7z010 (JTAG device index = 1) is programmed with a design that has no supported debug core(s) in it.
WARNING: [Labtools 27-3361] The debug hub core was not detected.
Resolution: 
1. Make sure the clock connected to the debug hub (dbg_hub) core is a free running clock and is active.
2. Make sure the BSCAN_SWITCH_USER_MASK device property in Vivado Hardware Manager reflects the user scan chain setting in the design and refresh the device.  To determine the user scan chain setting in the design, open the implemented design and use 'get_property C_USER_SCAN_CHAIN [get_debug_cores dbg_hub]'.
For more details on setting the scan chain property, consult the Vivado Debug and Programming User Guide (UG908).
WARNING: [Labtools 27-3413] Dropping logic core with cellname:'ila_0_inst' at location 'uuid_D8923DF3E0CA58EF8F947DE50E816F31' from probes file, since it cannot be found on the programmed device.
WARNING: [Labtoolstcl 44-129] No matching hw_ila_data was found.
WARNING: [IP_Flow 19-4067] Ignoring invalid widget type specified checkbox.Providing a default widget
WARNING: [IP_Flow 19-4067] Ignoring invalid widget type specified checkbox.Providing a default widget
WARNING: [IP_Flow 19-4067] Ignoring invalid widget type specified checkbox.Providing a default widget
WARNING: [IP_Flow 19-4067] Ignoring invalid widget type specified checkbox.Providing a default widget
WARNING: [IP_Flow 19-4067] Ignoring invalid widget type specified checkbox.Providing a default widget
WARNING: [IP_Flow 19-4067] Ignoring invalid widget type specified checkbox.Providing a default widget
WARNING: [IP_Flow 19-4067] Ignoring invalid widget type specified checkbox.Providing a default widget
WARNING: [IP_Flow 19-4067] Ignoring invalid widget type specified checkbox.Providing a default widget
INFO: [IP_Flow 19-3484] Absolute path of file 'e:/AX7010_2023.1-course_s1_fpga-18_ad9238_hdmi/vivado_ad9238/tool/triwave.coe' provided. It will be converted relative to IP Instance files '../../../../tool/triwave.coe'
set_property -dict [list CONFIG.Write_Depth_A {100} CONFIG.Coe_File {E:/AX7010_2023.1-course_s1_fpga-18_ad9238_hdmi/vivado_ad9238/tool/triwave.coe}] [get_ips rom_tri]
INFO: [IP_Flow 19-3484] Absolute path of file 'e:/AX7010_2023.1-course_s1_fpga-18_ad9238_hdmi/vivado_ad9238/tool/triwave.coe' provided. It will be converted relative to IP Instance files '../../../../tool/triwave.coe'
generate_target all [get_files  e:/AX7010_2023.1-course_s1_fpga-18_ad9238_hdmi/vivado_ad9238/vivado_ad9238.srcs/sources_1/ip/rom_tri/rom_tri.xci]
INFO: [IP_Flow 19-1686] Generating 'Instantiation Template' target for IP 'rom_tri'...
INFO: [IP_Flow 19-1686] Generating 'Synthesis' target for IP 'rom_tri'...
INFO: [IP_Flow 19-1686] Generating 'Simulation' target for IP 'rom_tri'...
INFO: [IP_Flow 19-1686] Generating 'Miscellaneous' target for IP 'rom_tri'...
INFO: [IP_Flow 19-1686] Generating 'Change Log' target for IP 'rom_tri'...
catch { config_ip_cache -export [get_ips -all rom_tri] }
INFO: [IP_Flow 19-4993] Using cached IP synthesis design for IP rom_tri, cache-ID = 25388d58752a4c51; cache size = 17.513 MB.
catch { [ delete_ip_run [get_ips -all rom_tri] ] }
INFO: [Project 1-386] Moving file 'e:/AX7010_2023.1-course_s1_fpga-18_ad9238_hdmi/vivado_ad9238/vivado_ad9238.srcs/sources_1/ip/rom_tri/rom_tri.xci' from fileset 'rom_tri' to fileset 'sources_1'.
export_ip_user_files -of_objects [get_files e:/AX7010_2023.1-course_s1_fpga-18_ad9238_hdmi/vivado_ad9238/vivado_ad9238.srcs/sources_1/ip/rom_tri/rom_tri.xci] -no_script -sync -force -quiet
create_ip_run [get_files -of_objects [get_fileset sources_1] e:/AX7010_2023.1-course_s1_fpga-18_ad9238_hdmi/vivado_ad9238/vivado_ad9238.srcs/sources_1/ip/rom_tri/rom_tri.xci]
INFO: [Vivado 12-3453] The given sub-design is up-to-date, no action was taken.  If a run is still desired, use the '-force' option for the file:'e:/AX7010_2023.1-course_s1_fpga-18_ad9238_hdmi/vivado_ad9238/vivado_ad9238.srcs/sources_1/ip/rom_tri/rom_tri.xci'
export_simulation -of_objects [get_files e:/AX7010_2023.1-course_s1_fpga-18_ad9238_hdmi/vivado_ad9238/vivado_ad9238.srcs/sources_1/ip/rom_tri/rom_tri.xci] -directory E:/AX7010_2023.1-course_s1_fpga-18_ad9238_hdmi/vivado_ad9238/vivado_ad9238.ip_user_files/sim_scripts -ip_user_files_dir E:/AX7010_2023.1-course_s1_fpga-18_ad9238_hdmi/vivado_ad9238/vivado_ad9238.ip_user_files -ipstatic_source_dir E:/AX7010_2023.1-course_s1_fpga-18_ad9238_hdmi/vivado_ad9238/vivado_ad9238.ip_user_files/ipstatic -lib_map_path [list {modelsim=E:/AX7010_2023.1-course_s1_fpga-18_ad9238_hdmi/vivado_ad9238/vivado_ad9238.cache/compile_simlib/modelsim} {questa=E:/AX7010_2023.1-course_s1_fpga-18_ad9238_hdmi/vivado_ad9238/vivado_ad9238.cache/compile_simlib/questa} {riviera=E:/AX7010_2023.1-course_s1_fpga-18_ad9238_hdmi/vivado_ad9238/vivado_ad9238.cache/compile_simlib/riviera} {activehdl=E:/AX7010_2023.1-course_s1_fpga-18_ad9238_hdmi/vivado_ad9238/vivado_ad9238.cache/compile_simlib/activehdl}] -use_ip_compiled_libs -force -quiet
WARNING: [IP_Flow 19-4067] Ignoring invalid widget type specified checkbox.Providing a default widget
WARNING: [IP_Flow 19-4067] Ignoring invalid widget type specified checkbox.Providing a default widget
update_compile_order -fileset sources_1
reset_run impl_1
launch_runs impl_1 -jobs 16
INFO: [Vivado 12-4149] The synthesis checkpoint for IP 'e:/AX7010_2023.1-course_s1_fpga-18_ad9238_hdmi/vivado_ad9238/vivado_ad9238.srcs/sources_1/ip/rom_tri/rom_tri.xci' is already up-to-date
[Sun Nov 24 21:26:44 2024] Launched impl_1...
Run output will be captured here: E:/AX7010_2023.1-course_s1_fpga-18_ad9238_hdmi/vivado_ad9238/vivado_ad9238.runs/impl_1/runme.log
reset_run rom_sin_synth_1
WARNING: [Vivado 12-1017] Problems encountered:
1. Failed to delete one or more files in run directory E:/AX7010_2023.1-course_s1_fpga-18_ad9238_hdmi/vivado_ad9238/vivado_ad9238.runs/rom_sin_synth_1

reset_run synth_1
WARNING: [Vivado 12-1017] Problems encountered:
1. PID not specified
2. Failed to delete one or more files in run directory E:/AX7010_2023.1-course_s1_fpga-18_ad9238_hdmi/vivado_ad9238/vivado_ad9238.runs/synth_1

launch_runs synth_1 -jobs 16
INFO: [Vivado 12-4149] The synthesis checkpoint for IP 'e:/AX7010_2023.1-course_s1_fpga-18_ad9238_hdmi/vivado_ad9238/vivado_ad9238.srcs/sources_1/ip/rom_tri/rom_tri.xci' is already up-to-date
INFO: [IP_Flow 19-1686] Generating 'Synthesis' target for IP 'rom_sin'...
[Sun Nov 24 21:27:09 2024] Launched rom_sin_synth_1...
Run output will be captured here: E:/AX7010_2023.1-course_s1_fpga-18_ad9238_hdmi/vivado_ad9238/vivado_ad9238.runs/rom_sin_synth_1/runme.log
[Sun Nov 24 21:27:09 2024] Launched synth_1...
Run output will be captured here: E:/AX7010_2023.1-course_s1_fpga-18_ad9238_hdmi/vivado_ad9238/vivado_ad9238.runs/synth_1/runme.log
launch_runs: Time (s): cpu = 00:00:15 ; elapsed = 00:00:21 . Memory (MB): peak = 5226.227 ; gain = 0.000
open_run synth_1 -name synth_1
Design is defaulting to impl run constrset: constrs_1
Design is defaulting to synth run part: xc7z010clg400-1
INFO: [Project 1-454] Reading design checkpoint 'e:/AX7010_2023.1-course_s1_fpga-18_ad9238_hdmi/vivado_ad9238/vivado_ad9238.srcs/sources_1/ip/adc_pll/adc_pll.dcp' for cell 'adc_pll_m0'
INFO: [Project 1-454] Reading design checkpoint 'e:/AX7010_2023.1-course_s1_fpga-18_ad9238_hdmi/vivado_ad9238/vivado_ad9238.srcs/sources_1/ip/ila_0/ila_0.dcp' for cell 'ila_0_inst'
INFO: [Project 1-454] Reading design checkpoint 'e:/AX7010_2023.1-course_s1_fpga-18_ad9238_hdmi/vivado_ad9238/vivado_ad9238.srcs/sources_1/ip/rgb2dvi_0/rgb2dvi_0.dcp' for cell 'rgb2dvi_m0'
INFO: [Project 1-454] Reading design checkpoint 'e:/AX7010_2023.1-course_s1_fpga-18_ad9238_hdmi/vivado_ad9238/vivado_ad9238.srcs/sources_1/ip/video_pll/video_pll.dcp' for cell 'video_pll_m0'
INFO: [Project 1-454] Reading design checkpoint 'e:/AX7010_2023.1-course_s1_fpga-18_ad9238_hdmi/vivado_ad9238/vivado_ad9238.srcs/sources_1/ip/dpram2048x8/dpram2048x8.dcp' for cell 'wav_display_m0/buffer'
INFO: [Project 1-454] Reading design checkpoint 'e:/AX7010_2023.1-course_s1_fpga-18_ad9238_hdmi/vivado_ad9238/vivado_ad9238.srcs/sources_1/ip/clk_wiz_0/clk_wiz_0.dcp' for cell 'wave_inst/wave_clk/clk_generator'
INFO: [Project 1-454] Reading design checkpoint 'e:/AX7010_2023.1-course_s1_fpga-18_ad9238_hdmi/vivado_ad9238/vivado_ad9238.srcs/sources_1/ip/rom_tri/rom_tri.dcp' for cell 'wave_inst/wave_comparator/rom_ip1'
INFO: [Project 1-454] Reading design checkpoint 'e:/AX7010_2023.1-course_s1_fpga-18_ad9238_hdmi/vivado_ad9238/vivado_ad9238.srcs/sources_1/ip/rom_sin/rom_sin.dcp' for cell 'wave_inst/wave_comparator/rom_ip2'
Netlist sorting complete. Time (s): cpu = 00:00:00 ; elapsed = 00:00:00.049 . Memory (MB): peak = 5226.227 ; gain = 0.000
INFO: [Netlist 29-17] Analyzing 191 Unisim elements for replacement
INFO: [Netlist 29-28] Unisim Transformation completed in 0 CPU seconds
INFO: [Project 1-479] Netlist was created with Vivado 2020.1
INFO: [Project 1-570] Preparing netlist for logic optimization
WARNING: [Opt 31-35] Removing redundant IBUF, video_pll_m0/inst/clkin1_ibufg, from the path connected to top-level port: sys_clk 
Resolution: The tool has removed redundant IBUF. To resolve this warning, check for redundant IBUF in the input design.
WARNING: [Constraints 18-550] Could not create 'IBUF_LOW_PWR' constraint because net 'video_pll_m0/clk_in1' is not directly connected to top level port. Synthesis is ignored for IBUF_LOW_PWR but preserved for implementation.
INFO: [Chipscope 16-324] Core: ila_0_inst UUID: d8923df3-e0ca-58ef-8f94-7de50e816f31 
Parsing XDC File [e:/AX7010_2023.1-course_s1_fpga-18_ad9238_hdmi/vivado_ad9238/vivado_ad9238.srcs/sources_1/ip/rgb2dvi_0/src/rgb2dvi.xdc] for cell 'rgb2dvi_m0/U0'
Finished Parsing XDC File [e:/AX7010_2023.1-course_s1_fpga-18_ad9238_hdmi/vivado_ad9238/vivado_ad9238.srcs/sources_1/ip/rgb2dvi_0/src/rgb2dvi.xdc] for cell 'rgb2dvi_m0/U0'
Parsing XDC File [e:/AX7010_2023.1-course_s1_fpga-18_ad9238_hdmi/vivado_ad9238/vivado_ad9238.srcs/sources_1/ip/video_pll/video_pll_board.xdc] for cell 'video_pll_m0/inst'
Finished Parsing XDC File [e:/AX7010_2023.1-course_s1_fpga-18_ad9238_hdmi/vivado_ad9238/vivado_ad9238.srcs/sources_1/ip/video_pll/video_pll_board.xdc] for cell 'video_pll_m0/inst'
Parsing XDC File [e:/AX7010_2023.1-course_s1_fpga-18_ad9238_hdmi/vivado_ad9238/vivado_ad9238.srcs/sources_1/ip/video_pll/video_pll.xdc] for cell 'video_pll_m0/inst'
INFO: [Timing 38-35] Done setting XDC timing constraints. [e:/AX7010_2023.1-course_s1_fpga-18_ad9238_hdmi/vivado_ad9238/vivado_ad9238.srcs/sources_1/ip/video_pll/video_pll.xdc:57]
INFO: [Timing 38-2] Deriving generated clocks [e:/AX7010_2023.1-course_s1_fpga-18_ad9238_hdmi/vivado_ad9238/vivado_ad9238.srcs/sources_1/ip/video_pll/video_pll.xdc:57]
Finished Parsing XDC File [e:/AX7010_2023.1-course_s1_fpga-18_ad9238_hdmi/vivado_ad9238/vivado_ad9238.srcs/sources_1/ip/video_pll/video_pll.xdc] for cell 'video_pll_m0/inst'
Parsing XDC File [e:/AX7010_2023.1-course_s1_fpga-18_ad9238_hdmi/vivado_ad9238/vivado_ad9238.srcs/sources_1/ip/adc_pll/adc_pll_board.xdc] for cell 'adc_pll_m0/inst'
Finished Parsing XDC File [e:/AX7010_2023.1-course_s1_fpga-18_ad9238_hdmi/vivado_ad9238/vivado_ad9238.srcs/sources_1/ip/adc_pll/adc_pll_board.xdc] for cell 'adc_pll_m0/inst'
Parsing XDC File [e:/AX7010_2023.1-course_s1_fpga-18_ad9238_hdmi/vivado_ad9238/vivado_ad9238.srcs/sources_1/ip/adc_pll/adc_pll.xdc] for cell 'adc_pll_m0/inst'
Finished Parsing XDC File [e:/AX7010_2023.1-course_s1_fpga-18_ad9238_hdmi/vivado_ad9238/vivado_ad9238.srcs/sources_1/ip/adc_pll/adc_pll.xdc] for cell 'adc_pll_m0/inst'
Parsing XDC File [e:/AX7010_2023.1-course_s1_fpga-18_ad9238_hdmi/vivado_ad9238/vivado_ad9238.srcs/sources_1/ip/ila_0/ila_v6_2/constraints/ila_impl.xdc] for cell 'ila_0_inst/inst'
Finished Parsing XDC File [e:/AX7010_2023.1-course_s1_fpga-18_ad9238_hdmi/vivado_ad9238/vivado_ad9238.srcs/sources_1/ip/ila_0/ila_v6_2/constraints/ila_impl.xdc] for cell 'ila_0_inst/inst'
Parsing XDC File [e:/AX7010_2023.1-course_s1_fpga-18_ad9238_hdmi/vivado_ad9238/vivado_ad9238.srcs/sources_1/ip/ila_0/ila_v6_2/constraints/ila.xdc] for cell 'ila_0_inst/inst'
Finished Parsing XDC File [e:/AX7010_2023.1-course_s1_fpga-18_ad9238_hdmi/vivado_ad9238/vivado_ad9238.srcs/sources_1/ip/ila_0/ila_v6_2/constraints/ila.xdc] for cell 'ila_0_inst/inst'
Parsing XDC File [e:/AX7010_2023.1-course_s1_fpga-18_ad9238_hdmi/vivado_ad9238/vivado_ad9238.srcs/sources_1/ip/clk_wiz_0/clk_wiz_0_board.xdc] for cell 'wave_inst/wave_clk/clk_generator/inst'
Finished Parsing XDC File [e:/AX7010_2023.1-course_s1_fpga-18_ad9238_hdmi/vivado_ad9238/vivado_ad9238.srcs/sources_1/ip/clk_wiz_0/clk_wiz_0_board.xdc] for cell 'wave_inst/wave_clk/clk_generator/inst'
Parsing XDC File [e:/AX7010_2023.1-course_s1_fpga-18_ad9238_hdmi/vivado_ad9238/vivado_ad9238.srcs/sources_1/ip/clk_wiz_0/clk_wiz_0.xdc] for cell 'wave_inst/wave_clk/clk_generator/inst'
Finished Parsing XDC File [e:/AX7010_2023.1-course_s1_fpga-18_ad9238_hdmi/vivado_ad9238/vivado_ad9238.srcs/sources_1/ip/clk_wiz_0/clk_wiz_0.xdc] for cell 'wave_inst/wave_clk/clk_generator/inst'
Parsing XDC File [E:/AX7010_2023.1-course_s1_fpga-18_ad9238_hdmi/vivado_ad9238/vivado_ad9238.srcs/constrs_1/new/ad9238_hdmi.xdc]
Finished Parsing XDC File [E:/AX7010_2023.1-course_s1_fpga-18_ad9238_hdmi/vivado_ad9238/vivado_ad9238.srcs/constrs_1/new/ad9238_hdmi.xdc]
Parsing XDC File [e:/AX7010_2023.1-course_s1_fpga-18_ad9238_hdmi/vivado_ad9238/vivado_ad9238.srcs/sources_1/ip/rgb2dvi_0/src/rgb2dvi_clocks.xdc] for cell 'rgb2dvi_m0/U0'
Finished Parsing XDC File [e:/AX7010_2023.1-course_s1_fpga-18_ad9238_hdmi/vivado_ad9238/vivado_ad9238.srcs/sources_1/ip/rgb2dvi_0/src/rgb2dvi_clocks.xdc] for cell 'rgb2dvi_m0/U0'
Parsing XDC File [e:/AX7010_2023.1-course_s1_fpga-18_ad9238_hdmi/vivado_ad9238/vivado_ad9238.srcs/sources_1/ip/adc_pll/adc_pll_late.xdc] for cell 'adc_pll_m0/inst'
Finished Parsing XDC File [e:/AX7010_2023.1-course_s1_fpga-18_ad9238_hdmi/vivado_ad9238/vivado_ad9238.srcs/sources_1/ip/adc_pll/adc_pll_late.xdc] for cell 'adc_pll_m0/inst'
INFO: [Opt 31-138] Pushed 0 inverter(s) to 0 load pin(s).
Netlist sorting complete. Time (s): cpu = 00:00:00 ; elapsed = 00:00:00.001 . Memory (MB): peak = 5226.227 ; gain = 0.000
INFO: [Project 1-111] Unisim Transformation Summary:
  A total of 60 instances were transformed.
  CFGLUT5 => CFGLUT5 (SRL16E, SRLC32E): 60 instances

open_run: Time (s): cpu = 00:00:02 ; elapsed = 00:00:05 . Memory (MB): peak = 5226.227 ; gain = 0.000
place_ports ALI M14
save_constraints
launch_runs impl_1 -jobs 16
INFO: [Vivado 12-4149] The synthesis checkpoint for IP 'e:/AX7010_2023.1-course_s1_fpga-18_ad9238_hdmi/vivado_ad9238/vivado_ad9238.srcs/sources_1/ip/rom_tri/rom_tri.xci' is already up-to-date
INFO: [Timing 38-480] Writing timing data to binary archive.
Writing placer database...
Writing XDEF routing.
Writing XDEF routing logical nets.
Writing XDEF routing special nets.
Write XDEF Complete: Time (s): cpu = 00:00:00 ; elapsed = 00:00:00.071 . Memory (MB): peak = 5226.227 ; gain = 0.000
[Sun Nov 24 21:34:10 2024] Launched impl_1...
Run output will be captured here: E:/AX7010_2023.1-course_s1_fpga-18_ad9238_hdmi/vivado_ad9238/vivado_ad9238.runs/impl_1/runme.log
launch_runs impl_1 -to_step write_bitstream -jobs 16
INFO: [Vivado 12-4149] The synthesis checkpoint for IP 'e:/AX7010_2023.1-course_s1_fpga-18_ad9238_hdmi/vivado_ad9238/vivado_ad9238.srcs/sources_1/ip/rom_tri/rom_tri.xci' is already up-to-date
[Sun Nov 24 21:36:51 2024] Launched impl_1...
Run output will be captured here: E:/AX7010_2023.1-course_s1_fpga-18_ad9238_hdmi/vivado_ad9238/vivado_ad9238.runs/impl_1/runme.log
ERROR: [Labtoolstcl 44-513] HW Target shutdown. Closing target: localhost:3121/xilinx_tcf/Digilent/210512180081
INFO: [Labtoolstcl 44-466] Opening hw_target localhost:3121/xilinx_tcf/Digilent/210512180081
WARNING: [Labtoolstcl 44-129] No matching hw_ila_data was found.
INFO: [Labtools 27-1434] Device xc7z010 (JTAG device index = 1) is programmed with a design that has no supported debug core(s) in it.
ERROR: [Common 17-48] File not found: E:/AX7010_2023.1-course_s1_fpga-18_ad9238_hdmi/vivado_ad9238/vivado_ad9238.runs/impl_1/top.ltx
WARNING: [Labtoolstcl 44-129] No matching hw_ila_data was found.
refresh_hw_device [lindex [get_hw_devices xc7z010_1] 0]
INFO: [Labtools 27-1434] Device xc7z010 (JTAG device index = 1) is programmed with a design that has no supported debug core(s) in it.
ERROR: [Common 17-48] File not found: E:/AX7010_2023.1-course_s1_fpga-18_ad9238_hdmi/vivado_ad9238/vivado_ad9238.runs/impl_1/top.ltx
set_property PROBES.FILE {E:/AX7010_2023.1-course_s1_fpga-18_ad9238_hdmi/vivado_ad9238/vivado_ad9238.runs/impl_1/top.ltx} [get_hw_devices xc7z010_1]
set_property FULL_PROBES.FILE {E:/AX7010_2023.1-course_s1_fpga-18_ad9238_hdmi/vivado_ad9238/vivado_ad9238.runs/impl_1/top.ltx} [get_hw_devices xc7z010_1]
set_property PROGRAM.FILE {E:/AX7010_2023.1-course_s1_fpga-18_ad9238_hdmi/vivado_ad9238/vivado_ad9238.runs/impl_1/top.bit} [get_hw_devices xc7z010_1]
program_hw_devices [get_hw_devices xc7z010_1]
INFO: [Labtools 27-3164] End of startup status: HIGH
refresh_hw_device [lindex [get_hw_devices xc7z010_1] 0]
INFO: [Labtools 27-2302] Device xc7z010 (JTAG device index = 1) is programmed with a design that has 1 ILA core(s).
display_hw_ila_data [ get_hw_ila_data hw_ila_data_1 -of_objects [get_hw_ilas -of_objects [get_hw_devices xc7z010_1] -filter {CELL_NAME=~"ila_0_inst"}]]
WARNING: [IP_Flow 19-4067] Ignoring invalid widget type specified checkbox.Providing a default widget
WARNING: [IP_Flow 19-4067] Ignoring invalid widget type specified checkbox.Providing a default widget
INFO: [IP_Flow 19-3484] Absolute path of file 'e:/AX7010_2023.1-course_s1_fpga-18_ad9238_hdmi/vivado_ad9238/tool/triwave.coe' provided. It will be converted relative to IP Instance files '../../../../tool/triwave.coe'
set_property -dict [list CONFIG.Coe_File {E:/AX7010_2023.1-course_s1_fpga-18_ad9238_hdmi/vivado_ad9238/tool/triwave.coe}] [get_ips rom_tri]
INFO: [IP_Flow 19-3484] Absolute path of file 'e:/AX7010_2023.1-course_s1_fpga-18_ad9238_hdmi/vivado_ad9238/tool/triwave.coe' provided. It will be converted relative to IP Instance files '../../../../tool/triwave.coe'
generate_target all [get_files  e:/AX7010_2023.1-course_s1_fpga-18_ad9238_hdmi/vivado_ad9238/vivado_ad9238.srcs/sources_1/ip/rom_tri/rom_tri.xci]
INFO: [IP_Flow 19-1686] Generating 'Instantiation Template' target for IP 'rom_tri'...
INFO: [IP_Flow 19-1686] Generating 'Synthesis' target for IP 'rom_tri'...
INFO: [IP_Flow 19-1686] Generating 'Simulation' target for IP 'rom_tri'...
INFO: [IP_Flow 19-1686] Generating 'Miscellaneous' target for IP 'rom_tri'...
INFO: [IP_Flow 19-1686] Generating 'Change Log' target for IP 'rom_tri'...
catch { config_ip_cache -export [get_ips -all rom_tri] }
INFO: [IP_Flow 19-4993] Using cached IP synthesis design for IP rom_tri, cache-ID = 25388d58752a4c51; cache size = 18.265 MB.
export_ip_user_files -of_objects [get_files e:/AX7010_2023.1-course_s1_fpga-18_ad9238_hdmi/vivado_ad9238/vivado_ad9238.srcs/sources_1/ip/rom_tri/rom_tri.xci] -no_script -sync -force -quiet
create_ip_run [get_files -of_objects [get_fileset sources_1] e:/AX7010_2023.1-course_s1_fpga-18_ad9238_hdmi/vivado_ad9238/vivado_ad9238.srcs/sources_1/ip/rom_tri/rom_tri.xci]
INFO: [Vivado 12-3453] The given sub-design is up-to-date, no action was taken.  If a run is still desired, use the '-force' option for the file:'e:/AX7010_2023.1-course_s1_fpga-18_ad9238_hdmi/vivado_ad9238/vivado_ad9238.srcs/sources_1/ip/rom_tri/rom_tri.xci'
export_simulation -of_objects [get_files e:/AX7010_2023.1-course_s1_fpga-18_ad9238_hdmi/vivado_ad9238/vivado_ad9238.srcs/sources_1/ip/rom_tri/rom_tri.xci] -directory E:/AX7010_2023.1-course_s1_fpga-18_ad9238_hdmi/vivado_ad9238/vivado_ad9238.ip_user_files/sim_scripts -ip_user_files_dir E:/AX7010_2023.1-course_s1_fpga-18_ad9238_hdmi/vivado_ad9238/vivado_ad9238.ip_user_files -ipstatic_source_dir E:/AX7010_2023.1-course_s1_fpga-18_ad9238_hdmi/vivado_ad9238/vivado_ad9238.ip_user_files/ipstatic -lib_map_path [list {modelsim=E:/AX7010_2023.1-course_s1_fpga-18_ad9238_hdmi/vivado_ad9238/vivado_ad9238.cache/compile_simlib/modelsim} {questa=E:/AX7010_2023.1-course_s1_fpga-18_ad9238_hdmi/vivado_ad9238/vivado_ad9238.cache/compile_simlib/questa} {riviera=E:/AX7010_2023.1-course_s1_fpga-18_ad9238_hdmi/vivado_ad9238/vivado_ad9238.cache/compile_simlib/riviera} {activehdl=E:/AX7010_2023.1-course_s1_fpga-18_ad9238_hdmi/vivado_ad9238/vivado_ad9238.cache/compile_simlib/activehdl}] -use_ip_compiled_libs -force -quiet
WARNING: [IP_Flow 19-4067] Ignoring invalid widget type specified checkbox.Providing a default widget
WARNING: [IP_Flow 19-4067] Ignoring invalid widget type specified checkbox.Providing a default widget
INFO: [IP_Flow 19-3484] Absolute path of file 'e:/AX7010_2023.1-course_s1_fpga-18_ad9238_hdmi/vivado_ad9238/tool/sinwave.coe' provided. It will be converted relative to IP Instance files '../../../../tool/sinwave.coe'
set_property -dict [list CONFIG.Coe_File {E:/AX7010_2023.1-course_s1_fpga-18_ad9238_hdmi/vivado_ad9238/tool/sinwave.coe}] [get_ips rom_sin]
INFO: [IP_Flow 19-3484] Absolute path of file 'e:/AX7010_2023.1-course_s1_fpga-18_ad9238_hdmi/vivado_ad9238/tool/sinwave.coe' provided. It will be converted relative to IP Instance files '../../../../tool/sinwave.coe'
generate_target all [get_files  e:/AX7010_2023.1-course_s1_fpga-18_ad9238_hdmi/vivado_ad9238/vivado_ad9238.srcs/sources_1/ip/rom_sin/rom_sin.xci]
INFO: [IP_Flow 19-1686] Generating 'Instantiation Template' target for IP 'rom_sin'...
INFO: [IP_Flow 19-1686] Generating 'Synthesis' target for IP 'rom_sin'...
INFO: [IP_Flow 19-1686] Generating 'Simulation' target for IP 'rom_sin'...
INFO: [IP_Flow 19-1686] Generating 'Miscellaneous' target for IP 'rom_sin'...
INFO: [IP_Flow 19-1686] Generating 'Change Log' target for IP 'rom_sin'...
catch { config_ip_cache -export [get_ips -all rom_sin] }
export_ip_user_files -of_objects [get_files e:/AX7010_2023.1-course_s1_fpga-18_ad9238_hdmi/vivado_ad9238/vivado_ad9238.srcs/sources_1/ip/rom_sin/rom_sin.xci] -no_script -sync -force -quiet
reset_run rom_sin_synth_1
launch_runs rom_sin_synth_1 -jobs 16
[Sun Nov 24 21:45:33 2024] Launched rom_sin_synth_1...
Run output will be captured here: E:/AX7010_2023.1-course_s1_fpga-18_ad9238_hdmi/vivado_ad9238/vivado_ad9238.runs/rom_sin_synth_1/runme.log
export_simulation -of_objects [get_files e:/AX7010_2023.1-course_s1_fpga-18_ad9238_hdmi/vivado_ad9238/vivado_ad9238.srcs/sources_1/ip/rom_sin/rom_sin.xci] -directory E:/AX7010_2023.1-course_s1_fpga-18_ad9238_hdmi/vivado_ad9238/vivado_ad9238.ip_user_files/sim_scripts -ip_user_files_dir E:/AX7010_2023.1-course_s1_fpga-18_ad9238_hdmi/vivado_ad9238/vivado_ad9238.ip_user_files -ipstatic_source_dir E:/AX7010_2023.1-course_s1_fpga-18_ad9238_hdmi/vivado_ad9238/vivado_ad9238.ip_user_files/ipstatic -lib_map_path [list {modelsim=E:/AX7010_2023.1-course_s1_fpga-18_ad9238_hdmi/vivado_ad9238/vivado_ad9238.cache/compile_simlib/modelsim} {questa=E:/AX7010_2023.1-course_s1_fpga-18_ad9238_hdmi/vivado_ad9238/vivado_ad9238.cache/compile_simlib/questa} {riviera=E:/AX7010_2023.1-course_s1_fpga-18_ad9238_hdmi/vivado_ad9238/vivado_ad9238.cache/compile_simlib/riviera} {activehdl=E:/AX7010_2023.1-course_s1_fpga-18_ad9238_hdmi/vivado_ad9238/vivado_ad9238.cache/compile_simlib/activehdl}] -use_ip_compiled_libs -force -quiet
reset_run synth_1
WARNING: [Vivado 12-1017] Problems encountered:
1. Failed to delete one or more files in run directory E:/AX7010_2023.1-course_s1_fpga-18_ad9238_hdmi/vivado_ad9238/vivado_ad9238.runs/synth_1

launch_runs impl_1 -jobs 16
INFO: [Vivado 12-4149] The synthesis checkpoint for IP 'e:/AX7010_2023.1-course_s1_fpga-18_ad9238_hdmi/vivado_ad9238/vivado_ad9238.srcs/sources_1/ip/rom_tri/rom_tri.xci' is already up-to-date
WARNING: [Project 1-478] Design 'synth_1' is stale and will not be used when launching 'impl_1'
[Sun Nov 24 21:45:40 2024] Launched rom_sin_synth_1, synth_1...
Run output will be captured here:
rom_sin_synth_1: E:/AX7010_2023.1-course_s1_fpga-18_ad9238_hdmi/vivado_ad9238/vivado_ad9238.runs/rom_sin_synth_1/runme.log
synth_1: E:/AX7010_2023.1-course_s1_fpga-18_ad9238_hdmi/vivado_ad9238/vivado_ad9238.runs/synth_1/runme.log
[Sun Nov 24 21:45:40 2024] Launched impl_1...
Run output will be captured here: E:/AX7010_2023.1-course_s1_fpga-18_ad9238_hdmi/vivado_ad9238/vivado_ad9238.runs/impl_1/runme.log
launch_runs impl_1 -to_step write_bitstream -jobs 16
INFO: [Vivado 12-4149] The synthesis checkpoint for IP 'e:/AX7010_2023.1-course_s1_fpga-18_ad9238_hdmi/vivado_ad9238/vivado_ad9238.srcs/sources_1/ip/rom_tri/rom_tri.xci' is already up-to-date
[Sun Nov 24 21:48:40 2024] Launched impl_1...
Run output will be captured here: E:/AX7010_2023.1-course_s1_fpga-18_ad9238_hdmi/vivado_ad9238/vivado_ad9238.runs/impl_1/runme.log
refresh_design
INFO: [Project 1-454] Reading design checkpoint 'e:/AX7010_2023.1-course_s1_fpga-18_ad9238_hdmi/vivado_ad9238/vivado_ad9238.srcs/sources_1/ip/adc_pll/adc_pll.dcp' for cell 'adc_pll_m0'
INFO: [Project 1-454] Reading design checkpoint 'e:/AX7010_2023.1-course_s1_fpga-18_ad9238_hdmi/vivado_ad9238/vivado_ad9238.srcs/sources_1/ip/ila_0/ila_0.dcp' for cell 'ila_0_inst'
INFO: [Project 1-454] Reading design checkpoint 'e:/AX7010_2023.1-course_s1_fpga-18_ad9238_hdmi/vivado_ad9238/vivado_ad9238.srcs/sources_1/ip/rgb2dvi_0/rgb2dvi_0.dcp' for cell 'rgb2dvi_m0'
INFO: [Project 1-454] Reading design checkpoint 'e:/AX7010_2023.1-course_s1_fpga-18_ad9238_hdmi/vivado_ad9238/vivado_ad9238.srcs/sources_1/ip/video_pll/video_pll.dcp' for cell 'video_pll_m0'
INFO: [Project 1-454] Reading design checkpoint 'e:/AX7010_2023.1-course_s1_fpga-18_ad9238_hdmi/vivado_ad9238/vivado_ad9238.srcs/sources_1/ip/dpram2048x8/dpram2048x8.dcp' for cell 'wav_display_m0/buffer'
INFO: [Project 1-454] Reading design checkpoint 'e:/AX7010_2023.1-course_s1_fpga-18_ad9238_hdmi/vivado_ad9238/vivado_ad9238.srcs/sources_1/ip/clk_wiz_0/clk_wiz_0.dcp' for cell 'wave_inst/wave_clk/clk_generator'
INFO: [Project 1-454] Reading design checkpoint 'e:/AX7010_2023.1-course_s1_fpga-18_ad9238_hdmi/vivado_ad9238/vivado_ad9238.srcs/sources_1/ip/rom_tri/rom_tri.dcp' for cell 'wave_inst/wave_comparator/rom_ip1'
INFO: [Project 1-454] Reading design checkpoint 'e:/AX7010_2023.1-course_s1_fpga-18_ad9238_hdmi/vivado_ad9238/vivado_ad9238.srcs/sources_1/ip/rom_sin/rom_sin.dcp' for cell 'wave_inst/wave_comparator/rom_ip2'
Netlist sorting complete. Time (s): cpu = 00:00:00 ; elapsed = 00:00:00.054 . Memory (MB): peak = 5226.227 ; gain = 0.000
INFO: [Netlist 29-17] Analyzing 191 Unisim elements for replacement
INFO: [Netlist 29-28] Unisim Transformation completed in 0 CPU seconds
INFO: [Project 1-479] Netlist was created with Vivado 2020.1
INFO: [Project 1-570] Preparing netlist for logic optimization
WARNING: [Opt 31-35] Removing redundant IBUF, video_pll_m0/inst/clkin1_ibufg, from the path connected to top-level port: sys_clk 
Resolution: The tool has removed redundant IBUF. To resolve this warning, check for redundant IBUF in the input design.
WARNING: [Constraints 18-550] Could not create 'IBUF_LOW_PWR' constraint because net 'video_pll_m0/clk_in1' is not directly connected to top level port. Synthesis is ignored for IBUF_LOW_PWR but preserved for implementation.
INFO: [Chipscope 16-324] Core: ila_0_inst UUID: d8923df3-e0ca-58ef-8f94-7de50e816f31 
Parsing XDC File [e:/AX7010_2023.1-course_s1_fpga-18_ad9238_hdmi/vivado_ad9238/vivado_ad9238.srcs/sources_1/ip/rgb2dvi_0/src/rgb2dvi.xdc] for cell 'rgb2dvi_m0/U0'
Finished Parsing XDC File [e:/AX7010_2023.1-course_s1_fpga-18_ad9238_hdmi/vivado_ad9238/vivado_ad9238.srcs/sources_1/ip/rgb2dvi_0/src/rgb2dvi.xdc] for cell 'rgb2dvi_m0/U0'
Parsing XDC File [e:/AX7010_2023.1-course_s1_fpga-18_ad9238_hdmi/vivado_ad9238/vivado_ad9238.srcs/sources_1/ip/video_pll/video_pll_board.xdc] for cell 'video_pll_m0/inst'
Finished Parsing XDC File [e:/AX7010_2023.1-course_s1_fpga-18_ad9238_hdmi/vivado_ad9238/vivado_ad9238.srcs/sources_1/ip/video_pll/video_pll_board.xdc] for cell 'video_pll_m0/inst'
Parsing XDC File [e:/AX7010_2023.1-course_s1_fpga-18_ad9238_hdmi/vivado_ad9238/vivado_ad9238.srcs/sources_1/ip/video_pll/video_pll.xdc] for cell 'video_pll_m0/inst'
INFO: [Timing 38-35] Done setting XDC timing constraints. [e:/AX7010_2023.1-course_s1_fpga-18_ad9238_hdmi/vivado_ad9238/vivado_ad9238.srcs/sources_1/ip/video_pll/video_pll.xdc:57]
INFO: [Timing 38-2] Deriving generated clocks [e:/AX7010_2023.1-course_s1_fpga-18_ad9238_hdmi/vivado_ad9238/vivado_ad9238.srcs/sources_1/ip/video_pll/video_pll.xdc:57]
Finished Parsing XDC File [e:/AX7010_2023.1-course_s1_fpga-18_ad9238_hdmi/vivado_ad9238/vivado_ad9238.srcs/sources_1/ip/video_pll/video_pll.xdc] for cell 'video_pll_m0/inst'
Parsing XDC File [e:/AX7010_2023.1-course_s1_fpga-18_ad9238_hdmi/vivado_ad9238/vivado_ad9238.srcs/sources_1/ip/adc_pll/adc_pll_board.xdc] for cell 'adc_pll_m0/inst'
Finished Parsing XDC File [e:/AX7010_2023.1-course_s1_fpga-18_ad9238_hdmi/vivado_ad9238/vivado_ad9238.srcs/sources_1/ip/adc_pll/adc_pll_board.xdc] for cell 'adc_pll_m0/inst'
Parsing XDC File [e:/AX7010_2023.1-course_s1_fpga-18_ad9238_hdmi/vivado_ad9238/vivado_ad9238.srcs/sources_1/ip/adc_pll/adc_pll.xdc] for cell 'adc_pll_m0/inst'
Finished Parsing XDC File [e:/AX7010_2023.1-course_s1_fpga-18_ad9238_hdmi/vivado_ad9238/vivado_ad9238.srcs/sources_1/ip/adc_pll/adc_pll.xdc] for cell 'adc_pll_m0/inst'
Parsing XDC File [e:/AX7010_2023.1-course_s1_fpga-18_ad9238_hdmi/vivado_ad9238/vivado_ad9238.srcs/sources_1/ip/ila_0/ila_v6_2/constraints/ila_impl.xdc] for cell 'ila_0_inst/inst'
Finished Parsing XDC File [e:/AX7010_2023.1-course_s1_fpga-18_ad9238_hdmi/vivado_ad9238/vivado_ad9238.srcs/sources_1/ip/ila_0/ila_v6_2/constraints/ila_impl.xdc] for cell 'ila_0_inst/inst'
Parsing XDC File [e:/AX7010_2023.1-course_s1_fpga-18_ad9238_hdmi/vivado_ad9238/vivado_ad9238.srcs/sources_1/ip/ila_0/ila_v6_2/constraints/ila.xdc] for cell 'ila_0_inst/inst'
Finished Parsing XDC File [e:/AX7010_2023.1-course_s1_fpga-18_ad9238_hdmi/vivado_ad9238/vivado_ad9238.srcs/sources_1/ip/ila_0/ila_v6_2/constraints/ila.xdc] for cell 'ila_0_inst/inst'
Parsing XDC File [e:/AX7010_2023.1-course_s1_fpga-18_ad9238_hdmi/vivado_ad9238/vivado_ad9238.srcs/sources_1/ip/clk_wiz_0/clk_wiz_0_board.xdc] for cell 'wave_inst/wave_clk/clk_generator/inst'
Finished Parsing XDC File [e:/AX7010_2023.1-course_s1_fpga-18_ad9238_hdmi/vivado_ad9238/vivado_ad9238.srcs/sources_1/ip/clk_wiz_0/clk_wiz_0_board.xdc] for cell 'wave_inst/wave_clk/clk_generator/inst'
Parsing XDC File [e:/AX7010_2023.1-course_s1_fpga-18_ad9238_hdmi/vivado_ad9238/vivado_ad9238.srcs/sources_1/ip/clk_wiz_0/clk_wiz_0.xdc] for cell 'wave_inst/wave_clk/clk_generator/inst'
Finished Parsing XDC File [e:/AX7010_2023.1-course_s1_fpga-18_ad9238_hdmi/vivado_ad9238/vivado_ad9238.srcs/sources_1/ip/clk_wiz_0/clk_wiz_0.xdc] for cell 'wave_inst/wave_clk/clk_generator/inst'
Parsing XDC File [E:/AX7010_2023.1-course_s1_fpga-18_ad9238_hdmi/vivado_ad9238/vivado_ad9238.srcs/constrs_1/new/ad9238_hdmi.xdc]
Finished Parsing XDC File [E:/AX7010_2023.1-course_s1_fpga-18_ad9238_hdmi/vivado_ad9238/vivado_ad9238.srcs/constrs_1/new/ad9238_hdmi.xdc]
Parsing XDC File [e:/AX7010_2023.1-course_s1_fpga-18_ad9238_hdmi/vivado_ad9238/vivado_ad9238.srcs/sources_1/ip/rgb2dvi_0/src/rgb2dvi_clocks.xdc] for cell 'rgb2dvi_m0/U0'
Finished Parsing XDC File [e:/AX7010_2023.1-course_s1_fpga-18_ad9238_hdmi/vivado_ad9238/vivado_ad9238.srcs/sources_1/ip/rgb2dvi_0/src/rgb2dvi_clocks.xdc] for cell 'rgb2dvi_m0/U0'
Parsing XDC File [e:/AX7010_2023.1-course_s1_fpga-18_ad9238_hdmi/vivado_ad9238/vivado_ad9238.srcs/sources_1/ip/adc_pll/adc_pll_late.xdc] for cell 'adc_pll_m0/inst'
Finished Parsing XDC File [e:/AX7010_2023.1-course_s1_fpga-18_ad9238_hdmi/vivado_ad9238/vivado_ad9238.srcs/sources_1/ip/adc_pll/adc_pll_late.xdc] for cell 'adc_pll_m0/inst'
INFO: [Opt 31-138] Pushed 0 inverter(s) to 0 load pin(s).
refresh_design: Time (s): cpu = 00:00:02 ; elapsed = 00:00:11 . Memory (MB): peak = 5226.227 ; gain = 0.000
set_property PROBES.FILE {E:/AX7010_2023.1-course_s1_fpga-18_ad9238_hdmi/vivado_ad9238/vivado_ad9238.runs/impl_1/top.ltx} [get_hw_devices xc7z010_1]
set_property FULL_PROBES.FILE {E:/AX7010_2023.1-course_s1_fpga-18_ad9238_hdmi/vivado_ad9238/vivado_ad9238.runs/impl_1/top.ltx} [get_hw_devices xc7z010_1]
set_property PROGRAM.FILE {E:/AX7010_2023.1-course_s1_fpga-18_ad9238_hdmi/vivado_ad9238/vivado_ad9238.runs/impl_1/top.bit} [get_hw_devices xc7z010_1]
program_hw_devices [get_hw_devices xc7z010_1]
INFO: [Labtools 27-3164] End of startup status: HIGH
refresh_hw_device [lindex [get_hw_devices xc7z010_1] 0]
INFO: [Labtools 27-2302] Device xc7z010 (JTAG device index = 1) is programmed with a design that has 1 ILA core(s).
WARNING: [IP_Flow 19-4067] Ignoring invalid widget type specified checkbox.Providing a default widget
WARNING: [IP_Flow 19-4067] Ignoring invalid widget type specified checkbox.Providing a default widget
WARNING: [IP_Flow 19-4067] Ignoring invalid widget type specified checkbox.Providing a default widget
WARNING: [IP_Flow 19-4067] Ignoring invalid widget type specified checkbox.Providing a default widget
INFO: [IP_Flow 19-3484] Absolute path of file 'e:/AX7010_2023.1-course_s1_fpga-18_ad9238_hdmi/vivado_ad9238/tool/sinwave.coe' provided. It will be converted relative to IP Instance files '../../../../tool/sinwave.coe'
set_property -dict [list CONFIG.Coe_File {E:/AX7010_2023.1-course_s1_fpga-18_ad9238_hdmi/vivado_ad9238/tool/sinwave.coe}] [get_ips rom_sin]
INFO: [IP_Flow 19-3484] Absolute path of file 'e:/AX7010_2023.1-course_s1_fpga-18_ad9238_hdmi/vivado_ad9238/tool/sinwave.coe' provided. It will be converted relative to IP Instance files '../../../../tool/sinwave.coe'
generate_target all [get_files  e:/AX7010_2023.1-course_s1_fpga-18_ad9238_hdmi/vivado_ad9238/vivado_ad9238.srcs/sources_1/ip/rom_sin/rom_sin.xci]
INFO: [IP_Flow 19-1686] Generating 'Instantiation Template' target for IP 'rom_sin'...
INFO: [IP_Flow 19-1686] Generating 'Synthesis' target for IP 'rom_sin'...
INFO: [IP_Flow 19-1686] Generating 'Simulation' target for IP 'rom_sin'...
INFO: [IP_Flow 19-1686] Generating 'Miscellaneous' target for IP 'rom_sin'...
INFO: [IP_Flow 19-1686] Generating 'Change Log' target for IP 'rom_sin'...
catch { config_ip_cache -export [get_ips -all rom_sin] }
export_ip_user_files -of_objects [get_files e:/AX7010_2023.1-course_s1_fpga-18_ad9238_hdmi/vivado_ad9238/vivado_ad9238.srcs/sources_1/ip/rom_sin/rom_sin.xci] -no_script -sync -force -quiet
reset_run rom_sin_synth_1
launch_runs rom_sin_synth_1 -jobs 16
[Sun Nov 24 21:51:53 2024] Launched rom_sin_synth_1...
Run output will be captured here: E:/AX7010_2023.1-course_s1_fpga-18_ad9238_hdmi/vivado_ad9238/vivado_ad9238.runs/rom_sin_synth_1/runme.log
export_simulation -of_objects [get_files e:/AX7010_2023.1-course_s1_fpga-18_ad9238_hdmi/vivado_ad9238/vivado_ad9238.srcs/sources_1/ip/rom_sin/rom_sin.xci] -directory E:/AX7010_2023.1-course_s1_fpga-18_ad9238_hdmi/vivado_ad9238/vivado_ad9238.ip_user_files/sim_scripts -ip_user_files_dir E:/AX7010_2023.1-course_s1_fpga-18_ad9238_hdmi/vivado_ad9238/vivado_ad9238.ip_user_files -ipstatic_source_dir E:/AX7010_2023.1-course_s1_fpga-18_ad9238_hdmi/vivado_ad9238/vivado_ad9238.ip_user_files/ipstatic -lib_map_path [list {modelsim=E:/AX7010_2023.1-course_s1_fpga-18_ad9238_hdmi/vivado_ad9238/vivado_ad9238.cache/compile_simlib/modelsim} {questa=E:/AX7010_2023.1-course_s1_fpga-18_ad9238_hdmi/vivado_ad9238/vivado_ad9238.cache/compile_simlib/questa} {riviera=E:/AX7010_2023.1-course_s1_fpga-18_ad9238_hdmi/vivado_ad9238/vivado_ad9238.cache/compile_simlib/riviera} {activehdl=E:/AX7010_2023.1-course_s1_fpga-18_ad9238_hdmi/vivado_ad9238/vivado_ad9238.cache/compile_simlib/activehdl}] -use_ip_compiled_libs -force -quiet
reset_run synth_1
WARNING: [Vivado 12-1017] Problems encountered:
1. Failed to delete one or more files in run directory E:/AX7010_2023.1-course_s1_fpga-18_ad9238_hdmi/vivado_ad9238/vivado_ad9238.runs/synth_1

launch_runs impl_1 -jobs 16
INFO: [IP_Flow 19-1686] Generating 'Synthesis' target for IP 'rom_tri'...
INFO: [IP_Flow 19-4993] Using cached IP synthesis design for IP rom_tri, cache-ID = 25388d58752a4c51; cache size = 19.028 MB.
INFO: [Vivado 12-4149] The synthesis checkpoint for IP 'e:/AX7010_2023.1-course_s1_fpga-18_ad9238_hdmi/vivado_ad9238/vivado_ad9238.srcs/sources_1/ip/rom_tri/rom_tri.xci' is already up-to-date
WARNING: [Project 1-478] Design 'synth_1' is stale and will not be used when launching 'impl_1'
[Sun Nov 24 21:52:08 2024] Launched rom_sin_synth_1, synth_1...
Run output will be captured here:
rom_sin_synth_1: E:/AX7010_2023.1-course_s1_fpga-18_ad9238_hdmi/vivado_ad9238/vivado_ad9238.runs/rom_sin_synth_1/runme.log
synth_1: E:/AX7010_2023.1-course_s1_fpga-18_ad9238_hdmi/vivado_ad9238/vivado_ad9238.runs/synth_1/runme.log
[Sun Nov 24 21:52:08 2024] Launched impl_1...
Run output will be captured here: E:/AX7010_2023.1-course_s1_fpga-18_ad9238_hdmi/vivado_ad9238/vivado_ad9238.runs/impl_1/runme.log
launch_runs impl_1 -to_step write_bitstream -jobs 16
INFO: [Vivado 12-4149] The synthesis checkpoint for IP 'e:/AX7010_2023.1-course_s1_fpga-18_ad9238_hdmi/vivado_ad9238/vivado_ad9238.srcs/sources_1/ip/rom_tri/rom_tri.xci' is already up-to-date
[Sun Nov 24 21:55:16 2024] Launched impl_1...
Run output will be captured here: E:/AX7010_2023.1-course_s1_fpga-18_ad9238_hdmi/vivado_ad9238/vivado_ad9238.runs/impl_1/runme.log
ERROR: [Labtoolstcl 44-513] HW Target shutdown. Closing target: localhost:3121/xilinx_tcf/Digilent/210512180081
INFO: [Labtoolstcl 44-466] Opening hw_target localhost:3121/xilinx_tcf/Digilent/210512180081
WARNING: [Labtoolstcl 44-129] No matching hw_ila_data was found.
INFO: [Labtools 27-1434] Device xc7z010 (JTAG device index = 1) is programmed with a design that has no supported debug core(s) in it.
WARNING: [Labtools 27-3361] The debug hub core was not detected.
Resolution: 
1. Make sure the clock connected to the debug hub (dbg_hub) core is a free running clock and is active.
2. Make sure the BSCAN_SWITCH_USER_MASK device property in Vivado Hardware Manager reflects the user scan chain setting in the design and refresh the device.  To determine the user scan chain setting in the design, open the implemented design and use 'get_property C_USER_SCAN_CHAIN [get_debug_cores dbg_hub]'.
For more details on setting the scan chain property, consult the Vivado Debug and Programming User Guide (UG908).
WARNING: [Labtools 27-3413] Dropping logic core with cellname:'ila_0_inst' at location 'uuid_D8923DF3E0CA58EF8F947DE50E816F31' from probes file, since it cannot be found on the programmed device.
WARNING: [Labtoolstcl 44-129] No matching hw_ila_data was found.
refresh_hw_device [lindex [get_hw_devices xc7z010_1] 0]
INFO: [Labtools 27-1434] Device xc7z010 (JTAG device index = 1) is programmed with a design that has no supported debug core(s) in it.
WARNING: [Labtools 27-3361] The debug hub core was not detected.
Resolution: 
1. Make sure the clock connected to the debug hub (dbg_hub) core is a free running clock and is active.
2. Make sure the BSCAN_SWITCH_USER_MASK device property in Vivado Hardware Manager reflects the user scan chain setting in the design and refresh the device.  To determine the user scan chain setting in the design, open the implemented design and use 'get_property C_USER_SCAN_CHAIN [get_debug_cores dbg_hub]'.
For more details on setting the scan chain property, consult the Vivado Debug and Programming User Guide (UG908).
WARNING: [Labtools 27-3413] Dropping logic core with cellname:'ila_0_inst' at location 'uuid_D8923DF3E0CA58EF8F947DE50E816F31' from probes file, since it cannot be found on the programmed device.
set_property PROBES.FILE {E:/AX7010_2023.1-course_s1_fpga-18_ad9238_hdmi/vivado_ad9238/vivado_ad9238.runs/impl_1/top.ltx} [get_hw_devices xc7z010_1]
set_property FULL_PROBES.FILE {E:/AX7010_2023.1-course_s1_fpga-18_ad9238_hdmi/vivado_ad9238/vivado_ad9238.runs/impl_1/top.ltx} [get_hw_devices xc7z010_1]
set_property PROGRAM.FILE {E:/AX7010_2023.1-course_s1_fpga-18_ad9238_hdmi/vivado_ad9238/vivado_ad9238.runs/impl_1/top.bit} [get_hw_devices xc7z010_1]
program_hw_devices [get_hw_devices xc7z010_1]
INFO: [Labtools 27-3164] End of startup status: HIGH
refresh_hw_device [lindex [get_hw_devices xc7z010_1] 0]
INFO: [Labtools 27-2302] Device xc7z010 (JTAG device index = 1) is programmed with a design that has 1 ILA core(s).
ERROR: [Xicom 50-38] xicom: Unable to connect to debug core(s) on the target device. Check cable connectivity and that the target board is powered up then use the disconnect_hw_server and connect_hw_server to re-initialize the hardware target. Use open_hw_target to re-register the hardware device.
ERROR: [Xicom 50-38] xicom: Unable to connect to debug core(s) on the target device. Check cable connectivity and that the target board is powered up then use the disconnect_hw_server and connect_hw_server to re-initialize the hardware target. Use open_hw_target to re-register the hardware device.
ERROR: [Common 17-39] 'refresh_hw_device' failed due to earlier errors.
set_property PROBES.FILE {E:/AX7010_2023.1-course_s1_fpga-18_ad9238_hdmi/vivado_ad9238/vivado_ad9238.runs/impl_1/top.ltx} [get_hw_devices xc7z010_1]
set_property FULL_PROBES.FILE {E:/AX7010_2023.1-course_s1_fpga-18_ad9238_hdmi/vivado_ad9238/vivado_ad9238.runs/impl_1/top.ltx} [get_hw_devices xc7z010_1]
set_property PROGRAM.FILE {E:/AX7010_2023.1-course_s1_fpga-18_ad9238_hdmi/vivado_ad9238/vivado_ad9238.runs/impl_1/top.bit} [get_hw_devices xc7z010_1]
program_hw_devices [get_hw_devices xc7z010_1]
INFO: [Labtools 27-3164] End of startup status: HIGH
refresh_hw_device [lindex [get_hw_devices xc7z010_1] 0]
INFO: [Labtools 27-2302] Device xc7z010 (JTAG device index = 1) is programmed with a design that has 1 ILA core(s).
display_hw_ila_data [ get_hw_ila_data hw_ila_data_1 -of_objects [get_hw_ilas -of_objects [get_hw_devices xc7z010_1] -filter {CELL_NAME=~"ila_0_inst"}]]
ERROR: [Labtoolstcl 44-513] HW Target shutdown. Closing target: localhost:3121/xilinx_tcf/Digilent/210512180081
INFO: [Labtoolstcl 44-466] Opening hw_target localhost:3121/xilinx_tcf/Digilent/210512180081
WARNING: [Labtoolstcl 44-129] No matching hw_ila_data was found.
INFO: [Labtools 27-1434] Device xc7z010 (JTAG device index = 1) is programmed with a design that has no supported debug core(s) in it.
WARNING: [Labtools 27-3361] The debug hub core was not detected.
Resolution: 
1. Make sure the clock connected to the debug hub (dbg_hub) core is a free running clock and is active.
2. Make sure the BSCAN_SWITCH_USER_MASK device property in Vivado Hardware Manager reflects the user scan chain setting in the design and refresh the device.  To determine the user scan chain setting in the design, open the implemented design and use 'get_property C_USER_SCAN_CHAIN [get_debug_cores dbg_hub]'.
For more details on setting the scan chain property, consult the Vivado Debug and Programming User Guide (UG908).
WARNING: [Labtools 27-3413] Dropping logic core with cellname:'ila_0_inst' at location 'uuid_D8923DF3E0CA58EF8F947DE50E816F31' from probes file, since it cannot be found on the programmed device.
WARNING: [Labtoolstcl 44-129] No matching hw_ila_data was found.
ERROR: [Labtoolstcl 44-513] HW Target shutdown. Closing target: localhost:3121/xilinx_tcf/Digilent/210512180081
INFO: [Labtoolstcl 44-466] Opening hw_target localhost:3121/xilinx_tcf/Digilent/210512180081
WARNING: [Labtoolstcl 44-129] No matching hw_ila_data was found.
INFO: [Labtools 27-1434] Device xc7z010 (JTAG device index = 1) is programmed with a design that has no supported debug core(s) in it.
WARNING: [Labtools 27-3361] The debug hub core was not detected.
Resolution: 
1. Make sure the clock connected to the debug hub (dbg_hub) core is a free running clock and is active.
2. Make sure the BSCAN_SWITCH_USER_MASK device property in Vivado Hardware Manager reflects the user scan chain setting in the design and refresh the device.  To determine the user scan chain setting in the design, open the implemented design and use 'get_property C_USER_SCAN_CHAIN [get_debug_cores dbg_hub]'.
For more details on setting the scan chain property, consult the Vivado Debug and Programming User Guide (UG908).
WARNING: [Labtools 27-3413] Dropping logic core with cellname:'ila_0_inst' at location 'uuid_D8923DF3E0CA58EF8F947DE50E816F31' from probes file, since it cannot be found on the programmed device.
WARNING: [Labtoolstcl 44-129] No matching hw_ila_data was found.
set_property PROBES.FILE {E:/AX7010_2023.1-course_s1_fpga-18_ad9238_hdmi/vivado_ad9238/vivado_ad9238.runs/impl_1/top.ltx} [get_hw_devices xc7z010_1]
set_property FULL_PROBES.FILE {E:/AX7010_2023.1-course_s1_fpga-18_ad9238_hdmi/vivado_ad9238/vivado_ad9238.runs/impl_1/top.ltx} [get_hw_devices xc7z010_1]
set_property PROGRAM.FILE {E:/AX7010_2023.1-course_s1_fpga-18_ad9238_hdmi/vivado_ad9238/vivado_ad9238.runs/impl_1/top.bit} [get_hw_devices xc7z010_1]
program_hw_devices [get_hw_devices xc7z010_1]
INFO: [Labtools 27-3164] End of startup status: HIGH
refresh_hw_device [lindex [get_hw_devices xc7z010_1] 0]
INFO: [Labtools 27-2302] Device xc7z010 (JTAG device index = 1) is programmed with a design that has 1 ILA core(s).
display_hw_ila_data [ get_hw_ila_data hw_ila_data_1 -of_objects [get_hw_ilas -of_objects [get_hw_devices xc7z010_1] -filter {CELL_NAME=~"ila_0_inst"}]]
ERROR: [Labtoolstcl 44-513] HW Target shutdown. Closing target: localhost:3121/xilinx_tcf/Digilent/210512180081
INFO: [Labtoolstcl 44-466] Opening hw_target localhost:3121/xilinx_tcf/Digilent/210512180081
WARNING: [Labtoolstcl 44-129] No matching hw_ila_data was found.
INFO: [Labtools 27-1434] Device xc7z010 (JTAG device index = 1) is programmed with a design that has no supported debug core(s) in it.
WARNING: [Labtools 27-3361] The debug hub core was not detected.
Resolution: 
1. Make sure the clock connected to the debug hub (dbg_hub) core is a free running clock and is active.
2. Make sure the BSCAN_SWITCH_USER_MASK device property in Vivado Hardware Manager reflects the user scan chain setting in the design and refresh the device.  To determine the user scan chain setting in the design, open the implemented design and use 'get_property C_USER_SCAN_CHAIN [get_debug_cores dbg_hub]'.
For more details on setting the scan chain property, consult the Vivado Debug and Programming User Guide (UG908).
WARNING: [Labtools 27-3413] Dropping logic core with cellname:'ila_0_inst' at location 'uuid_D8923DF3E0CA58EF8F947DE50E816F31' from probes file, since it cannot be found on the programmed device.
WARNING: [Labtoolstcl 44-129] No matching hw_ila_data was found.
ERROR: [Labtoolstcl 44-513] HW Target shutdown. Closing target: localhost:3121/xilinx_tcf/Digilent/210512180081
INFO: [Labtoolstcl 44-466] Opening hw_target localhost:3121/xilinx_tcf/Digilent/210512180081
WARNING: [Labtoolstcl 44-129] No matching hw_ila_data was found.
INFO: [Labtools 27-1434] Device xc7z010 (JTAG device index = 1) is programmed with a design that has no supported debug core(s) in it.
WARNING: [Labtools 27-3361] The debug hub core was not detected.
Resolution: 
1. Make sure the clock connected to the debug hub (dbg_hub) core is a free running clock and is active.
2. Make sure the BSCAN_SWITCH_USER_MASK device property in Vivado Hardware Manager reflects the user scan chain setting in the design and refresh the device.  To determine the user scan chain setting in the design, open the implemented design and use 'get_property C_USER_SCAN_CHAIN [get_debug_cores dbg_hub]'.
For more details on setting the scan chain property, consult the Vivado Debug and Programming User Guide (UG908).
WARNING: [Labtools 27-3413] Dropping logic core with cellname:'ila_0_inst' at location 'uuid_D8923DF3E0CA58EF8F947DE50E816F31' from probes file, since it cannot be found on the programmed device.
WARNING: [Labtoolstcl 44-129] No matching hw_ila_data was found.
set_property PROBES.FILE {E:/AX7010_2023.1-course_s1_fpga-18_ad9238_hdmi/vivado_ad9238/vivado_ad9238.runs/impl_1/top.ltx} [get_hw_devices xc7z010_1]
set_property FULL_PROBES.FILE {E:/AX7010_2023.1-course_s1_fpga-18_ad9238_hdmi/vivado_ad9238/vivado_ad9238.runs/impl_1/top.ltx} [get_hw_devices xc7z010_1]
set_property PROGRAM.FILE {E:/AX7010_2023.1-course_s1_fpga-18_ad9238_hdmi/vivado_ad9238/vivado_ad9238.runs/impl_1/top.bit} [get_hw_devices xc7z010_1]
program_hw_devices [get_hw_devices xc7z010_1]
INFO: [Labtools 27-3164] End of startup status: HIGH
refresh_hw_device [lindex [get_hw_devices xc7z010_1] 0]
INFO: [Labtools 27-2302] Device xc7z010 (JTAG device index = 1) is programmed with a design that has 1 ILA core(s).
display_hw_ila_data [ get_hw_ila_data hw_ila_data_1 -of_objects [get_hw_ilas -of_objects [get_hw_devices xc7z010_1] -filter {CELL_NAME=~"ila_0_inst"}]]
run_hw_ila [get_hw_ilas -of_objects [get_hw_devices xc7z010_1] -filter {CELL_NAME=~"ila_0_inst"}]
INFO: [Labtools 27-1964] The ILA core 'hw_ila_1' trigger was armed at 2024-Nov-24 22:03:38
wait_on_hw_ila [get_hw_ilas -of_objects [get_hw_devices xc7z010_1] -filter {CELL_NAME=~"ila_0_inst"}]
display_hw_ila_data [upload_hw_ila_data [get_hw_ilas -of_objects [get_hw_devices xc7z010_1] -filter {CELL_NAME=~"ila_0_inst"}]]
INFO: [Labtools 27-1966] The ILA core 'hw_ila_1' triggered at 2024-Nov-24 22:03:38
INFO: [Labtools 27-3304] ILA Waveform data saved to file E:/AX7010_2023.1-course_s1_fpga-18_ad9238_hdmi/vivado_ad9238/vivado_ad9238.hw/backup/hw_ila_data_1.ila. Use Tcl command 'read_hw_ila_data' or Vivado File->Import->Import ILA Data menu item to import the previously saved data.
run_hw_ila [get_hw_ilas -of_objects [get_hw_devices xc7z010_1] -filter {CELL_NAME=~"ila_0_inst"}]
INFO: [Labtools 27-1964] The ILA core 'hw_ila_1' trigger was armed at 2024-Nov-24 22:03:41
wait_on_hw_ila [get_hw_ilas -of_objects [get_hw_devices xc7z010_1] -filter {CELL_NAME=~"ila_0_inst"}]
display_hw_ila_data [upload_hw_ila_data [get_hw_ilas -of_objects [get_hw_devices xc7z010_1] -filter {CELL_NAME=~"ila_0_inst"}]]
INFO: [Labtools 27-1966] The ILA core 'hw_ila_1' triggered at 2024-Nov-24 22:03:41
INFO: [Labtools 27-3304] ILA Waveform data saved to file E:/AX7010_2023.1-course_s1_fpga-18_ad9238_hdmi/vivado_ad9238/vivado_ad9238.hw/backup/hw_ila_data_1.ila. Use Tcl command 'read_hw_ila_data' or Vivado File->Import->Import ILA Data menu item to import the previously saved data.
run_hw_ila [get_hw_ilas -of_objects [get_hw_devices xc7z010_1] -filter {CELL_NAME=~"ila_0_inst"}]
INFO: [Labtools 27-1964] The ILA core 'hw_ila_1' trigger was armed at 2024-Nov-24 22:03:43
wait_on_hw_ila [get_hw_ilas -of_objects [get_hw_devices xc7z010_1] -filter {CELL_NAME=~"ila_0_inst"}]
display_hw_ila_data [upload_hw_ila_data [get_hw_ilas -of_objects [get_hw_devices xc7z010_1] -filter {CELL_NAME=~"ila_0_inst"}]]
INFO: [Labtools 27-1966] The ILA core 'hw_ila_1' triggered at 2024-Nov-24 22:03:43
INFO: [Labtools 27-3304] ILA Waveform data saved to file E:/AX7010_2023.1-course_s1_fpga-18_ad9238_hdmi/vivado_ad9238/vivado_ad9238.hw/backup/hw_ila_data_1.ila. Use Tcl command 'read_hw_ila_data' or Vivado File->Import->Import ILA Data menu item to import the previously saved data.
run_hw_ila [get_hw_ilas -of_objects [get_hw_devices xc7z010_1] -filter {CELL_NAME=~"ila_0_inst"}]
INFO: [Labtools 27-1964] The ILA core 'hw_ila_1' trigger was armed at 2024-Nov-24 22:03:46
wait_on_hw_ila [get_hw_ilas -of_objects [get_hw_devices xc7z010_1] -filter {CELL_NAME=~"ila_0_inst"}]
display_hw_ila_data [upload_hw_ila_data [get_hw_ilas -of_objects [get_hw_devices xc7z010_1] -filter {CELL_NAME=~"ila_0_inst"}]]
INFO: [Labtools 27-1966] The ILA core 'hw_ila_1' triggered at 2024-Nov-24 22:03:46
INFO: [Labtools 27-3304] ILA Waveform data saved to file E:/AX7010_2023.1-course_s1_fpga-18_ad9238_hdmi/vivado_ad9238/vivado_ad9238.hw/backup/hw_ila_data_1.ila. Use Tcl command 'read_hw_ila_data' or Vivado File->Import->Import ILA Data menu item to import the previously saved data.
run_hw_ila [get_hw_ilas -of_objects [get_hw_devices xc7z010_1] -filter {CELL_NAME=~"ila_0_inst"}]
INFO: [Labtools 27-1964] The ILA core 'hw_ila_1' trigger was armed at 2024-Nov-24 22:03:47
wait_on_hw_ila [get_hw_ilas -of_objects [get_hw_devices xc7z010_1] -filter {CELL_NAME=~"ila_0_inst"}]
display_hw_ila_data [upload_hw_ila_data [get_hw_ilas -of_objects [get_hw_devices xc7z010_1] -filter {CELL_NAME=~"ila_0_inst"}]]
INFO: [Labtools 27-1966] The ILA core 'hw_ila_1' triggered at 2024-Nov-24 22:03:47
INFO: [Labtools 27-3304] ILA Waveform data saved to file E:/AX7010_2023.1-course_s1_fpga-18_ad9238_hdmi/vivado_ad9238/vivado_ad9238.hw/backup/hw_ila_data_1.ila. Use Tcl command 'read_hw_ila_data' or Vivado File->Import->Import ILA Data menu item to import the previously saved data.
WARNING: [IP_Flow 19-4067] Ignoring invalid widget type specified checkbox.Providing a default widget
reset_run synth_1
WARNING: [Vivado 12-1017] Problems encountered:
1. Failed to delete one or more files in run directory E:/AX7010_2023.1-course_s1_fpga-18_ad9238_hdmi/vivado_ad9238/vivado_ad9238.runs/synth_1

launch_runs impl_1 -jobs 16
INFO: [Vivado 12-4149] The synthesis checkpoint for IP 'e:/AX7010_2023.1-course_s1_fpga-18_ad9238_hdmi/vivado_ad9238/vivado_ad9238.srcs/sources_1/ip/rom_tri/rom_tri.xci' is already up-to-date
WARNING: [Project 1-478] Design 'synth_1' is stale and will not be used when launching 'impl_1'
[Sun Nov 24 22:08:19 2024] Launched synth_1...
Run output will be captured here: E:/AX7010_2023.1-course_s1_fpga-18_ad9238_hdmi/vivado_ad9238/vivado_ad9238.runs/synth_1/runme.log
[Sun Nov 24 22:08:19 2024] Launched impl_1...
Run output will be captured here: E:/AX7010_2023.1-course_s1_fpga-18_ad9238_hdmi/vivado_ad9238/vivado_ad9238.runs/impl_1/runme.log
ERROR: [Labtoolstcl 44-513] HW Target shutdown. Closing target: localhost:3121/xilinx_tcf/Digilent/210512180081
INFO: [Labtoolstcl 44-466] Opening hw_target localhost:3121/xilinx_tcf/Digilent/210512180081
WARNING: [Labtoolstcl 44-129] No matching hw_ila_data was found.
INFO: [Labtools 27-1434] Device xc7z010 (JTAG device index = 1) is programmed with a design that has no supported debug core(s) in it.
ERROR: [Common 17-48] File not found: E:/AX7010_2023.1-course_s1_fpga-18_ad9238_hdmi/vivado_ad9238/vivado_ad9238.runs/impl_1/top.ltx
WARNING: [Labtoolstcl 44-129] No matching hw_ila_data was found.
ERROR: [Labtoolstcl 44-513] HW Target shutdown. Closing target: localhost:3121/xilinx_tcf/Digilent/210512180081
launch_runs impl_1 -to_step write_bitstream -jobs 16
INFO: [Vivado 12-4149] The synthesis checkpoint for IP 'e:/AX7010_2023.1-course_s1_fpga-18_ad9238_hdmi/vivado_ad9238/vivado_ad9238.srcs/sources_1/ip/rom_tri/rom_tri.xci' is already up-to-date
[Sun Nov 24 22:10:15 2024] Launched impl_1...
Run output will be captured here: E:/AX7010_2023.1-course_s1_fpga-18_ad9238_hdmi/vivado_ad9238/vivado_ad9238.runs/impl_1/runme.log
INFO: [Labtoolstcl 44-466] Opening hw_target localhost:3121/xilinx_tcf/Digilent/210512180081
WARNING: [Labtoolstcl 44-129] No matching hw_ila_data was found.
INFO: [Labtools 27-1434] Device xc7z010 (JTAG device index = 1) is programmed with a design that has no supported debug core(s) in it.
WARNING: [Labtools 27-3361] The debug hub core was not detected.
Resolution: 
1. Make sure the clock connected to the debug hub (dbg_hub) core is a free running clock and is active.
2. Make sure the BSCAN_SWITCH_USER_MASK device property in Vivado Hardware Manager reflects the user scan chain setting in the design and refresh the device.  To determine the user scan chain setting in the design, open the implemented design and use 'get_property C_USER_SCAN_CHAIN [get_debug_cores dbg_hub]'.
For more details on setting the scan chain property, consult the Vivado Debug and Programming User Guide (UG908).
WARNING: [Labtools 27-3413] Dropping logic core with cellname:'ila_0_inst' at location 'uuid_D8923DF3E0CA58EF8F947DE50E816F31' from probes file, since it cannot be found on the programmed device.
WARNING: [Labtoolstcl 44-129] No matching hw_ila_data was found.
set_property PROBES.FILE {E:/AX7010_2023.1-course_s1_fpga-18_ad9238_hdmi/vivado_ad9238/vivado_ad9238.runs/impl_1/top.ltx} [get_hw_devices xc7z010_1]
set_property FULL_PROBES.FILE {E:/AX7010_2023.1-course_s1_fpga-18_ad9238_hdmi/vivado_ad9238/vivado_ad9238.runs/impl_1/top.ltx} [get_hw_devices xc7z010_1]
set_property PROGRAM.FILE {E:/AX7010_2023.1-course_s1_fpga-18_ad9238_hdmi/vivado_ad9238/vivado_ad9238.runs/impl_1/top.bit} [get_hw_devices xc7z010_1]
program_hw_devices [get_hw_devices xc7z010_1]
INFO: [Labtools 27-3164] End of startup status: HIGH
refresh_hw_device [lindex [get_hw_devices xc7z010_1] 0]
INFO: [Labtools 27-2302] Device xc7z010 (JTAG device index = 1) is programmed with a design that has 1 ILA core(s).
display_hw_ila_data [ get_hw_ila_data hw_ila_data_1 -of_objects [get_hw_ilas -of_objects [get_hw_devices xc7z010_1] -filter {CELL_NAME=~"ila_0_inst"}]]
WARNING: Simulation object MISO_IBUF was not found in the design.
run_hw_ila [get_hw_ilas -of_objects [get_hw_devices xc7z010_1] -filter {CELL_NAME=~"ila_0_inst"}]
INFO: [Labtools 27-1964] The ILA core 'hw_ila_1' trigger was armed at 2024-Nov-24 22:11:45
wait_on_hw_ila [get_hw_ilas -of_objects [get_hw_devices xc7z010_1] -filter {CELL_NAME=~"ila_0_inst"}]
display_hw_ila_data [upload_hw_ila_data [get_hw_ilas -of_objects [get_hw_devices xc7z010_1] -filter {CELL_NAME=~"ila_0_inst"}]]
INFO: [Labtools 27-1966] The ILA core 'hw_ila_1' triggered at 2024-Nov-24 22:11:45
INFO: [Labtools 27-3304] ILA Waveform data saved to file E:/AX7010_2023.1-course_s1_fpga-18_ad9238_hdmi/vivado_ad9238/vivado_ad9238.hw/backup/hw_ila_data_1.ila. Use Tcl command 'read_hw_ila_data' or Vivado File->Import->Import ILA Data menu item to import the previously saved data.
run_hw_ila [get_hw_ilas -of_objects [get_hw_devices xc7z010_1] -filter {CELL_NAME=~"ila_0_inst"}]
INFO: [Labtools 27-1964] The ILA core 'hw_ila_1' trigger was armed at 2024-Nov-24 22:11:47
wait_on_hw_ila [get_hw_ilas -of_objects [get_hw_devices xc7z010_1] -filter {CELL_NAME=~"ila_0_inst"}]
display_hw_ila_data [upload_hw_ila_data [get_hw_ilas -of_objects [get_hw_devices xc7z010_1] -filter {CELL_NAME=~"ila_0_inst"}]]
INFO: [Labtools 27-1966] The ILA core 'hw_ila_1' triggered at 2024-Nov-24 22:11:47
INFO: [Labtools 27-3304] ILA Waveform data saved to file E:/AX7010_2023.1-course_s1_fpga-18_ad9238_hdmi/vivado_ad9238/vivado_ad9238.hw/backup/hw_ila_data_1.ila. Use Tcl command 'read_hw_ila_data' or Vivado File->Import->Import ILA Data menu item to import the previously saved data.
run_hw_ila [get_hw_ilas -of_objects [get_hw_devices xc7z010_1] -filter {CELL_NAME=~"ila_0_inst"}]
INFO: [Labtools 27-1964] The ILA core 'hw_ila_1' trigger was armed at 2024-Nov-24 22:11:48
wait_on_hw_ila [get_hw_ilas -of_objects [get_hw_devices xc7z010_1] -filter {CELL_NAME=~"ila_0_inst"}]
display_hw_ila_data [upload_hw_ila_data [get_hw_ilas -of_objects [get_hw_devices xc7z010_1] -filter {CELL_NAME=~"ila_0_inst"}]]
INFO: [Labtools 27-1966] The ILA core 'hw_ila_1' triggered at 2024-Nov-24 22:11:48
INFO: [Labtools 27-3304] ILA Waveform data saved to file E:/AX7010_2023.1-course_s1_fpga-18_ad9238_hdmi/vivado_ad9238/vivado_ad9238.hw/backup/hw_ila_data_1.ila. Use Tcl command 'read_hw_ila_data' or Vivado File->Import->Import ILA Data menu item to import the previously saved data.
run_hw_ila [get_hw_ilas -of_objects [get_hw_devices xc7z010_1] -filter {CELL_NAME=~"ila_0_inst"}]
INFO: [Labtools 27-1964] The ILA core 'hw_ila_1' trigger was armed at 2024-Nov-24 22:11:50
wait_on_hw_ila [get_hw_ilas -of_objects [get_hw_devices xc7z010_1] -filter {CELL_NAME=~"ila_0_inst"}]
display_hw_ila_data [upload_hw_ila_data [get_hw_ilas -of_objects [get_hw_devices xc7z010_1] -filter {CELL_NAME=~"ila_0_inst"}]]
INFO: [Labtools 27-1966] The ILA core 'hw_ila_1' triggered at 2024-Nov-24 22:11:50
INFO: [Labtools 27-3304] ILA Waveform data saved to file E:/AX7010_2023.1-course_s1_fpga-18_ad9238_hdmi/vivado_ad9238/vivado_ad9238.hw/backup/hw_ila_data_1.ila. Use Tcl command 'read_hw_ila_data' or Vivado File->Import->Import ILA Data menu item to import the previously saved data.
WARNING: [IP_Flow 19-4067] Ignoring invalid widget type specified checkbox.Providing a default widget
set_property -dict [list CONFIG.C_DATA_DEPTH {2048}] [get_ips ila_0]
generate_target all [get_files  e:/AX7010_2023.1-course_s1_fpga-18_ad9238_hdmi/vivado_ad9238/vivado_ad9238.srcs/sources_1/ip/ila_0/ila_0.xci]
INFO: [IP_Flow 19-1686] Generating 'Instantiation Template' target for IP 'ila_0'...
INFO: [IP_Flow 19-1686] Generating 'Synthesis' target for IP 'ila_0'...
WARNING: [IP_Flow 19-4994] Overwriting existing constraint file 'e:/AX7010_2023.1-course_s1_fpga-18_ad9238_hdmi/vivado_ad9238/vivado_ad9238.srcs/sources_1/ip/ila_0/ila_0_ooc.xdc'
INFO: [IP_Flow 19-1686] Generating 'Simulation' target for IP 'ila_0'...
INFO: [IP_Flow 19-1686] Generating 'Implementation' target for IP 'ila_0'...
INFO: [IP_Flow 19-1686] Generating 'Change Log' target for IP 'ila_0'...
catch { config_ip_cache -export [get_ips -all ila_0] }
export_ip_user_files -of_objects [get_files e:/AX7010_2023.1-course_s1_fpga-18_ad9238_hdmi/vivado_ad9238/vivado_ad9238.srcs/sources_1/ip/ila_0/ila_0.xci] -no_script -sync -force -quiet
reset_run ila_0_synth_1
WARNING: [Vivado 12-1017] Problems encountered:
1. Failed to delete one or more files in run directory E:/AX7010_2023.1-course_s1_fpga-18_ad9238_hdmi/vivado_ad9238/vivado_ad9238.runs/ila_0_synth_1

launch_runs ila_0_synth_1 -jobs 16
[Sun Nov 24 22:12:36 2024] Launched ila_0_synth_1...
Run output will be captured here: E:/AX7010_2023.1-course_s1_fpga-18_ad9238_hdmi/vivado_ad9238/vivado_ad9238.runs/ila_0_synth_1/runme.log
export_simulation -of_objects [get_files e:/AX7010_2023.1-course_s1_fpga-18_ad9238_hdmi/vivado_ad9238/vivado_ad9238.srcs/sources_1/ip/ila_0/ila_0.xci] -directory E:/AX7010_2023.1-course_s1_fpga-18_ad9238_hdmi/vivado_ad9238/vivado_ad9238.ip_user_files/sim_scripts -ip_user_files_dir E:/AX7010_2023.1-course_s1_fpga-18_ad9238_hdmi/vivado_ad9238/vivado_ad9238.ip_user_files -ipstatic_source_dir E:/AX7010_2023.1-course_s1_fpga-18_ad9238_hdmi/vivado_ad9238/vivado_ad9238.ip_user_files/ipstatic -lib_map_path [list {modelsim=E:/AX7010_2023.1-course_s1_fpga-18_ad9238_hdmi/vivado_ad9238/vivado_ad9238.cache/compile_simlib/modelsim} {questa=E:/AX7010_2023.1-course_s1_fpga-18_ad9238_hdmi/vivado_ad9238/vivado_ad9238.cache/compile_simlib/questa} {riviera=E:/AX7010_2023.1-course_s1_fpga-18_ad9238_hdmi/vivado_ad9238/vivado_ad9238.cache/compile_simlib/riviera} {activehdl=E:/AX7010_2023.1-course_s1_fpga-18_ad9238_hdmi/vivado_ad9238/vivado_ad9238.cache/compile_simlib/activehdl}] -use_ip_compiled_libs -force -quiet
reset_run synth_1
WARNING: [Vivado 12-1017] Problems encountered:
1. Failed to delete one or more files in run directory E:/AX7010_2023.1-course_s1_fpga-18_ad9238_hdmi/vivado_ad9238/vivado_ad9238.runs/synth_1

launch_runs synth_1 -jobs 16
INFO: [Vivado 12-4149] The synthesis checkpoint for IP 'e:/AX7010_2023.1-course_s1_fpga-18_ad9238_hdmi/vivado_ad9238/vivado_ad9238.srcs/sources_1/ip/rom_tri/rom_tri.xci' is already up-to-date
[Sun Nov 24 22:12:46 2024] Launched ila_0_synth_1...
Run output will be captured here: E:/AX7010_2023.1-course_s1_fpga-18_ad9238_hdmi/vivado_ad9238/vivado_ad9238.runs/ila_0_synth_1/runme.log
[Sun Nov 24 22:12:47 2024] Launched synth_1...
Run output will be captured here: E:/AX7010_2023.1-course_s1_fpga-18_ad9238_hdmi/vivado_ad9238/vivado_ad9238.runs/synth_1/runme.log
close_design
open_run synth_1 -name synth_1
Design is defaulting to impl run constrset: constrs_1
Design is defaulting to synth run part: xc7z010clg400-1
INFO: [Project 1-454] Reading design checkpoint 'e:/AX7010_2023.1-course_s1_fpga-18_ad9238_hdmi/vivado_ad9238/vivado_ad9238.srcs/sources_1/ip/adc_pll/adc_pll.dcp' for cell 'adc_pll_m0'
INFO: [Project 1-454] Reading design checkpoint 'e:/AX7010_2023.1-course_s1_fpga-18_ad9238_hdmi/vivado_ad9238/vivado_ad9238.srcs/sources_1/ip/ila_0/ila_0.dcp' for cell 'ila_0_inst'
INFO: [Project 1-454] Reading design checkpoint 'e:/AX7010_2023.1-course_s1_fpga-18_ad9238_hdmi/vivado_ad9238/vivado_ad9238.srcs/sources_1/ip/rgb2dvi_0/rgb2dvi_0.dcp' for cell 'rgb2dvi_m0'
INFO: [Project 1-454] Reading design checkpoint 'e:/AX7010_2023.1-course_s1_fpga-18_ad9238_hdmi/vivado_ad9238/vivado_ad9238.srcs/sources_1/ip/video_pll/video_pll.dcp' for cell 'video_pll_m0'
INFO: [Project 1-454] Reading design checkpoint 'e:/AX7010_2023.1-course_s1_fpga-18_ad9238_hdmi/vivado_ad9238/vivado_ad9238.srcs/sources_1/ip/dpram2048x8/dpram2048x8.dcp' for cell 'wav_display_m0/buffer'
INFO: [Project 1-454] Reading design checkpoint 'e:/AX7010_2023.1-course_s1_fpga-18_ad9238_hdmi/vivado_ad9238/vivado_ad9238.srcs/sources_1/ip/clk_wiz_0/clk_wiz_0.dcp' for cell 'wave_inst/wave_clk/clk_generator'
INFO: [Project 1-454] Reading design checkpoint 'e:/AX7010_2023.1-course_s1_fpga-18_ad9238_hdmi/vivado_ad9238/vivado_ad9238.srcs/sources_1/ip/rom_tri/rom_tri.dcp' for cell 'wave_inst/wave_comparator/rom_ip1'
INFO: [Project 1-454] Reading design checkpoint 'e:/AX7010_2023.1-course_s1_fpga-18_ad9238_hdmi/vivado_ad9238/vivado_ad9238.srcs/sources_1/ip/rom_sin/rom_sin.dcp' for cell 'wave_inst/wave_comparator/rom_ip2'
Netlist sorting complete. Time (s): cpu = 00:00:01 ; elapsed = 00:00:00.048 . Memory (MB): peak = 5226.227 ; gain = 0.000
INFO: [Netlist 29-17] Analyzing 189 Unisim elements for replacement
INFO: [Netlist 29-28] Unisim Transformation completed in 0 CPU seconds
INFO: [Project 1-479] Netlist was created with Vivado 2020.1
INFO: [Project 1-570] Preparing netlist for logic optimization
WARNING: [Opt 31-35] Removing redundant IBUF, video_pll_m0/inst/clkin1_ibufg, from the path connected to top-level port: sys_clk 
Resolution: The tool has removed redundant IBUF. To resolve this warning, check for redundant IBUF in the input design.
WARNING: [Constraints 18-550] Could not create 'IBUF_LOW_PWR' constraint because net 'video_pll_m0/clk_in1' is not directly connected to top level port. Synthesis is ignored for IBUF_LOW_PWR but preserved for implementation.
INFO: [Chipscope 16-324] Core: ila_0_inst UUID: d8923df3-e0ca-58ef-8f94-7de50e816f31 
Parsing XDC File [e:/AX7010_2023.1-course_s1_fpga-18_ad9238_hdmi/vivado_ad9238/vivado_ad9238.srcs/sources_1/ip/rgb2dvi_0/src/rgb2dvi.xdc] for cell 'rgb2dvi_m0/U0'
Finished Parsing XDC File [e:/AX7010_2023.1-course_s1_fpga-18_ad9238_hdmi/vivado_ad9238/vivado_ad9238.srcs/sources_1/ip/rgb2dvi_0/src/rgb2dvi.xdc] for cell 'rgb2dvi_m0/U0'
Parsing XDC File [e:/AX7010_2023.1-course_s1_fpga-18_ad9238_hdmi/vivado_ad9238/vivado_ad9238.srcs/sources_1/ip/video_pll/video_pll_board.xdc] for cell 'video_pll_m0/inst'
Finished Parsing XDC File [e:/AX7010_2023.1-course_s1_fpga-18_ad9238_hdmi/vivado_ad9238/vivado_ad9238.srcs/sources_1/ip/video_pll/video_pll_board.xdc] for cell 'video_pll_m0/inst'
Parsing XDC File [e:/AX7010_2023.1-course_s1_fpga-18_ad9238_hdmi/vivado_ad9238/vivado_ad9238.srcs/sources_1/ip/video_pll/video_pll.xdc] for cell 'video_pll_m0/inst'
INFO: [Timing 38-35] Done setting XDC timing constraints. [e:/AX7010_2023.1-course_s1_fpga-18_ad9238_hdmi/vivado_ad9238/vivado_ad9238.srcs/sources_1/ip/video_pll/video_pll.xdc:57]
INFO: [Timing 38-2] Deriving generated clocks [e:/AX7010_2023.1-course_s1_fpga-18_ad9238_hdmi/vivado_ad9238/vivado_ad9238.srcs/sources_1/ip/video_pll/video_pll.xdc:57]
Finished Parsing XDC File [e:/AX7010_2023.1-course_s1_fpga-18_ad9238_hdmi/vivado_ad9238/vivado_ad9238.srcs/sources_1/ip/video_pll/video_pll.xdc] for cell 'video_pll_m0/inst'
Parsing XDC File [e:/AX7010_2023.1-course_s1_fpga-18_ad9238_hdmi/vivado_ad9238/vivado_ad9238.srcs/sources_1/ip/adc_pll/adc_pll_board.xdc] for cell 'adc_pll_m0/inst'
Finished Parsing XDC File [e:/AX7010_2023.1-course_s1_fpga-18_ad9238_hdmi/vivado_ad9238/vivado_ad9238.srcs/sources_1/ip/adc_pll/adc_pll_board.xdc] for cell 'adc_pll_m0/inst'
Parsing XDC File [e:/AX7010_2023.1-course_s1_fpga-18_ad9238_hdmi/vivado_ad9238/vivado_ad9238.srcs/sources_1/ip/adc_pll/adc_pll.xdc] for cell 'adc_pll_m0/inst'
Finished Parsing XDC File [e:/AX7010_2023.1-course_s1_fpga-18_ad9238_hdmi/vivado_ad9238/vivado_ad9238.srcs/sources_1/ip/adc_pll/adc_pll.xdc] for cell 'adc_pll_m0/inst'
Parsing XDC File [e:/AX7010_2023.1-course_s1_fpga-18_ad9238_hdmi/vivado_ad9238/vivado_ad9238.srcs/sources_1/ip/ila_0/ila_v6_2/constraints/ila_impl.xdc] for cell 'ila_0_inst/inst'
Finished Parsing XDC File [e:/AX7010_2023.1-course_s1_fpga-18_ad9238_hdmi/vivado_ad9238/vivado_ad9238.srcs/sources_1/ip/ila_0/ila_v6_2/constraints/ila_impl.xdc] for cell 'ila_0_inst/inst'
Parsing XDC File [e:/AX7010_2023.1-course_s1_fpga-18_ad9238_hdmi/vivado_ad9238/vivado_ad9238.srcs/sources_1/ip/ila_0/ila_v6_2/constraints/ila.xdc] for cell 'ila_0_inst/inst'
Finished Parsing XDC File [e:/AX7010_2023.1-course_s1_fpga-18_ad9238_hdmi/vivado_ad9238/vivado_ad9238.srcs/sources_1/ip/ila_0/ila_v6_2/constraints/ila.xdc] for cell 'ila_0_inst/inst'
Parsing XDC File [e:/AX7010_2023.1-course_s1_fpga-18_ad9238_hdmi/vivado_ad9238/vivado_ad9238.srcs/sources_1/ip/clk_wiz_0/clk_wiz_0_board.xdc] for cell 'wave_inst/wave_clk/clk_generator/inst'
Finished Parsing XDC File [e:/AX7010_2023.1-course_s1_fpga-18_ad9238_hdmi/vivado_ad9238/vivado_ad9238.srcs/sources_1/ip/clk_wiz_0/clk_wiz_0_board.xdc] for cell 'wave_inst/wave_clk/clk_generator/inst'
Parsing XDC File [e:/AX7010_2023.1-course_s1_fpga-18_ad9238_hdmi/vivado_ad9238/vivado_ad9238.srcs/sources_1/ip/clk_wiz_0/clk_wiz_0.xdc] for cell 'wave_inst/wave_clk/clk_generator/inst'
Finished Parsing XDC File [e:/AX7010_2023.1-course_s1_fpga-18_ad9238_hdmi/vivado_ad9238/vivado_ad9238.srcs/sources_1/ip/clk_wiz_0/clk_wiz_0.xdc] for cell 'wave_inst/wave_clk/clk_generator/inst'
Parsing XDC File [E:/AX7010_2023.1-course_s1_fpga-18_ad9238_hdmi/vivado_ad9238/vivado_ad9238.srcs/constrs_1/new/ad9238_hdmi.xdc]
Finished Parsing XDC File [E:/AX7010_2023.1-course_s1_fpga-18_ad9238_hdmi/vivado_ad9238/vivado_ad9238.srcs/constrs_1/new/ad9238_hdmi.xdc]
Parsing XDC File [e:/AX7010_2023.1-course_s1_fpga-18_ad9238_hdmi/vivado_ad9238/vivado_ad9238.srcs/sources_1/ip/rgb2dvi_0/src/rgb2dvi_clocks.xdc] for cell 'rgb2dvi_m0/U0'
Finished Parsing XDC File [e:/AX7010_2023.1-course_s1_fpga-18_ad9238_hdmi/vivado_ad9238/vivado_ad9238.srcs/sources_1/ip/rgb2dvi_0/src/rgb2dvi_clocks.xdc] for cell 'rgb2dvi_m0/U0'
Parsing XDC File [e:/AX7010_2023.1-course_s1_fpga-18_ad9238_hdmi/vivado_ad9238/vivado_ad9238.srcs/sources_1/ip/adc_pll/adc_pll_late.xdc] for cell 'adc_pll_m0/inst'
Finished Parsing XDC File [e:/AX7010_2023.1-course_s1_fpga-18_ad9238_hdmi/vivado_ad9238/vivado_ad9238.srcs/sources_1/ip/adc_pll/adc_pll_late.xdc] for cell 'adc_pll_m0/inst'
INFO: [Opt 31-138] Pushed 0 inverter(s) to 0 load pin(s).
Netlist sorting complete. Time (s): cpu = 00:00:00 ; elapsed = 00:00:00.001 . Memory (MB): peak = 5226.227 ; gain = 0.000
INFO: [Project 1-111] Unisim Transformation Summary:
  A total of 60 instances were transformed.
  CFGLUT5 => CFGLUT5 (SRL16E, SRLC32E): 60 instances

open_run: Time (s): cpu = 00:00:03 ; elapsed = 00:00:05 . Memory (MB): peak = 5226.227 ; gain = 0.000
launch_runs impl_1 -jobs 16
INFO: [Vivado 12-4149] The synthesis checkpoint for IP 'e:/AX7010_2023.1-course_s1_fpga-18_ad9238_hdmi/vivado_ad9238/vivado_ad9238.srcs/sources_1/ip/rom_tri/rom_tri.xci' is already up-to-date
INFO: [Timing 38-480] Writing timing data to binary archive.
Writing placer database...
Writing XDEF routing.
Writing XDEF routing logical nets.
Writing XDEF routing special nets.
Write XDEF Complete: Time (s): cpu = 00:00:00 ; elapsed = 00:00:00.107 . Memory (MB): peak = 5226.227 ; gain = 0.000
[Sun Nov 24 22:16:31 2024] Launched impl_1...
Run output will be captured here: E:/AX7010_2023.1-course_s1_fpga-18_ad9238_hdmi/vivado_ad9238/vivado_ad9238.runs/impl_1/runme.log
launch_runs impl_1 -to_step write_bitstream -jobs 16
INFO: [Vivado 12-4149] The synthesis checkpoint for IP 'e:/AX7010_2023.1-course_s1_fpga-18_ad9238_hdmi/vivado_ad9238/vivado_ad9238.srcs/sources_1/ip/rom_tri/rom_tri.xci' is already up-to-date
[Sun Nov 24 22:18:20 2024] Launched impl_1...
Run output will be captured here: E:/AX7010_2023.1-course_s1_fpga-18_ad9238_hdmi/vivado_ad9238/vivado_ad9238.runs/impl_1/runme.log
save_wave_config {E:/AX7010_2023.1-course_s1_fpga-18_ad9238_hdmi/vivado_ad9238/vivado_ad9238.hw/hw_1/wave/hw_ila_data_1/hw_ila_data_1.wcfg}
exit
INFO: [Common 17-206] Exiting Vivado at Sun Nov 24 22:53:31 2024...
